DeviceID: MARS-HOMER,,,,,,,,,,,,,,,,,,,,,,,,,,,,,
runTime,packetNumber,status,errorString,limb,calib,limbkinparam,limbdynparam,angle1,angle2,angle3,angle4,force,torque,epx,epy,epz,phi1,phi2,phi3,imuangle1,imuangle2,imuangle3,imuangle4,marbtn,calibbtn,target,desired,control,simulateAng1JumpCmd
34.683,3285,51,NOERROR,2,1,,,-71.49461,-2.199368,2.857244,8.089264,2.933559,,,,,,,,3.055731,-2.076957,4.042699,5.693692,1,,-93.21089,-75.86648,-2135.794,0
34.69,3286,51,NOERROR,2,1,,,-71.6739,-2.199368,2.769353,8.089264,2.933559,,,,,,,,3.055731,-2.076957,4.042699,5.693692,1,,-93.21089,-76.02161,-1959.929,0
34.697,3287,51,NOERROR,2,1,,,-71.854,-2.199368,2.681463,8.089264,2.930711,,,,,,,,3.055731,-2.076957,4.042699,5.693692,1,,-93.21089,-76.1761,-1938.786,0
34.705,3288,51,NOERROR,2,1,,,-72.02914,-2.199368,2.681463,8.089264,2.930711,,,,,,,,3.055731,-2.076957,4.042699,5.693692,1,,-93.21089,-76.35196,-2152.654,0
34.712,3289,51,NOERROR,2,1,,,-72.19887,-2.199368,2.593572,8.089264,2.926965,,,,,,,,3.055731,-2.076957,4.042699,5.693692,1,,-93.21089,-76.50508,-2013.249,0
34.72,3290,51,NOERROR,2,1,,,-72.36902,-2.199368,2.505681,8.089264,2.927264,,,,,,,,3.055731,-2.076957,4.042699,5.693692,1,,-93.21089,-76.67928,-2176.486,0
34.727,3291,51,NOERROR,2,1,,,-72.53793,-2.199368,2.417791,8.089264,2.927264,,,,,,,,3.055731,-2.076957,4.042699,5.693692,1,,-93.21089,-76.83103,-2009.96,0
34.735,3292,51,NOERROR,2,1,,,-72.71181,-2.199368,2.417791,8.089264,2.927264,,,,,,,,3.055731,-2.076957,4.042699,5.693692,1,,-93.21089,-77.00365,-2137.801,0
34.742,3293,51,NOERROR,2,1,,,-72.88238,-2.199368,2.3299,8.089264,2.918123,,,,,,,,3.055731,-2.076957,4.042699,5.693692,1,,-93.21089,-77.15401,-1982.391,0
34.75,3294,51,NOERROR,2,1,,,-73.05626,-2.199368,2.242009,8.089264,2.918123,,,,,,,,3.055731,-2.076957,4.042699,5.693692,1,,-93.21089,-77.32504,-2122.413,0
34.757,3295,51,NOERROR,2,1,,,-73.22765,-2.199368,2.242009,8.089264,2.914826,,,,,,,,3.055731,-2.076957,4.042699,5.693692,1,,-93.21089,-77.47398,-1959.647,0
34.765,3296,51,NOERROR,2,1,,,-73.39947,-2.199368,2.154119,8.089264,2.914826,,,,,,,,3.055731,-2.076957,4.042699,5.693692,1,,-93.21089,-77.64339,-2120.287,0
34.772,3297,51,NOERROR,2,1,,,-73.56547,-2.199368,2.154119,8.089264,2.912878,,,,,,,,3.055731,-2.076957,4.042699,5.693692,1,,-93.21089,-77.79093,-1989.282,0
34.78,3298,51,NOERROR,2,1,,,-73.72856,-2.199368,2.066228,8.089264,2.915425,,,,,,,,3.055731,-2.076957,4.042699,5.693692,1,,-93.21089,-77.95872,-2168.18,0
34.787,3299,51,NOERROR,2,1,,,-73.88834,-2.199368,1.978338,8.089264,2.915425,,,,,,,,3.055731,-2.076957,4.042699,5.693692,1,,-93.21089,-78.10485,-2030.299,0
34.795,3300,51,NOERROR,2,1,,,-74.04811,-2.111478,1.978338,8.089264,2.922019,,,,,,,,3.055731,-2.076957,4.042699,5.693692,1,,-93.21089,-78.271,-2182.291,0
34.802,3301,51,NOERROR,2,1,,,-74.2083,-2.111478,1.890447,8.089264,2.922019,,,,,,,,3.055731,-2.076957,4.042699,5.693692,1,,-93.21089,-78.41568,-2018.903,0
34.809,3302,51,NOERROR,2,1,,,-74.37057,-2.111478,1.890447,8.089264,2.925916,,,,,,,,3.055731,-2.076957,4.042699,5.693692,1,,-93.21089,-78.55969,-1991.948,0
34.817,3303,51,NOERROR,2,1,,,-74.532,-2.111478,1.802556,8.089264,2.938954,,,,,,,,3.055731,-2.076957,4.042699,5.693692,1,,-93.21089,-78.72351,-2150.028,0
34.824,3304,51,NOERROR,2,1,,,-74.69136,-2.111478,1.802556,8.001373,2.938954,,,,,,,,3.055731,-2.076957,4.042699,5.693692,1,,-93.21089,-78.86607,-2003.831,0
34.832,3305,51,NOERROR,2,1,,,-74.84865,-2.111478,1.714666,8.001373,2.937605,,,,,,,,3.055731,-2.076957,4.042699,5.693692,1,,-93.21089,-79.02814,-2166.769,0
34.839,3306,51,NOERROR,2,1,,,-75.00552,-2.111478,1.714666,8.001373,2.95379,,,,,,,,3.055731,-2.076957,4.042699,5.693692,1,,-93.21089,-79.16925,-2013.991,0
34.847,3307,51,NOERROR,2,1,,,-75.16114,-2.111478,1.714666,8.001373,2.95379,,,,,,,,3.055731,-2.076957,4.042699,5.693692,1,,-93.21089,-79.32966,-2167.861,0
34.854,3308,51,NOERROR,2,1,,,-75.31261,-2.111478,1.626775,8.001373,2.967577,,,,,,,,3.055731,-2.076957,4.042699,5.693692,1,,-93.21089,-79.46928,-2047.675,0
34.862,3309,51,NOERROR,2,1,,,-75.46616,-2.111478,1.626775,8.001373,2.967577,,,,,,,,3.055731,-2.076957,4.042699,5.693692,1,,-93.21089,-79.628,-2173.572,0
34.869,3310,51,NOERROR,2,1,,,-75.61806,-2.023587,1.626775,8.001373,2.980765,,,,,,,,3.055731,-2.076957,4.042699,5.693692,1,,-93.21089,-79.76615,-2036.548,0
34.877,3311,51,NOERROR,2,1,,,-75.77617,-2.023587,1.626775,8.001373,2.993953,,,,,,,,3.055731,-2.076957,4.042699,5.693692,1,,-93.21089,-79.92317,-2132.524,0
34.884,3312,51,NOERROR,2,1,,,-75.93429,-2.023587,1.626775,8.001373,2.993953,,,,,,,,3.055731,-2.076957,4.042699,5.693692,1,,-93.21089,-80.05984,-1974.273,0
34.892,3313,51,NOERROR,2,1,,,-76.09282,-2.023587,1.626775,8.001373,2.99725,,,,,,,,3.055731,-2.076957,4.042699,5.693692,1,,-93.21089,-80.21516,-2113.304,0
34.899,3314,51,NOERROR,2,1,,,-76.24761,-2.023587,1.626775,8.001373,3.009089,,,,,,,,3.055731,-2.076957,4.042699,5.693692,1,,-93.21089,-80.35032,-1984.679,0
34.907,3315,51,NOERROR,2,1,,,-76.39992,-2.023587,1.626775,8.001373,3.009089,,,,,,,,3.055731,-2.076957,4.042699,5.693692,1,,-93.21089,-80.50401,-2140.281,0
34.914,3316,51,NOERROR,2,1,,,-76.54973,-2.023587,1.626775,8.001373,3.017182,,,,,,,,3.055731,-2.076957,4.042699,5.693692,1,,-93.21089,-80.63766,-2011.087,0
34.921,3317,51,NOERROR,2,1,,,-76.70328,-2.111478,1.626775,8.001373,3.017182,,,,,,,,3.055731,-2.076957,4.042699,5.693692,1,,-93.21089,-80.77061,-1971.083,0
34.929,3318,51,NOERROR,2,1,,,-76.85351,-2.111478,1.626775,8.001373,3.023926,,,,,,,,3.055731,-2.076957,4.042699,5.693692,1,,-93.21089,-80.92169,-2129.122,0
34.936,3319,51,NOERROR,2,1,,,-77.00581,-2.111478,1.714666,8.001373,3.032618,,,,,,,,3.055731,-2.076957,4.042699,5.693692,1,,-93.21089,-81.05313,-1966.774,0
34.944,3320,51,NOERROR,2,1,,,-77.15895,-2.111478,1.714666,8.001373,3.032618,,,,,,,,3.055731,-2.076957,4.042699,5.693692,1,,-93.21089,-81.20247,-2094.106,0
34.951,3321,51,NOERROR,2,1,,,-77.31582,-2.111478,1.714666,8.001373,3.027523,,,,,,,,3.055731,-2.076957,4.042699,5.693692,1,,-93.21089,-81.33237,-1913.052,0
34.959,3322,51,NOERROR,2,1,,,-77.47311,-2.111478,1.714666,8.001373,3.043708,,,,,,,,3.055731,-2.076957,4.042699,5.693692,1,,-93.21089,-81.47997,-2044.918,0
34.966,3323,51,NOERROR,2,1,,,-77.62417,-2.111478,1.714666,8.001373,3.043708,,,,,,,,3.055731,-2.076957,4.042699,5.693692,1,,-93.21089,-81.60835,-1937.267,0
34.974,3324,51,NOERROR,2,1,,,-77.77274,-2.111478,1.802556,8.001373,3.046255,,,,,,,,3.055731,-2.076957,4.042699,5.693692,1,,-93.21089,-81.75418,-2083.569,0
34.981,3325,51,NOERROR,2,1,,,-77.91923,-2.111478,1.802556,8.001373,3.046255,,,,,,,,3.055731,-2.076957,4.042699,5.693692,1,,-93.21089,-81.88102,-1956.208,0
34.989,3326,51,NOERROR,2,1,,,-78.06406,-2.199368,1.802556,8.001373,3.058994,,,,,,,,3.055731,-2.076957,4.042699,5.693692,1,,-93.21089,-82.02509,-2092.226,0
34.996,3327,51,NOERROR,2,1,,,-78.21139,-2.199368,1.802556,8.001373,3.066637,,,,,,,,3.055731,-2.076957,4.042699,5.693692,1,,-93.21089,-82.15038,-1934.954,0
35.004,3328,51,NOERROR,2,1,,,-78.35954,-2.199368,1.890447,8.001373,3.066637,,,,,,,,3.055731,-2.076957,4.042699,5.693692,1,,-93.21089,-82.29276,-2053.598,0
35.011,3329,51,NOERROR,2,1,,,-78.50977,-2.199368,1.890447,8.001373,3.064838,,,,,,,,3.055731,-2.076957,4.042699,5.693692,1,,-93.21089,-82.41649,-1893.547,0
35.019,3330,51,NOERROR,2,1,,,-78.65959,-2.199368,1.890447,8.001373,3.064838,,,,,,,,3.055731,-2.076957,4.042699,5.693692,1,,-93.21089,-82.55701,-2020.826,0
35.026,3331,51,NOERROR,2,1,,,-78.8094,-2.199368,1.890447,8.001373,3.072781,,,,,,,,3.055731,-2.076957,4.042699,5.693692,1,,-93.21089,-82.67919,-1874.572,0
35.033,3332,51,NOERROR,2,1,,,-78.95963,-2.199368,1.890447,8.001373,3.070083,,,,,,,,3.055731,-2.076957,4.042699,5.693692,1,,-93.21089,-82.80064,-1855.432,0
35.041,3333,51,NOERROR,2,1,,,-79.09908,-2.287259,1.890447,8.001373,3.070083,,,,,,,,3.055731,-2.076957,4.042699,5.693692,1,,-93.21089,-82.93854,-2049.672,0
35.048,3334,51,NOERROR,2,1,,,-79.23893,-2.287259,1.978338,8.001373,3.071882,,,,,,,,3.055731,-2.076957,4.042699,5.693692,1,,-93.21089,-83.05843,-1916.518,0
35.056,3335,51,NOERROR,2,1,,,-79.37547,-2.287259,1.978338,8.001373,3.075928,,,,,,,,3.055731,-2.076957,4.042699,5.693692,1,,-93.21089,-83.19453,-2052.521,0
35.063,3336,51,NOERROR,2,1,,,-79.51283,-2.287259,1.978338,8.001373,3.075928,,,,,,,,3.055731,-2.076957,4.042699,5.693692,1,,-93.21089,-83.31284,-1920.516,0
35.071,3337,51,NOERROR,2,1,,,-79.65061,-2.287259,1.978338,8.001373,3.07353,,,,,,,,3.055731,-2.076957,4.042699,5.693692,1,,-93.21089,-83.44713,-2029.381,0
35.078,3338,51,NOERROR,2,1,,,-79.7859,-2.37515,1.978338,8.001373,3.07353,,,,,,,,3.055731,-2.076957,4.042699,5.693692,1,,-93.21089,-83.56387,-1920.21,0
35.086,3339,51,NOERROR,2,1,,,-79.9241,-2.37515,1.978338,8.001373,3.068885,,,,,,,,3.055731,-2.076957,4.042699,5.693692,1,,-93.21089,-83.69636,-2010.388,0
35.093,3340,51,NOERROR,2,1,,,-80.06354,-2.37515,1.978338,8.001373,3.058095,,,,,,,,3.055731,-2.076957,4.042699,5.693692,1,,-93.21089,-83.8115,-1872.173,0
35.101,3341,51,NOERROR,2,1,,,-80.19882,-2.37515,1.978338,8.001373,3.058095,,,,,,,,3.055731,-2.076957,4.042699,5.693692,1,,-93.21089,-83.94225,-2009.14,0
35.108,3342,51,NOERROR,2,1,,,-80.33038,-2.37515,1.978338,8.001373,3.055697,,,,,,,,3.055731,-2.076957,4.042699,5.693692,1,,-93.21089,-84.05581,-1912.053,0
35.116,3343,51,NOERROR,2,1,,,-80.45862,-2.37515,1.978338,8.001373,3.051501,,,,,,,,3.055731,-2.076957,4.042699,5.693692,1,,-93.21089,-84.18467,-2037,0
35.123,3344,51,NOERROR,2,1,,,-80.5827,-2.37515,1.978338,8.001373,3.051501,,,,,,,,3.055731,-2.076957,4.042699,5.693692,1,,-93.21089,-84.29663,-1952.64,0
35.131,3345,51,NOERROR,2,1,,,-80.70596,-2.46304,1.890447,8.001373,3.054647,,,,,,,,3.055731,-2.076957,4.042699,5.693692,1,,-93.21089,-84.42367,-2056.635,0
35.138,3346,51,NOERROR,2,1,,,-80.82755,-2.46304,1.890447,8.001373,3.054647,,,,,,,,3.055731,-2.076957,4.042699,5.693692,1,,-93.21089,-84.53404,-1961.262,0
35.145,3347,51,NOERROR,2,1,,,-80.95122,-2.46304,1.890447,8.001373,3.050901,,,,,,,,3.055731,-2.076957,4.042699,5.693692,1,,-93.21089,-84.64365,-1938.845,0
35.153,3348,51,NOERROR,2,1,,,-81.07157,-2.46304,1.890447,8.001373,3.056446,,,,,,,,3.055731,-2.076957,4.042699,5.693692,1,,-93.21089,-84.76801,-2055.576,0
35.16,3349,51,NOERROR,2,1,,,-81.19234,-2.46304,1.890447,8.001373,3.056446,,,,,,,,3.055731,-2.076957,4.042699,5.693692,1,,-93.21089,-84.87603,-1949.452,0
35.168,3350,51,NOERROR,2,1,,,-81.31518,-2.46304,1.802556,8.001373,3.057645,,,,,,,,3.055731,-2.076957,4.042699,5.693692,1,,-93.21089,-84.99856,-2030.563,0
35.175,3351,51,NOERROR,2,1,,,-81.43677,-2.550931,1.802556,8.001373,3.045506,,,,,,,,3.055731,-2.076957,4.042699,5.693692,1,,-93.21089,-85.10497,-1932.382,0
35.183,3352,51,NOERROR,2,1,,,-81.56168,-2.550931,1.802556,8.001373,3.045506,,,,,,,,3.055731,-2.076957,4.042699,5.693692,1,,-93.21089,-85.22566,-2004.603,0
35.19,3353,51,NOERROR,2,1,,,-81.6783,-2.550931,1.714666,8.001373,3.044457,,,,,,,,3.055731,-2.076957,4.042699,5.693692,1,,-93.21089,-85.33047,-1952.445,0
35.198,3354,51,NOERROR,2,1,,,-81.79658,-2.550931,1.714666,8.001373,3.044457,,,,,,,,3.055731,-2.076957,4.042699,5.693692,1,,-93.21089,-85.44937,-2031.683,0
35.205,3355,51,NOERROR,2,1,,,-81.90987,-2.550931,1.626775,8.001373,3.039661,,,,,,,,3.055731,-2.076957,4.042699,5.693692,1,,-93.21089,-85.55257,-1964.613,0
35.213,3356,51,NOERROR,2,1,,,-82.02026,-2.550931,1.626775,8.001373,3.03022,,,,,,,,3.055731,-2.076957,4.042699,5.693692,1,,-93.21089,-85.66958,-2067.846,0
35.22,3357,51,NOERROR,2,1,,,-82.13273,-2.550931,1.538884,8.001373,3.03022,,,,,,,,3.055731,-2.076957,4.042699,5.693692,1,,-93.21089,-85.77116,-1963.575,0
35.228,3358,51,NOERROR,2,1,,,-82.2427,-2.550931,1.538884,8.001373,3.039661,,,,,,,,3.055731,-2.076957,4.042699,5.693692,1,,-93.21089,-85.88631,-2062.536,0
35.235,3359,51,NOERROR,2,1,,,-82.35268,-2.550931,1.538884,8.001373,3.039661,,,,,,,,3.055731,-2.076957,4.042699,5.693692,1,,-93.21089,-85.98628,-1972.48,0
35.243,3360,51,NOERROR,2,1,,,-82.4668,-2.638822,1.450994,8.001373,3.042509,,,,,,,,3.055731,-2.076957,4.042699,5.693692,1,,-93.21089,-86.0996,-2030.25,0
35.25,3361,51,NOERROR,2,1,,,-82.57885,-2.638822,1.450994,8.001373,3.038013,,,,,,,,3.055731,-2.076957,4.042699,5.693692,1,,-93.21089,-86.19795,-1948.443,0
35.258,3362,51,NOERROR,2,1,,,-82.69381,-2.638822,1.363103,8.001373,3.038013,,,,,,,,3.055731,-2.076957,4.042699,5.693692,1,,-93.21089,-86.30943,-2012.583,0
35.265,3363,51,NOERROR,2,1,,,-82.80502,-2.638822,1.363103,8.001373,3.034117,,,,,,,,3.055731,-2.076957,4.042699,5.693692,1,,-93.21089,-86.40615,-1940.614,0
35.272,3364,51,NOERROR,2,1,,,-82.91666,-2.638822,1.363103,8.001373,3.033817,,,,,,,,3.055731,-2.076957,4.042699,5.693692,1,,-93.21089,-86.50214,-1928.384,0
35.28,3365,51,NOERROR,2,1,,,-83.02248,-2.726712,1.275213,8.001373,3.033817,,,,,,,,3.055731,-2.076957,4.042699,5.693692,1,,-93.21089,-86.61089,-2040.853,0
35.287,3366,51,NOERROR,2,1,,,-83.12292,-2.726712,1.275213,8.001373,3.042209,,,,,,,,3.055731,-2.076957,4.042699,5.693692,1,,-93.21089,-86.70525,-1990.135,0
35.295,3367,51,NOERROR,2,1,,,-83.22417,-2.726712,1.275213,8.001373,3.042209,,,,,,,,3.055731,-2.076957,4.042699,5.693692,1,,-93.21089,-86.81216,-2059.373,0
35.302,3368,51,NOERROR,2,1,,,-83.32129,-2.814603,1.275213,8.001373,3.051051,,,,,,,,3.055731,-2.076957,4.042699,5.693692,1,,-93.21089,-86.9049,-2005.812,0
35.31,3369,51,NOERROR,2,1,,,-83.41881,-2.814603,1.187322,8.001373,3.065737,,,,,,,,3.055731,-2.076957,4.042699,5.693692,1,,-93.21089,-87.01001,-2075.215,0
35.317,3370,51,NOERROR,2,1,,,-83.5155,-2.814603,1.187322,8.001373,3.065737,,,,,,,,3.055731,-2.076957,4.042699,5.693692,1,,-93.21089,-87.10114,-2005.073,0
35.325,3371,51,NOERROR,2,1,,,-83.61386,-2.902493,1.187322,8.001373,3.085969,,,,,,,,3.055731,-2.076957,4.042699,5.693692,1,,-93.21089,-87.20435,-2065.81,0
35.332,3372,51,NOERROR,2,1,,,-83.71719,-2.902493,1.187322,8.001373,3.085369,,,,,,,,3.055731,-2.076957,4.042699,5.693692,1,,-93.21089,-87.29385,-1957.893,0
35.34,3373,51,NOERROR,2,1,,,-83.82095,-2.990384,1.187322,8.001373,3.085369,,,,,,,,3.055731,-2.076957,4.042699,5.693692,1,,-93.21089,-87.39522,-2025.715,0
35.347,3374,51,NOERROR,2,1,,,-83.92511,-2.990384,1.099431,8.001373,3.078925,,,,,,,,3.055731,-2.076957,4.042699,5.693692,1,,-93.21089,-87.4831,-1939.625,0
35.355,3375,51,NOERROR,2,1,,,-84.02886,-2.990384,1.099431,8.001373,3.078925,,,,,,,,3.055731,-2.076957,4.042699,5.693692,1,,-93.21089,-87.58262,-2010.916,0
35.362,3376,51,NOERROR,2,1,,,-84.13136,-3.078275,1.099431,8.001373,3.086269,,,,,,,,3.055731,-2.076957,4.042699,5.693692,1,,-93.21089,-87.66889,-1935.318,0
35.37,3377,51,NOERROR,2,1,,,-84.23346,-3.078275,1.011541,8.001373,3.085669,,,,,,,,3.055731,-2.076957,4.042699,5.693692,1,,-93.21089,-87.76656,-2004.517,0
35.377,3378,51,NOERROR,2,1,,,-84.33057,-3.078275,1.011541,8.001373,3.085669,,,,,,,,3.055731,-2.076957,4.042699,5.693692,1,,-93.21089,-87.85122,-1954.274,0
35.384,3379,51,NOERROR,2,1,,,-84.43058,-3.166165,0.92365,8.001373,3.091964,,,,,,,,3.055731,-2.076957,4.042699,5.693692,1,,-93.21089,-87.93513,-1927.647,0
35.392,3380,51,NOERROR,2,1,,,-84.52312,-3.166165,0.92365,8.001373,3.109947,,,,,,,,3.055731,-2.076957,4.042699,5.693692,1,,-93.21089,-88.03009,-2032.423,0
35.399,3381,51,NOERROR,2,1,,,-84.61152,-3.166165,0.8357594,8.001373,3.109947,,,,,,,,3.055731,-2.076957,4.042699,5.693692,1,,-93.21089,-88.11239,-1987.16,0
35.407,3382,51,NOERROR,2,1,,,-84.6995,-3.166165,0.8357594,8.001373,3.125383,,,,,,,,3.055731,-2.076957,4.042699,5.693692,1,,-93.21089,-88.20556,-2049.349,0
35.414,3383,51,NOERROR,2,1,,,-84.7908,-3.254056,0.7478688,8.001373,3.125383,,,,,,,,3.055731,-2.076957,4.042699,5.693692,1,,-93.21089,-88.28625,-1964.449,0
35.422,3384,51,NOERROR,2,1,,,-84.88335,-3.254056,0.7478688,8.001373,3.134374,,,,,,,,3.055731,-2.076957,4.042699,5.693692,1,,-93.21089,-88.37754,-2016.751,0
35.429,3385,51,NOERROR,2,1,,,-84.97755,-3.254056,0.6599782,8.001373,3.133026,,,,,,,,3.055731,-2.076957,4.042699,5.693692,1,,-93.21089,-88.45663,-1936.054,0
35.437,3386,51,NOERROR,2,1,,,-85.07217,-3.254056,0.5720875,8.001373,3.133026,,,,,,,,3.055731,-2.076957,4.042699,5.693692,1,,-93.21089,-88.54608,-1991.946,0
35.444,3387,51,NOERROR,2,1,,,-85.17052,-3.341947,0.4841969,8.001373,3.119838,,,,,,,,3.055731,-2.076957,4.042699,5.693692,1,,-93.21089,-88.62357,-1895.559,0
35.452,3388,51,NOERROR,2,1,,,-85.26846,-3.341947,0.4841969,8.001373,3.114593,,,,,,,,3.055731,-2.076957,4.042699,5.693692,1,,-93.21089,-88.7112,-1955.5,0
35.459,3389,51,NOERROR,2,1,,,-85.36308,-3.341947,0.3963063,8.001373,3.114593,,,,,,,,3.055731,-2.076957,4.042699,5.693692,1,,-93.21089,-88.78708,-1898.48,0
35.467,3390,51,NOERROR,2,1,,,-85.4577,-3.341947,0.3084157,8.001373,3.123734,,,,,,,,3.055731,-2.076957,4.042699,5.693692,1,,-93.21089,-88.87289,-1953.771,0
35.474,3391,51,NOERROR,2,1,,,-85.54984,-3.341947,0.220525,8.001373,3.123734,,,,,,,,3.055731,-2.076957,4.042699,5.693692,1,,-93.21089,-88.94717,-1895.245,0
35.482,3392,51,NOERROR,2,1,,,-85.64072,-3.341947,0.1326344,8.001373,3.127631,,,,,,,,3.055731,-2.076957,4.042699,5.693692,1,,-93.21089,-89.03117,-1955.158,0
35.489,3393,51,NOERROR,2,1,,,-85.72455,-3.341947,0.04474378,8.001373,3.12808,,,,,,,,3.055731,-2.076957,4.042699,5.693692,1,,-93.21089,-89.10386,-1927.41,0
35.496,3394,51,NOERROR,2,1,,,-85.80506,-3.341947,-0.04314685,8.001373,3.12808,,,,,,,,3.055731,-2.076957,4.042699,5.693692,1,,-93.21089,-89.17582,-1938.681,0
35.504,3395,51,NOERROR,2,1,,,-85.88308,-3.341947,-0.1310375,8.001373,3.143366,,,,,,,,3.055731,-2.076957,4.042699,5.693692,1,,-93.21089,-89.25719,-2000.487,0
35.511,3396,51,NOERROR,2,1,,,-85.9611,-3.341947,-0.2189281,8.001373,3.143366,,,,,,,,3.055731,-2.076957,4.042699,5.693692,1,,-93.21089,-89.32757,-1945.37,0
35.519,3397,51,NOERROR,2,1,,,-86.03995,-3.341947,-0.3068187,8.001373,3.152508,,,,,,,,3.055731,-2.076957,4.042699,5.693692,1,,-93.21089,-89.40709,-1988.591,0
35.526,3398,51,NOERROR,2,1,,,-86.1188,-3.341947,-0.3947093,8.001373,3.140369,,,,,,,,3.055731,-2.076957,4.042699,5.693692,1,,-93.21089,-89.4759,-1932.496,0
35.534,3399,51,NOERROR,2,1,,,-86.19848,-3.429837,-0.4826,8.001373,3.140369,,,,,,,,3.055731,-2.076957,4.042699,5.693692,1,,-93.21089,-89.55362,-1974.32,0
35.541,3400,51,NOERROR,2,1,,,-86.27857,-3.429837,-0.5704906,8.001373,3.122685,,,,,,,,3.055731,-2.076957,4.042699,5.693692,1,,-93.21089,-89.62085,-1914.771,0
35.549,3401,51,NOERROR,2,1,,,-86.36075,-3.429837,-0.7462718,8.001373,3.114293,,,,,,,,3.055731,-2.076957,4.042699,5.693692,1,,-93.21089,-89.69678,-1948.948,0
35.556,3402,51,NOERROR,2,1,,,-86.44167,-3.429837,-0.8341625,8.001373,3.114293,,,,,,,,3.055731,-2.076957,4.042699,5.693692,1,,-93.21089,-89.76245,-1895.899,0
35.564,3403,51,NOERROR,2,1,,,-86.52135,-3.429837,-0.9220531,8.001373,3.115642,,,,,,,,3.055731,-2.076957,4.042699,5.693692,1,,-93.21089,-89.83661,-1945.655,0
35.571,3404,51,NOERROR,2,1,,,-86.59813,-3.429837,-1.009944,8.001373,3.115642,,,,,,,,3.055731,-2.076957,4.042699,5.693692,1,,-93.21089,-89.90072,-1904.237,0
35.579,3405,51,NOERROR,2,1,,,-86.6749,-3.429837,-1.097834,8.001373,3.109198,,,,,,,,3.055731,-2.076957,4.042699,5.693692,1,,-93.21089,-89.97309,-1945.781,0
35.586,3406,51,NOERROR,2,1,,,-86.74835,-3.429837,-1.185725,8.001373,3.102304,,,,,,,,3.055731,-2.076957,4.042699,5.693692,1,,-93.21089,-90.03565,-1909.463,0
35.594,3407,51,NOERROR,2,1,,,-86.82347,-3.429837,-1.361506,8.001373,3.102304,,,,,,,,3.055731,-2.076957,4.042699,5.693692,1,,-93.21089,-90.1063,-1941.202,0
35.601,3408,51,NOERROR,2,1,,,-86.89361,-3.429837,-1.449397,8.001373,3.105151,,,,,,,,3.055731,-2.076957,4.042699,5.693692,1,,-93.21089,-90.16731,-1915.048,0
35.608,3409,51,NOERROR,2,1,,,-86.96001,-3.429837,-1.537287,8.001373,3.105901,,,,,,,,3.055731,-2.076957,4.042699,5.693692,1,,-93.21089,-90.22761,-1928.103,0
35.616,3410,51,NOERROR,2,1,,,-87.02765,-3.517728,-1.625178,8.001373,3.105901,,,,,,,,3.055731,-2.076957,4.042699,5.693692,1,,-93.21089,-90.29565,-1959.694,0
35.623,3411,51,NOERROR,2,1,,,-87.09197,-3.517728,-1.713069,8.001373,3.104552,,,,,,,,3.055731,-2.076957,4.042699,5.693692,1,,-93.21089,-90.35442,-1931.401,0
35.631,3412,51,NOERROR,2,1,,,-87.16003,-3.517728,-1.800959,8.001373,3.104552,,,,,,,,3.055731,-2.076957,4.042699,5.693692,1,,-93.21089,-90.42071,-1949.847,0
35.638,3413,51,NOERROR,2,1,,,-87.22643,-3.605618,-1.976741,8.001373,3.102754,,,,,,,,3.055731,-2.076957,4.042699,5.693692,1,,-93.21089,-90.47796,-1912.425,0
35.646,3414,51,NOERROR,2,1,,,-87.29616,-3.605618,-2.064631,8.001373,3.1062,,,,,,,,3.055731,-2.076957,4.042699,5.693692,1,,-93.21089,-90.54251,-1931.25,0
35.653,3415,51,NOERROR,2,1,,,-87.36546,-3.605618,-2.152522,8.001373,3.1062,,,,,,,,3.055731,-2.076957,4.042699,5.693692,1,,-93.21089,-90.59824,-1885.466,0
35.661,3416,51,NOERROR,2,1,,,-87.43394,-3.693509,-2.240412,8.001373,3.1062,,,,,,,,3.055731,-2.076957,4.042699,5.693692,1,,-93.21089,-90.66108,-1922.783,0
35.668,3417,51,NOERROR,2,1,,,-87.50158,-3.693509,-2.328303,8.001373,3.101555,,,,,,,,3.055731,-2.076957,4.042699,5.693692,1,,-93.21089,-90.71531,-1880.233,0
35.676,3418,51,NOERROR,2,1,,,-87.56798,-3.7814,-2.416194,8.001373,3.101555,,,,,,,,3.055731,-2.076957,4.042699,5.693692,1,,-93.21089,-90.77644,-1918.036,0
35.683,3419,51,NOERROR,2,1,,,-87.63438,-3.7814,-2.504084,8.001373,3.103203,,,,,,,,3.055731,-2.076957,4.042699,5.693692,1,,-93.21089,-90.82917,-1872.966,0
35.691,3420,51,NOERROR,2,1,,,-87.69871,-3.86929,-2.591975,8.001373,3.103203,,,,,,,,3.055731,-2.076957,4.042699,5.693692,1,,-93.21089,-90.88862,-1913.326,0
35.698,3421,51,NOERROR,2,1,,,-87.76344,-3.86929,-2.679866,8.001373,3.110846,,,,,,,,3.055731,-2.076957,4.042699,5.693692,1,,-93.21089,-90.93988,-1868.034,0
35.706,3422,51,NOERROR,2,1,,,-87.82819,-3.957181,-2.767756,8.001373,3.108748,,,,,,,,3.055731,-2.076957,4.042699,5.693692,1,,-93.21089,-90.99761,-1897.125,0
35.713,3423,51,NOERROR,2,1,,,-87.8896,-4.045072,-2.855647,8.001373,3.108748,,,,,,,,3.055731,-2.076957,4.042699,5.693692,1,,-93.21089,-91.04739,-1870.406,0
35.721,3424,51,NOERROR,2,1,,,-87.95476,-4.045072,-2.943537,8.001373,3.093762,,,,,,,,3.055731,-2.076957,4.042699,5.693692,1,,-93.21089,-91.10345,-1880.924,0
35.728,3425,51,NOERROR,2,1,,,-88.01784,-4.132962,-3.031428,8.001373,3.093762,,,,,,,,3.055731,-2.076957,4.042699,5.693692,1,,-93.21089,-91.15178,-1847.352,0
35.735,3426,51,NOERROR,2,1,,,-88.08092,-4.220853,-3.119319,8.001373,3.078925,,,,,,,,3.055731,-2.076957,4.042699,5.693692,1,,-93.21089,-91.19942,-1838.013,0
35.743,3427,51,NOERROR,2,1,,,-88.14192,-4.220853,-3.207209,8.001373,3.081024,,,,,,,,3.055731,-2.076957,4.042699,5.693692,1,,-93.21089,-91.25305,-1873.419,0
35.75,3428,51,NOERROR,2,1,,,-88.20251,-4.308743,-3.2951,8.001373,3.081024,,,,,,,,3.055731,-2.076957,4.042699,5.693692,1,,-93.21089,-91.29926,-1835.01,0
35.758,3429,51,NOERROR,2,1,,,-88.25979,-4.308743,-3.382991,8.001373,3.094361,,,,,,,,3.055731,-2.076957,4.042699,5.693692,1,,-93.21089,-91.35123,-1874.585,0
35.765,3430,51,NOERROR,2,1,,,-88.31498,-4.396634,-3.558772,8.001373,3.10635,,,,,,,,3.055731,-2.076957,4.042699,5.693692,1,,-93.21089,-91.39601,-1847.658,0
35.773,3431,51,NOERROR,2,1,,,-88.371,-4.484525,-3.646662,8.001373,3.10635,,,,,,,,3.055731,-2.076957,4.042699,5.693692,1,,-93.21089,-91.44637,-1867.499,0
35.78,3432,51,NOERROR,2,1,,,-88.42454,-4.484525,-3.734553,8.001373,3.114892,,,,,,,,3.055731,-2.076957,4.042699,5.693692,1,,-93.21089,-91.48972,-1843.415,0
35.788,3433,51,NOERROR,2,1,,,-88.47807,-4.572415,-3.910334,8.001373,3.114892,,,,,,,,3.055731,-2.076957,4.042699,5.693692,1,,-93.21089,-91.53847,-1865.791,0
35.795,3434,51,NOERROR,2,1,,,-88.52829,-4.572415,-3.998225,8.001373,3.114143,,,,,,,,3.055731,-2.076957,4.042699,5.693692,1,,-93.21089,-91.58042,-1847.515,0
35.803,3435,51,NOERROR,2,1,,,-88.57975,-4.660306,-4.174006,8.001373,3.109947,,,,,,,,3.055731,-2.076957,4.042699,5.693692,1,,-93.21089,-91.62759,-1863.611,0
35.81,3436,51,NOERROR,2,1,,,-88.6283,-4.660306,-4.261897,8.001373,3.109947,,,,,,,,3.055731,-2.076957,4.042699,5.693692,1,,-93.21089,-91.66815,-1844.863,0
35.818,3437,51,NOERROR,2,1,,,-88.6752,-4.660306,-4.437678,8.001373,3.101105,,,,,,,,3.055731,-2.076957,4.042699,5.693692,1,,-93.21089,-91.71371,-1872.203,0
35.825,3438,51,NOERROR,2,1,,,-88.7196,-4.748197,-4.61346,8.001373,3.087917,,,,,,,,3.055731,-2.076957,4.042699,5.693692,1,,-93.21089,-91.75291,-1855.042,0
35.833,3439,51,NOERROR,2,1,,,-88.76193,-4.748197,-4.70135,8.001373,3.087917,,,,,,,,3.055731,-2.076957,4.042699,5.693692,1,,-93.21089,-91.79691,-1883.241,0
35.84,3440,51,NOERROR,2,1,,,-88.80219,-4.748197,-4.877131,8.001373,3.077876,,,,,,,,3.055731,-2.076957,4.042699,5.693692,1,,-93.21089,-91.83473,-1867.489,0
35.847,3441,51,NOERROR,2,1,,,-88.83871,-4.836087,-5.052913,8.001373,3.077876,,,,,,,,3.055731,-2.076957,4.042699,5.693692,1,,-93.21089,-91.87193,-1880.472,0
35.855,3442,51,NOERROR,2,1,,,-88.87315,-4.836087,-5.228694,8.001373,3.071582,,,,,,,,3.055731,-2.076957,4.042699,5.693692,1,,-93.21089,-91.91367,-1907.895,0
35.862,3443,51,NOERROR,2,1,,,-88.90843,-4.836087,-5.404475,8.001373,3.072631,,,,,,,,3.055731,-2.076957,4.042699,5.693692,1,,-93.21089,-91.94953,-1885.56,0
35.87,3444,51,NOERROR,2,1,,,-88.93831,-4.836087,-5.580256,8.001373,3.072631,,,,,,,,3.055731,-2.076957,4.042699,5.693692,1,,-93.21089,-91.98975,-1924.716,0
35.877,3445,51,NOERROR,2,1,,,-88.97234,-4.836087,-5.756038,8.001373,3.07443,,,,,,,,3.055731,-2.076957,4.042699,5.693692,1,,-93.21089,-92.02428,-1892.057,0
35.885,3446,51,NOERROR,2,1,,,-89.00305,-4.836087,-6.01971,8.001373,3.074729,,,,,,,,3.055731,-2.076957,4.042699,5.693692,1,,-93.21089,-92.063,-1922.321,0
35.892,3447,51,NOERROR,2,1,,,-89.03293,-4.836087,-6.195491,8.001373,3.074729,,,,,,,,3.055731,-2.076957,4.042699,5.693692,1,,-93.21089,-92.09623,-1909.292,0
35.9,3448,51,NOERROR,2,1,,,-89.06862,-4.836087,-6.459163,8.001373,3.067086,,,,,,,,3.055731,-2.076957,4.042699,5.693692,1,,-93.21089,-92.13348,-1904.13,0
35.907,3449,51,NOERROR,2,1,,,-89.10099,-4.836087,-6.634944,8.001373,3.067086,,,,,,,,3.055731,-2.076957,4.042699,5.693692,1,,-93.21089,-92.16542,-1897.623,0
35.915,3450,51,NOERROR,2,1,,,-89.13046,-4.836087,-6.898616,8.001373,3.054498,,,,,,,,3.055731,-2.076957,4.042699,5.693692,1,,-93.21089,-92.20119,-1924.214,0
35.922,3451,51,NOERROR,2,1,,,-89.15826,-4.836087,-7.162288,8.001373,3.05195,,,,,,,,3.055731,-2.076957,4.042699,5.693692,1,,-93.21089,-92.23186,-1915.034,0
35.93,3452,51,NOERROR,2,1,,,-89.18648,-4.836087,-7.42596,8.001373,3.05195,,,,,,,,3.055731,-2.076957,4.042699,5.693692,1,,-93.21089,-92.2662,-1929.041,0
35.937,3453,51,NOERROR,2,1,,,-89.21055,-4.836087,-7.689631,8.001373,3.057195,,,,,,,,3.055731,-2.076957,4.042699,5.693692,1,,-93.21089,-92.29561,-1930.167,0
35.945,3454,51,NOERROR,2,1,,,-89.23047,-4.748197,-7.865413,8.001373,3.057195,,,,,,,,3.055731,-2.076957,4.042699,5.693692,1,,-93.21089,-92.32851,-1960.582,0
35.952,3455,51,NOERROR,2,1,,,-89.25122,-4.748197,-8.129085,8.001373,3.064539,,,,,,,,3.055731,-2.076957,4.042699,5.693692,1,,-93.21089,-92.3567,-1947.97,0
35.959,3456,51,NOERROR,2,1,,,-89.27405,-4.748197,-8.480647,8.001373,3.073081,,,,,,,,3.055731,-2.076957,4.042699,5.693692,1,,-93.21089,-92.38431,-1942.079,0
35.967,3457,51,NOERROR,2,1,,,-89.29646,-4.660306,-8.744319,8.001373,3.073081,,,,,,,,3.055731,-2.076957,4.042699,5.693692,1,,-93.21089,-92.41517,-1957.841,0
35.974,3458,51,NOERROR,2,1,,,-89.31762,-4.660306,-9.007991,8.001373,3.077277,,,,,,,,3.055731,-2.076957,4.042699,5.693692,1,,-93.21089,-92.44157,-1951.173,0
35.982,3459,51,NOERROR,2,1,,,-89.33588,-4.572415,-9.271663,8.001373,3.077127,,,,,,,,3.055731,-2.076957,4.042699,5.693692,1,,-93.21089,-92.47107,-1975.138,0
35.989,3460,51,NOERROR,2,1,,,-89.3558,-4.572415,-9.535335,8.001373,3.077127,,,,,,,,3.055731,-2.076957,4.042699,5.693692,1,,-93.21089,-92.49628,-1960.269,0
35.997,3461,51,NOERROR,2,1,,,-89.37904,-4.572415,-9.799006,8.001373,3.080274,,,,,,,,3.055731,-2.076957,4.042699,5.693692,1,,-93.21089,-92.52444,-1961.427,0
36.004,3462,51,NOERROR,2,1,,,-89.40353,-4.484525,-10.15057,8.001373,3.080274,,,,,,,,3.055731,-2.076957,4.042699,5.693692,1,,-93.21089,-92.54848,-1944.516,0
36.012,3463,51,NOERROR,2,1,,,-89.42801,-4.484525,-10.41424,8.001373,3.081173,,,,,,,,3.055731,-2.076957,4.042699,5.693692,1,,-93.21089,-92.57532,-1955.08,0
36.019,3464,51,NOERROR,2,1,,,-89.45291,-4.396634,-10.67791,8.001373,3.087018,,,,,,,,3.055731,-2.076957,4.042699,5.693692,1,,-93.21089,-92.59821,-1940.331,0
36.027,3465,51,NOERROR,2,1,,,-89.47947,-4.396634,-10.94158,8.001373,3.087018,,,,,,,,3.055731,-2.076957,4.042699,5.693692,1,,-93.21089,-92.62374,-1943.628,0
36.034,3466,51,NOERROR,2,1,,,-89.50562,-4.308743,-11.20526,8.001373,3.096909,,,,,,,,3.055731,-2.076957,4.042699,5.693692,1,,-93.21089,-92.64552,-1930.62,0
36.042,3467,51,NOERROR,2,1,,,-89.52637,-4.308743,-11.55682,8.001373,3.107699,,,,,,,,3.055731,-2.076957,4.042699,5.693692,1,,-93.21089,-92.66978,-1958.218,0
36.049,3468,51,NOERROR,2,1,,,-89.54587,-4.220853,-11.82049,8.001373,3.107699,,,,,,,,3.055731,-2.076957,4.042699,5.693692,1,,-93.21089,-92.69045,-1952.024,0
36.057,3469,51,NOERROR,2,1,,,-89.56371,-4.220853,-12.08416,8.001373,3.116691,,,,,,,,3.055731,-2.076957,4.042699,5.693692,1,,-93.21089,-92.71346,-1966.963,0
36.064,3470,51,NOERROR,2,1,,,-89.58654,-4.132962,-12.34783,8.001373,3.116691,,,,,,,,3.055731,-2.076957,4.042699,5.693692,1,,-93.21089,-92.73305,-1939.402,0
36.071,3471,51,NOERROR,2,1,,,-89.60895,-4.132962,-12.61151,8.001373,3.127181,,,,,,,,3.055731,-2.076957,4.042699,5.693692,1,,-93.21089,-92.75214,-1937.89,0
36.079,3472,51,NOERROR,2,1,,,-89.62514,-4.045072,-12.87518,8.001373,3.133026,,,,,,,,3.055731,-2.076957,4.042699,5.693692,1,,-93.21089,-92.77336,-1966.589,0
36.086,3473,51,NOERROR,2,1,,,-89.64008,-4.045072,-13.13885,8.001373,3.133026,,,,,,,,3.055731,-2.076957,4.042699,5.693692,1,,-93.21089,-92.79141,-1962.859,0
36.094,3474,51,NOERROR,2,1,,,-89.65875,-3.957181,-13.40252,8.001373,3.142617,,,,,,,,3.055731,-2.076957,4.042699,5.693692,1,,-93.21089,-92.81146,-1958.372,0
36.101,3475,51,NOERROR,2,1,,,-89.67825,-3.957181,-13.66619,8.001373,3.149211,,,,,,,,3.055731,-2.076957,4.042699,5.693692,1,,-93.21089,-92.82848,-1945.46,0
36.109,3476,51,NOERROR,2,1,,,-89.69652,-3.957181,-13.92987,8.001373,3.149211,,,,,,,,3.055731,-2.076957,4.042699,5.693692,1,,-93.21089,-92.84737,-1955.717,0
36.116,3477,51,NOERROR,2,1,,,-89.71394,-3.86929,-14.19354,8.001373,3.158203,,,,,,,,3.055731,-2.076957,4.042699,5.693692,1,,-93.21089,-92.86339,-1949.074,0
36.124,3478,51,NOERROR,2,1,,,-89.72141,-3.86929,-14.45721,8.001373,3.158203,,,,,,,,3.055731,-2.076957,4.042699,5.693692,1,,-93.21089,-92.88114,-1988.254,0
36.131,3479,51,NOERROR,2,1,,,-89.73013,-3.7814,-14.72088,8.001373,3.158203,,,,,,,,3.055731,-2.076957,4.042699,5.693692,1,,-93.21089,-92.89619,-1980.7,0
36.139,3480,51,NOERROR,2,1,,,-89.7376,-3.7814,-14.98455,8.001373,3.157154,,,,,,,,3.055731,-2.076957,4.042699,5.693692,1,,-93.21089,-92.91284,-1993.068,0
36.146,3481,51,NOERROR,2,1,,,-89.74673,-3.693509,-15.16033,8.001373,3.157154,,,,,,,,3.055731,-2.076957,4.042699,5.693692,1,,-93.21089,-92.92694,-1984.09,0
36.154,3482,51,NOERROR,2,1,,,-89.76125,-3.693509,-15.42401,8.001373,3.150859,,,,,,,,3.055731,-2.076957,4.042699,5.693692,1,,-93.21089,-92.94252,-1973.308,0
36.161,3483,51,NOERROR,2,1,,,-89.77661,-3.605618,-15.68768,8.001373,3.150859,,,,,,,,3.055731,-2.076957,4.042699,5.693692,1,,-93.21089,-92.9557,-1962.757,0
36.169,3484,51,NOERROR,2,1,,,-89.79653,-3.605618,-15.95135,8.001373,3.134374,,,,,,,,3.055731,-2.076957,4.042699,5.693692,1,,-93.21089,-92.97024,-1950.836,0
36.176,3485,51,NOERROR,2,1,,,-89.8123,-3.517728,-16.12713,8.001373,3.118339,,,,,,,,3.055731,-2.076957,4.042699,5.693692,1,,-93.21089,-92.98251,-1954.834,0
36.183,3486,51,NOERROR,2,1,,,-89.81977,-3.517728,-16.3908,8.001373,3.118339,,,,,,,,3.055731,-2.076957,4.042699,5.693692,1,,-93.21089,-92.99438,-1980.301,0
36.191,3487,51,NOERROR,2,1,,,-89.82018,-3.429837,-16.65447,8.001373,3.110696,,,,,,,,3.055731,-2.076957,4.042699,5.693692,1,,-93.21089,-93.00745,-2008.566,0
36.198,3488,51,NOERROR,2,1,,,-89.82018,-3.429837,-16.83026,8.001373,3.115042,,,,,,,,3.055731,-2.076957,4.042699,5.693692,1,,-93.21089,-93.01846,-2009.747,0
36.206,3489,51,NOERROR,2,1,,,-89.82018,-3.341947,-17.09393,8.001373,3.115042,,,,,,,,3.055731,-2.076957,4.042699,5.693692,1,,-93.21089,-93.03056,-2018.481,0
36.213,3490,51,NOERROR,2,1,,,-89.82018,-3.341947,-17.3576,8.001373,3.119388,,,,,,,,3.055731,-2.076957,4.042699,5.693692,1,,-93.21089,-93.04074,-2018.569,0
36.221,3491,51,NOERROR,2,1,,,-89.82018,-3.254056,-17.53338,8.001373,3.119388,,,,,,,,3.055731,-2.076957,4.042699,5.693692,1,,-93.21089,-93.0519,-2026.569,0
36.228,3492,51,NOERROR,2,1,,,-89.82018,-3.254056,-17.79705,8.001373,3.126881,,,,,,,,3.055731,-2.076957,4.042699,5.693692,1,,-93.21089,-93.06129,-2026.638,0
36.236,3493,51,NOERROR,2,1,,,-89.82018,-3.166165,-17.97283,8.001373,3.129429,,,,,,,,3.055731,-2.076957,4.042699,5.693692,1,,-93.21089,-93.07155,-2033.922,0
36.243,3494,51,NOERROR,2,1,,,-89.82018,-3.166165,-18.14861,8.001373,3.129429,,,,,,,,3.055731,-2.076957,4.042699,5.693692,1,,-93.21089,-93.08015,-2033.898,0
36.251,3495,51,NOERROR,2,1,,,-89.82018,-3.078275,-18.41229,8.001373,3.122685,,,,,,,,3.055731,-2.076957,4.042699,5.693692,1,,-93.21089,-93.08955,-2040.564,0
36.258,3496,51,NOERROR,2,1,,,-89.82018,-3.078275,-18.58807,8.001373,3.113394,,,,,,,,3.055731,-2.076957,4.042699,5.693692,1,,-93.21089,-93.0974,-2040.487,0
36.266,3497,51,NOERROR,2,1,,,-89.82018,-2.990384,-18.76385,8.001373,3.113394,,,,,,,,3.055731,-2.076957,4.042699,5.693692,1,,-93.21089,-93.10596,-2046.487,0
36.273,3498,51,NOERROR,2,1,,,-89.8206,-2.990384,-19.02752,8.001373,3.103803,,,,,,,,3.055731,-2.076957,4.042699,5.693692,1,,-93.21089,-93.11311,-2045.089,0
36.281,3499,51,NOERROR,2,1,,,-89.8206,-2.902493,-19.2033,8.001373,3.103803,,,,,,,,3.055731,-2.076957,4.042699,5.693692,1,,-93.21089,-93.12087,-2051.579,0
36.288,3500,51,NOERROR,2,1,,,-89.8206,-2.902493,-19.37908,8.001373,3.094811,,,,,,,,3.055731,-2.076957,4.042699,5.693692,1,,-93.21089,-93.12733,-2051.398,0
36.296,3501,51,NOERROR,2,1,,,-89.8206,-2.814603,-19.55486,8.001373,3.094212,,,,,,,,3.055731,-2.076957,4.042699,5.693692,1,,-93.21089,-93.13433,-2056.243,0
36.303,3502,51,NOERROR,2,1,,,-89.8206,-2.726712,-19.81854,8.001373,3.094212,,,,,,,,3.055731,-2.076957,4.042699,5.693692,1,,-93.21089,-93.14013,-2056.012,0
36.31,3503,51,NOERROR,2,1,,,-89.8206,-2.726712,-19.99432,8.001373,3.092713,,,,,,,,3.055731,-2.076957,4.042699,5.693692,1,,-93.21089,-93.14564,-2057.978,0
36.318,3504,51,NOERROR,2,1,,,-89.8206,-2.638822,-20.1701,8.001373,3.100656,,,,,,,,3.055731,-2.076957,4.042699,5.693692,1,,-93.21089,-93.15158,-2062.01,0
36.325,3505,51,NOERROR,2,1,,,-89.8206,-2.638822,-20.34588,8.001373,3.100656,,,,,,,,3.055731,-2.076957,4.042699,5.693692,1,,-93.21089,-93.15649,-2061.769,0
36.333,3506,51,NOERROR,2,1,,,-89.8206,-2.550931,-20.52166,8.001373,3.109048,,,,,,,,3.055731,-2.076957,4.042699,5.693692,1,,-93.21089,-93.16175,-2065.272,0
36.34,3507,51,NOERROR,2,1,,,-89.8206,-2.550931,-20.69744,8.001373,3.109048,,,,,,,,3.055731,-2.076957,4.042699,5.693692,1,,-93.21089,-93.16608,-2065,0
36.348,3508,51,NOERROR,2,1,,,-89.8206,-2.46304,-20.78533,8.001373,3.124334,,,,,,,,3.055731,-2.076957,4.042699,5.693692,1,,-93.21089,-93.17071,-2068.055,0
36.355,3509,51,NOERROR,2,1,,,-89.8206,-2.46304,-20.96111,8.001373,3.13947,,,,,,,,3.055731,-2.076957,4.042699,5.693692,1,,-93.21089,-93.17449,-2067.751,0
36.363,3510,51,NOERROR,2,1,,,-89.8206,-2.37515,-21.1369,8.001373,3.13947,,,,,,,,3.055731,-2.076957,4.042699,5.693692,1,,-93.21089,-93.17852,-2070.354,0
36.37,3511,51,NOERROR,2,1,,,-89.8206,-2.37515,-21.22479,8.001373,3.159701,,,,,,,,3.055731,-2.076957,4.042699,5.693692,1,,-93.21089,-93.1818,-2070.056,0
36.378,3512,51,NOERROR,2,1,,,-89.8206,-2.287259,-21.40057,8.001373,3.179034,,,,,,,,3.055731,-2.076957,4.042699,5.693692,1,,-93.21089,-93.18527,-2072.249,0
36.385,3513,51,NOERROR,2,1,,,-89.8206,-2.287259,-21.48846,8.001373,3.179034,,,,,,,,3.055731,-2.076957,4.042699,5.693692,1,,-93.21089,-93.18807,-2071.909,0
36.393,3514,51,NOERROR,2,1,,,-89.8206,-2.287259,-21.57635,8.001373,3.190123,,,,,,,,3.055731,-2.076957,4.042699,5.693692,1,,-93.21089,-93.19102,-2073.75,0
36.4,3515,51,NOERROR,2,1,,,-89.8206,-2.199368,-21.66424,8.001373,3.190123,,,,,,,,3.055731,-2.076957,4.042699,5.693692,1,,-93.21089,-93.19339,-2073.411,0
36.408,3516,51,NOERROR,2,1,,,-89.8206,-2.199368,-21.75213,8.001373,3.196118,,,,,,,,3.055731,-2.076957,4.042699,5.693692,1,,-93.21089,-93.19585,-2074.875,0
36.415,3517,51,NOERROR,2,1,,,-89.8206,-2.199368,-21.84002,8.001373,3.186976,,,,,,,,3.055731,-2.076957,4.042699,5.693692,1,,-93.21089,-93.19781,-2074.529,0
36.422,3518,51,NOERROR,2,1,,,-89.8206,-2.199368,-21.92791,8.001373,3.186976,,,,,,,,3.055731,-2.076957,4.042699,5.693692,1,,-93.21089,-93.1996,-2075.001,0
36.43,3519,51,NOERROR,2,1,,,-89.8206,-2.199368,-22.0158,8.001373,3.175736,,,,,,,,3.055731,-2.076957,4.042699,5.693692,1,,-93.21089,-93.20143,-2075.998,0
36.437,3520,51,NOERROR,2,1,,,-89.8206,-2.199368,-22.0158,8.001373,3.175736,,,,,,,,3.055731,-2.076957,4.042699,5.693692,1,,-93.21089,-93.20287,-2075.689,0
36.445,3521,51,NOERROR,2,1,,,-89.8206,-2.111478,-22.10369,8.001373,3.17154,,,,,,,,3.055731,-2.076957,4.042699,5.693692,1,,-93.21089,-93.20432,-2076.44,0
36.452,3522,51,NOERROR,2,1,,,-89.8206,-2.111478,-22.10369,8.001373,3.170342,,,,,,,,3.055731,-2.076957,4.042699,5.693692,1,,-93.21089,-93.20544,-2076.153,0
36.46,3523,51,NOERROR,2,1,,,-89.8206,-2.111478,-22.19158,8.001373,3.170342,,,,,,,,3.055731,-2.076957,4.042699,5.693692,1,,-93.21089,-93.20655,-2076.681,0
36.467,3524,51,NOERROR,2,1,,,-89.8206,-2.111478,-22.19158,8.001373,3.174088,,,,,,,,3.055731,-2.076957,4.042699,5.693692,1,,-93.21089,-93.2074,-2076.415,0
36.475,3525,51,NOERROR,2,1,,,-89.8206,-2.111478,-22.27947,8.001373,3.180682,,,,,,,,3.055731,-2.076957,4.042699,5.693692,1,,-93.21089,-93.20821,-2076.738,0
36.482,3526,51,NOERROR,2,1,,,-89.8206,-2.111478,-22.27947,8.001373,3.180682,,,,,,,,3.055731,-2.076957,4.042699,5.693692,1,,-93.21089,-93.20882,-2076.512,0
36.49,3527,51,NOERROR,2,1,,,-89.8206,-2.111478,-22.27947,8.001373,3.187426,,,,,,,,3.055731,-2.076957,4.042699,5.693692,1,,-93.21089,-93.20939,-2076.672,0
36.497,3528,51,NOERROR,2,1,,,-89.8206,-2.111478,-22.27947,8.001373,3.187426,,,,,,,,3.055731,-2.076957,4.042699,5.693692,1,,-93.21089,-93.20979,-2076.461,0
36.505,3529,51,NOERROR,2,1,,,-89.8206,-2.111478,-22.27947,8.001373,3.196867,,,,,,,,3.055731,-2.076957,4.042699,5.693692,1,,-93.21089,-93.21016,-2076.544,0
36.512,3530,51,NOERROR,2,1,,,-89.8206,-2.111478,-22.27947,8.001373,3.202112,,,,,,,,3.055731,-2.076957,4.042699,5.693692,1,,-93.21089,-93.2104,-2076.352,0
36.52,3531,51,NOERROR,2,1,,,-89.8206,-2.111478,-22.27947,8.001373,3.202112,,,,,,,,3.055731,-2.076957,4.042699,5.693692,1,,-93.21089,-93.21061,-2076.356,0
36.527,3532,51,NOERROR,2,1,,,-89.8206,-2.111478,-22.27947,8.001373,3.211104,,,,,,,,3.055731,-2.076957,4.042699,5.693692,1,,-93.21089,-93.21073,-2076.201,0
36.534,3533,51,NOERROR,2,1,,,-89.8206,-2.111478,-22.27947,8.001373,3.213502,,,,,,,,3.055731,-2.076957,4.042699,5.693692,1,,-93.21089,-93.21081,-2076.122,0
36.542,3534,51,NOERROR,2,1,,,-89.8206,-2.111478,-22.27947,8.001373,3.213502,,,,,,,,3.055731,-2.076957,4.042699,5.693692,1,,-93.21089,-93.21086,-2076.089,0
36.549,3535,51,NOERROR,2,1,,,-89.8206,-2.111478,-22.27947,8.001373,3.210655,,,,,,,,3.055731,-2.076957,4.042699,5.693692,1,,-93.21089,-93.21088,-2076.023,0
36.557,3536,51,NOERROR,2,1,,,-89.8206,-2.111478,-22.27947,8.001373,3.210655,,,,,,,,3.055731,-2.076957,4.042699,5.693692,1,,-93.21089,-93.21089,-2075.988,0
36.564,3537,51,NOERROR,2,1,,,-89.8206,-2.023587,-22.27947,8.001373,3.20496,,,,,,,,3.055731,-2.076957,4.042699,5.693692,1,,-93.21089,-93.21089,-2075.968,0
36.572,3538,51,NOERROR,2,1,,,-89.8206,-2.023587,-22.27947,8.001373,3.197767,,,,,,,,3.055731,-2.076957,4.042699,5.693692,1,,-93.21089,-93.21089,-2075.968,0
36.579,3539,51,NOERROR,2,1,,,-89.8206,-2.023587,-22.27947,8.001373,3.197767,,,,,,,,3.055731,-2.076957,4.042699,5.693692,1,,-93.21089,-93.21089,-2075.968,0
36.587,3540,51,NOERROR,2,1,,,-89.8206,-2.023587,-22.27947,8.001373,3.188025,,,,,,,,3.055731,-2.076957,4.042699,5.693692,1,,-93.21089,-93.21089,-2075.968,0
36.594,3541,51,NOERROR,2,1,,,-89.82101,-2.023587,-22.27947,8.001373,3.175437,,,,,,,,3.055731,-2.076957,4.042699,5.693692,1,,-93.21089,-93.21089,-2074.71,0
36.602,3542,51,NOERROR,2,1,,,-89.82101,-1.935697,-22.27947,8.001373,3.175437,,,,,,,,3.055731,-2.076957,4.042699,5.693692,1,,-93.21089,-93.21089,-2075.766,0
36.609,3543,51,NOERROR,2,1,,,-89.82101,-1.935697,-22.27947,8.001373,3.166295,,,,,,,,3.055731,-2.076957,4.042699,5.693692,1,,-93.21089,-93.21089,-2075.766,0
36.617,3544,51,NOERROR,2,1,,,-89.82101,-1.935697,-22.19158,8.001373,3.166295,,,,,,,,3.055731,-2.076957,4.042699,5.693692,1,,-93.21089,-93.21089,-2075.766,0
36.624,3545,51,NOERROR,2,1,,,-89.82101,-1.847806,-22.19158,8.001373,3.159701,,,,,,,,3.055731,-2.076957,4.042699,5.693692,1,,-93.21089,-93.21089,-2075.766,0
36.632,3546,51,NOERROR,2,1,,,-89.82101,-1.847806,-22.10369,8.001373,3.159552,,,,,,,,3.055731,-2.076957,4.042699,5.693692,1,,-93.21089,-93.21089,-2075.766,0
36.639,3547,51,NOERROR,2,1,,,-89.82101,-1.847806,-22.10369,8.001373,3.159552,,,,,,,,3.055731,-2.076957,4.042699,5.693692,1,,-93.21089,-93.21089,-2075.766,0
36.646,3548,51,NOERROR,2,1,,,-89.82101,-1.847806,-22.0158,8.001373,3.167494,,,,,,,,3.055731,-2.076957,4.042699,5.693692,1,,-93.21089,-93.21089,-2075.766,0
36.654,3549,51,NOERROR,2,1,,,-89.82101,-1.759915,-21.92791,8.001373,3.167494,,,,,,,,3.055731,-2.076957,4.042699,5.693692,1,,-93.21089,-93.21089,-2075.766,0
36.661,3550,51,NOERROR,2,1,,,-89.82101,-1.759915,-21.84002,8.001373,3.177685,,,,,,,,3.055731,-2.076957,4.042699,5.693692,1,,-93.21089,-93.21089,-2075.766,0
36.669,3551,51,NOERROR,2,1,,,-89.82101,-1.759915,-21.75213,8.001373,3.187576,,,,,,,,3.055731,-2.076957,4.042699,5.693692,1,,-93.21089,-93.21089,-2075.766,0
36.676,3552,51,NOERROR,2,1,,,-89.82101,-1.759915,-21.66424,8.001373,3.187576,,,,,,,,3.055731,-2.076957,4.042699,5.693692,1,,-93.21089,-93.21089,-2075.766,0
36.684,3553,51,NOERROR,2,1,,,-89.82101,-1.672025,-21.57635,8.001373,3.196718,,,,,,,,3.055731,-2.076957,4.042699,5.693692,1,,-93.21089,-93.21089,-2075.766,0
36.691,3554,51,NOERROR,2,1,,,-89.82101,-1.672025,-21.48846,8.001373,3.201663,,,,,,,,3.055731,-2.076957,4.042699,5.693692,1,,-93.21089,-93.21089,-2075.766,0
36.699,3555,51,NOERROR,2,1,,,-89.82101,-1.672025,-21.40057,8.001373,3.201663,,,,,,,,3.055731,-2.076957,4.042699,5.693692,1,,-93.21089,-93.21089,-2075.766,0
36.706,3556,51,NOERROR,2,1,,,-89.82101,-1.584134,-21.31268,8.001373,3.202262,,,,,,,,3.055731,-2.076957,4.042699,5.693692,1,,-93.21089,-93.21089,-2075.766,0
36.714,3557,51,NOERROR,2,1,,,-89.82101,-1.584134,-21.22479,8.001373,3.202262,,,,,,,,3.055731,-2.076957,4.042699,5.693692,1,,-93.21089,-93.21089,-2075.766,0
36.721,3558,51,NOERROR,2,1,,,-89.82101,-1.584134,-21.04901,8.001373,3.198516,,,,,,,,3.055731,-2.076957,4.042699,5.693692,1,,-93.21089,-93.21089,-2075.766,0
36.729,3559,51,NOERROR,2,1,,,-89.82101,-1.496243,-20.87322,8.001373,3.191172,,,,,,,,3.055731,-2.076957,4.042699,5.693692,1,,-93.21089,-93.21089,-2075.766,0
36.736,3560,51,NOERROR,2,1,,,-89.82101,-1.496243,-20.78533,8.001373,3.191172,,,,,,,,3.055731,-2.076957,4.042699,5.693692,1,,-93.21089,-93.21089,-2075.766,0
36.744,3561,51,NOERROR,2,1,,,-89.82101,-1.496243,-20.60955,8.001373,3.18263,,,,,,,,3.055731,-2.076957,4.042699,5.693692,1,,-93.21089,-93.21089,-2075.766,0
36.751,3562,51,NOERROR,2,1,,,-89.82101,-1.496243,-20.43377,8.001373,3.17169,,,,,,,,3.055731,-2.076957,4.042699,5.693692,1,,-93.21089,-93.21089,-2075.766,0
36.758,3563,51,NOERROR,2,1,,,-89.82101,-1.496243,-20.1701,8.001373,3.17169,,,,,,,,3.055731,-2.076957,4.042699,5.693692,1,,-93.21089,-93.21089,-2075.766,0
36.766,3564,51,NOERROR,2,1,,,-89.82101,-1.408353,-19.99432,8.001373,3.167194,,,,,,,,3.055731,-2.076957,4.042699,5.693692,1,,-93.21089,-93.21089,-2075.766,0
36.773,3565,51,NOERROR,2,1,,,-89.82101,-1.408353,-19.73065,8.001373,3.167194,,,,,,,,3.055731,-2.076957,4.042699,5.693692,1,,-93.21089,-93.21089,-2075.766,0
36.781,3566,51,NOERROR,2,1,,,-89.82101,-1.408353,-19.55486,8.001373,3.163898,,,,,,,,3.055731,-2.076957,4.042699,5.693692,1,,-93.21089,-93.21089,-2075.766,0
36.788,3567,51,NOERROR,2,1,,,-89.82101,-1.408353,-19.29119,8.001373,3.163748,,,,,,,,3.055731,-2.076957,4.042699,5.693692,1,,-93.21089,-93.21089,-2075.766,0
36.796,3568,51,NOERROR,2,1,,,-89.82101,-1.408353,-18.93963,8.001373,3.163748,,,,,,,,3.055731,-2.076957,4.042699,5.693692,1,,-93.21089,-93.21089,-2075.766,0
36.803,3569,51,NOERROR,2,1,,,-89.82101,-1.408353,-18.67596,8.001373,3.167794,,,,,,,,3.055731,-2.076957,4.042699,5.693692,1,,-93.21089,-93.21089,-2075.766,0
36.811,3570,51,NOERROR,2,1,,,-89.82101,-1.496243,-18.41229,8.001373,3.174388,,,,,,,,3.055731,-2.076957,4.042699,5.693692,1,,-93.21089,-93.21089,-2075.766,0
36.818,3571,51,NOERROR,2,1,,,-89.82101,-1.496243,-18.06072,8.001373,3.174388,,,,,,,,3.055731,-2.076957,4.042699,5.693692,1,,-93.21089,-93.21089,-2075.766,0
36.826,3572,51,NOERROR,2,1,,,-89.82101,-1.496243,-17.70916,8.001373,3.180382,,,,,,,,3.055731,-2.076957,4.042699,5.693692,1,,-93.21089,-93.21089,-2075.766,0
36.833,3573,51,NOERROR,2,1,,,-89.82101,-1.584134,-17.3576,8.001373,3.180382,,,,,,,,3.055731,-2.076957,4.042699,5.693692,1,,-93.21089,-93.21089,-2075.766,0
36.841,3574,51,NOERROR,2,1,,,-89.82101,-1.584134,-17.00604,8.001373,3.187126,,,,,,,,3.055731,-2.076957,4.042699,5.693692,1,,-93.21089,-93.21089,-2075.766,0
36.848,3575,51,NOERROR,2,1,,,-89.82101,-1.584134,-16.56658,8.001373,3.191472,,,,,,,,3.055731,-2.076957,4.042699,5.693692,1,,-93.21089,-93.21089,-2075.766,0
36.856,3576,51,NOERROR,2,1,,,-89.82101,-1.672025,-16.21502,8.001373,3.191472,,,,,,,,3.055731,-2.076957,4.042699,5.693692,1,,-93.21089,-93.21089,-2075.766,0
36.863,3577,51,NOERROR,2,1,,,-89.82101,-1.672025,-15.77557,8.001373,3.19342,,,,,,,,3.055731,-2.076957,4.042699,5.693692,1,,-93.21089,-93.21089,-2075.766,0
36.871,3578,51,NOERROR,2,1,,,-89.82101,-1.759915,-15.33612,8.001373,3.19342,,,,,,,,3.055731,-2.076957,4.042699,5.693692,1,,-93.21089,-93.21089,-2075.766,0
36.878,3579,51,NOERROR,2,1,,,-89.82101,-1.847806,-14.89666,8.001373,3.190873,,,,,,,,3.055731,-2.076957,4.042699,5.693692,1,,-93.21089,-93.21089,-2075.766,0
36.885,3580,51,NOERROR,2,1,,,-89.82101,-1.847806,-14.45721,8.001373,3.186976,,,,,,,,3.055731,-2.076957,4.042699,5.693692,1,,-93.21089,-93.21089,-2075.766,0
36.893,3581,51,NOERROR,2,1,,,-89.82101,-1.935697,-13.92987,8.001373,3.186976,,,,,,,,3.055731,-2.076957,4.042699,5.693692,1,,-93.21089,-93.21089,-2075.766,0
36.9,3582,51,NOERROR,2,1,,,-89.82101,-2.023587,-13.49041,8.001373,3.182481,,,,,,,,3.055731,-2.076957,4.042699,5.693692,1,,-93.21089,-93.21089,-2075.766,0
36.908,3583,51,NOERROR,2,1,,,-89.82101,-2.111478,-12.96307,8.001373,3.176186,,,,,,,,3.055731,-2.076957,4.042699,5.693692,1,,-93.21089,-93.21089,-2075.766,0
36.915,3584,51,NOERROR,2,1,,,-89.82101,-2.199368,-12.43573,8.001373,3.176186,,,,,,,,3.055731,-2.076957,4.042699,5.693692,1,,-93.21089,-93.21089,-2075.766,0
36.923,3585,51,NOERROR,2,1,,,-89.82101,-2.287259,-11.90838,8.001373,3.173489,,,,,,,,3.055731,-2.076957,4.042699,5.693692,1,,-93.21089,-93.21089,-2075.766,0
36.93,3586,51,NOERROR,2,1,,,-89.82101,-2.37515,-11.38104,8.001373,3.173489,,,,,,,,3.055731,-2.076957,4.042699,5.693692,1,,-93.21089,-93.21089,-2075.766,0
36.938,3587,51,NOERROR,2,1,,,-89.82101,-2.46304,-10.7658,8.001373,3.170641,,,,,,,,3.055731,-2.076957,4.042699,5.693692,1,,-93.21089,-93.21089,-2075.766,0
36.945,3588,51,NOERROR,2,1,,,-89.82101,-2.550931,-10.23846,8.001373,3.173489,,,,,,,,3.055731,-2.076957,4.042699,5.693692,1,,-93.21089,-93.21089,-2075.766,0
36.953,3589,51,NOERROR,2,1,,,-89.82101,-2.638822,-9.623225,8.001373,3.173489,,,,,,,,3.055731,-2.076957,4.042699,5.693692,1,,-93.21089,-93.21089,-2075.766,0
36.96,3590,51,NOERROR,2,1,,,-89.82101,-2.726712,-9.095881,8.001373,3.178734,,,,,,,,3.055731,-2.076957,4.042699,5.693692,1,,-93.21089,-93.21089,-2075.766,0
36.968,3591,51,NOERROR,2,1,,,-89.82101,-2.814603,-8.480647,8.001373,3.185028,,,,,,,,3.055731,-2.076957,4.042699,5.693692,1,,-93.21089,-93.21089,-2075.766,0
36.975,3592,51,NOERROR,2,1,,,-89.82101,-2.990384,-7.953303,8.001373,3.185028,,,,,,,,3.055731,-2.076957,4.042699,5.693692,1,,-93.21089,-93.21089,-2075.766,0
36.983,3593,51,NOERROR,2,1,,,-89.82101,-3.078275,-7.338069,8.001373,3.191472,,,,,,,,3.055731,-2.076957,4.042699,5.693692,1,,-93.21089,-93.21089,-2075.766,0
36.99,3594,51,NOERROR,2,1,,,-89.82101,-3.166165,-6.722835,8.001373,3.191472,,,,,,,,3.055731,-2.076957,4.042699,5.693692,1,,-93.21089,-93.21089,-2075.766,0
36.997,3595,51,NOERROR,2,1,,,-89.82101,-3.254056,-6.195491,8.001373,3.194619,,,,,,,,3.055731,-2.076957,4.042699,5.693692,1,,-93.21089,-93.21089,-2075.766,0
37.005,3596,51,NOERROR,2,1,,,-89.82101,-3.429837,-5.580256,8.001373,3.196268,,,,,,,,3.055731,-2.076957,4.042699,5.693692,1,,-93.21089,-93.21089,-2075.766,0
37.012,3597,51,NOERROR,2,1,,,-89.82101,-3.517728,-4.965022,8.001373,3.196268,,,,,,,,3.055731,-2.076957,4.042699,5.693692,1,,-93.21089,-93.21089,-2075.766,0
37.02,3598,51,NOERROR,2,1,,,-89.82101,-3.605618,-4.437678,8.001373,3.19387,,,,,,,,3.055731,-2.076957,4.042699,5.693692,1,,-93.21089,-93.21089,-2075.766,0
37.027,3599,51,NOERROR,2,1,,,-89.82101,-3.693509,-3.822444,8.001373,3.192671,,,,,,,,3.055731,-2.076957,4.042699,5.693692,1,,-93.21089,-93.21089,-2075.766,0
37.035,3600,51,NOERROR,2,1,,,-89.82101,-3.7814,-3.2951,8.001373,3.192671,,,,,,,,3.055731,-2.076957,4.042699,5.693692,1,,-93.21089,-93.21089,-2075.766,0
37.042,3601,51,NOERROR,2,1,,,-89.82101,-3.86929,-2.679866,8.001373,3.192971,,,,,,,,3.055731,-2.076957,4.042699,5.693692,1,,-93.21089,-93.21089,-2075.766,0
37.05,3602,51,NOERROR,2,1,,,-89.82101,-3.957181,-2.152522,8.001373,3.192971,,,,,,,,3.055731,-2.076957,4.042699,5.693692,1,,-93.21089,-93.21089,-2075.766,0
37.057,3603,51,NOERROR,2,1,,,-89.82101,-4.045072,-1.625178,8.001373,3.190273,,,,,,,,3.055731,-2.076957,4.042699,5.693692,1,,-93.21089,-93.21089,-2075.766,0
37.065,3604,51,NOERROR,2,1,,,-89.82101,-4.132962,-1.097834,8.001373,3.188925,,,,,,,,3.055731,-2.076957,4.042699,5.693692,1,,-93.21089,-93.21089,-2075.766,0
37.072,3605,51,NOERROR,2,1,,,-89.82101,-4.220853,-0.5704906,8.001373,3.188925,,,,,,,,3.055731,-2.076957,4.042699,5.693692,1,,-93.21089,-93.21089,-2075.766,0
37.08,3606,51,NOERROR,2,1,,,-89.82101,-4.308743,-0.04314685,8.001373,3.186826,,,,,,,,3.055731,-2.076957,4.042699,5.693692,1,,-93.21089,-93.21089,-2075.766,0
37.087,3607,51,NOERROR,2,1,,,-89.82101,-4.396634,0.4841969,8.001373,3.186826,,,,,,,,3.055731,-2.076957,4.042699,5.693692,1,,-93.21089,-93.21089,-2075.766,0
37.095,3608,51,NOERROR,2,1,,,-89.82101,-4.484525,0.92365,8.001373,3.185477,,,,,,,,3.055731,-2.076957,4.042699,5.693692,1,,-93.21089,-93.21089,-2075.766,0
37.102,3609,51,NOERROR,2,1,,,-89.82101,-4.572415,1.450994,8.001373,3.186227,,,,,,,,3.055731,-2.076957,4.042699,5.693692,1,,-93.21089,-93.21089,-2075.766,0
37.109,3610,51,NOERROR,2,1,,,-89.82101,-4.660306,1.890447,8.001373,3.186227,,,,,,,,3.055731,-2.076957,4.042699,5.693692,1,,-93.21089,-93.21089,-2075.766,0
37.117,3611,51,NOERROR,2,1,,,-89.82101,-4.748197,2.417791,8.001373,3.186677,,,,,,,,3.055731,-2.076957,4.042699,5.693692,1,,-93.21089,-93.21089,-2075.766,0
37.124,3612,51,NOERROR,2,1,,,-89.82101,-4.836087,2.857244,8.001373,3.189224,,,,,,,,3.055731,-2.076957,4.042699,5.693692,1,,-93.21089,-93.21089,-2075.766,0
37.132,3613,51,NOERROR,2,1,,,-89.82101,-4.836087,3.296697,8.001373,3.189224,,,,,,,,3.055731,-2.076957,4.042699,5.693692,1,,-93.21089,-93.21089,-2075.766,0
37.139,3614,51,NOERROR,2,1,,,-89.82101,-4.923978,3.73615,8.001373,3.191172,,,,,,,,3.055731,-2.076957,4.042699,5.693692,1,,-93.21089,-93.21089,-2075.766,0
37.147,3615,51,NOERROR,2,1,,,-89.82101,-5.011868,4.175603,8.001373,3.191172,,,,,,,,3.055731,-2.076957,4.042699,5.693692,1,,-93.21089,-93.21089,-2075.766,0
37.154,3616,51,NOERROR,2,1,,,-89.82101,-5.099759,4.615056,8.001373,3.192072,,,,,,,,3.055731,-2.076957,4.042699,5.693692,1,,-93.21089,-93.21089,-2075.766,0
37.162,3617,51,NOERROR,2,1,,,-89.82101,-5.099759,4.966619,8.001373,3.191922,,,,,,,,3.055731,-2.076957,4.042699,5.693692,1,,-93.21089,-93.21089,-2075.766,0
37.169,3618,51,NOERROR,2,1,,,-89.82101,-5.18765,5.406072,8.001373,3.191922,,,,,,,,3.055731,-2.076957,4.042699,5.693692,1,,-93.21089,-93.21089,-2075.766,0
37.177,3619,51,NOERROR,2,1,,,-89.82101,-5.18765,5.757634,8.001373,3.188175,,,,,,,,3.055731,-2.076957,4.042699,5.693692,1,,-93.21089,-93.21089,-2075.766,0
37.184,3620,51,NOERROR,2,1,,,-89.82101,-5.27554,6.109197,8.001373,3.18263,,,,,,,,3.055731,-2.076957,4.042699,5.693692,1,,-93.21089,-93.21089,-2075.766,0
37.192,3621,51,NOERROR,2,1,,,-89.82101,-5.363431,6.54865,8.001373,3.18263,,,,,,,,3.055731,-2.076957,4.042699,5.693692,1,,-93.21089,-93.21089,-2075.766,0
37.199,3622,51,NOERROR,2,1,,,-89.82101,-5.363431,6.900212,8.001373,3.178284,,,,,,,,3.055731,-2.076957,4.042699,5.693692,1,,-93.21089,-93.21089,-2075.766,0
37.207,3623,51,NOERROR,2,1,,,-89.82101,-5.451322,7.163884,8.001373,3.178284,,,,,,,,3.055731,-2.076957,4.042699,5.693692,1,,-93.21089,-93.21089,-2075.766,0
37.214,3624,51,NOERROR,2,1,,,-89.82101,-5.451322,7.515447,8.001373,3.174538,,,,,,,,3.055731,-2.076957,4.042699,5.693692,1,,-93.21089,-93.21089,-2075.766,0
37.221,3625,51,NOERROR,2,1,,,-89.82101,-5.539212,7.867009,8.001373,3.173189,,,,,,,,3.055731,-2.076957,4.042699,5.693692,1,,-93.21089,-93.21089,-2075.766,0
37.229,3626,51,NOERROR,2,1,,,-89.82101,-5.539212,8.130681,8.001373,3.173189,,,,,,,,3.055731,-2.076957,4.042699,5.693692,1,,-93.21089,-93.21089,-2075.766,0
37.236,3627,51,NOERROR,2,1,,,-89.82101,-5.627103,8.482244,8.001373,3.173039,,,,,,,,3.055731,-2.076957,4.042699,5.693692,1,,-93.21089,-93.21089,-2075.766,0
37.244,3628,51,NOERROR,2,1,,,-89.82101,-5.627103,8.745915,8.001373,3.172889,,,,,,,,3.055731,-2.076957,4.042699,5.693692,1,,-93.21089,-93.21089,-2075.766,0
37.251,3629,51,NOERROR,2,1,,,-89.82101,-5.627103,9.009587,8.001373,3.172889,,,,,,,,3.055731,-2.076957,4.042699,5.693692,1,,-93.21089,-93.21089,-2075.766,0
37.259,3630,51,NOERROR,2,1,,,-89.82101,-5.714993,9.273259,8.001373,3.172589,,,,,,,,3.055731,-2.076957,4.042699,5.693692,1,,-93.21089,-93.21089,-2075.766,0
37.266,3631,51,NOERROR,2,1,,,-89.82101,-5.714993,9.536931,8.001373,3.172589,,,,,,,,3.055731,-2.076957,4.042699,5.693692,1,,-93.21089,-93.21089,-2075.766,0
37.274,3632,51,NOERROR,2,1,,,-89.82101,-5.714993,9.712712,8.001373,3.174088,,,,,,,,3.055731,-2.076957,4.042699,5.693692,1,,-93.21089,-93.21089,-2075.766,0
37.281,3633,51,NOERROR,2,1,,,-89.82101,-5.802884,9.976384,8.001373,3.175437,,,,,,,,3.055731,-2.076957,4.042699,5.693692,1,,-93.21089,-93.21089,-2075.766,0
37.289,3634,51,NOERROR,2,1,,,-89.82101,-5.802884,10.15217,8.001373,3.175437,,,,,,,,3.055731,-2.076957,4.042699,5.693692,1,,-93.21089,-93.21089,-2075.766,0
37.296,3635,51,NOERROR,2,1,,,-89.82101,-5.802884,10.32795,8.001373,3.174687,,,,,,,,3.055731,-2.076957,4.042699,5.693692,1,,-93.21089,-93.21089,-2075.766,0
37.304,3636,51,NOERROR,2,1,,,-89.82101,-5.802884,10.50373,8.001373,3.174837,,,,,,,,3.055731,-2.076957,4.042699,5.693692,1,,-93.21089,-93.21089,-2075.766,0
37.311,3637,51,NOERROR,2,1,,,-89.82101,-5.802884,10.67951,8.001373,3.174837,,,,,,,,3.055731,-2.076957,4.042699,5.693692,1,,-93.21089,-93.21089,-2075.766,0
37.319,3638,51,NOERROR,2,1,,,-89.82101,-5.890775,10.85529,8.001373,3.173939,,,,,,,,3.055731,-2.076957,4.042699,5.693692,1,,-93.21089,-93.21089,-2075.766,0
37.326,3639,51,NOERROR,2,1,,,-89.82101,-5.890775,11.03107,8.001373,3.173939,,,,,,,,3.055731,-2.076957,4.042699,5.693692,1,,-93.21089,-93.21089,-2075.766,0
37.333,3640,51,NOERROR,2,1,,,-89.82101,-5.890775,11.11896,8.001373,3.17274,,,,,,,,3.055731,-2.076957,4.042699,5.693692,1,,-93.21089,-93.21089,-2075.766,0
37.341,3641,51,NOERROR,2,1,,,-89.82101,-5.890775,11.29474,8.001373,3.170342,,,,,,,,3.055731,-2.076957,4.042699,5.693692,1,,-93.21089,-93.21089,-2075.766,0
37.348,3642,51,NOERROR,2,1,,,-89.82101,-5.890775,11.38263,8.001373,3.170342,,,,,,,,3.055731,-2.076957,4.042699,5.693692,1,,-93.21089,-93.21089,-2075.766,0
37.356,3643,51,NOERROR,2,1,,,-89.82101,-5.890775,11.47052,8.001373,3.166595,,,,,,,,3.055731,-2.076957,4.042699,5.693692,1,,-93.21089,-93.21089,-2075.766,0
37.363,3644,51,NOERROR,2,1,,,-89.82101,-5.890775,11.55842,8.001373,3.166595,,,,,,,,3.055731,-2.076957,4.042699,5.693692,1,,-93.21089,-93.21089,-2075.766,0
37.371,3645,51,NOERROR,2,1,,,-89.82101,-5.890775,11.64631,8.001373,3.163748,,,,,,,,3.055731,-2.076957,4.042699,5.693692,1,,-93.21089,-93.21089,-2075.766,0
37.378,3646,51,NOERROR,2,1,,,-89.82101,-5.890775,11.7342,8.001373,3.1615,,,,,,,,3.055731,-2.076957,4.042699,5.693692,1,,-93.21089,-93.21089,-2075.766,0
37.386,3647,51,NOERROR,2,1,,,-89.82101,-5.890775,11.82209,8.001373,3.1615,,,,,,,,3.055731,-2.076957,4.042699,5.693692,1,,-93.21089,-93.21089,-2075.766,0
37.393,3648,51,NOERROR,2,1,,,-89.82101,-5.890775,11.82209,8.001373,3.162099,,,,,,,,3.055731,-2.076957,4.042699,5.693692,1,,-93.21089,-93.21089,-2075.766,0
37.401,3649,51,NOERROR,2,1,,,-89.82101,-5.890775,11.90998,8.001373,3.163298,,,,,,,,3.055731,-2.076957,4.042699,5.693692,1,,-93.21089,-93.21089,-2075.766,0
37.408,3650,51,NOERROR,2,1,,,-89.82101,-5.890775,11.90998,8.001373,3.163298,,,,,,,,3.055731,-2.076957,4.042699,5.693692,1,,-93.21089,-93.21089,-2075.766,0
37.416,3651,51,NOERROR,2,1,,,-89.82101,-5.890775,11.90998,8.001373,3.163148,,,,,,,,3.055731,-2.076957,4.042699,5.693692,1,,-93.21089,-93.21089,-2075.766,0
37.423,3652,51,NOERROR,2,1,,,-89.82101,-5.890775,11.90998,8.001373,3.163148,,,,,,,,3.055731,-2.076957,4.042699,5.693692,1,,-93.21089,-93.21089,-2075.766,0
37.431,3653,51,NOERROR,2,1,,,-89.82101,-5.890775,11.90998,8.001373,3.166145,,,,,,,,3.055731,-2.076957,4.042699,5.693692,1,,-93.21089,-93.21089,-2075.766,0
37.438,3654,51,NOERROR,2,1,,,-89.82101,-5.890775,11.90998,8.001373,3.168094,,,,,,,,3.055731,-2.076957,4.042699,5.693692,1,,-93.21089,-93.21089,-2075.766,0
37.445,3655,51,NOERROR,2,1,,,-89.82101,-5.890775,11.90998,8.001373,3.168094,,,,,,,,3.055731,-2.076957,4.042699,5.693692,1,,-93.21089,-93.21089,-2075.766,0
37.453,3656,51,NOERROR,2,1,,,-89.82101,-5.890775,11.90998,8.001373,3.170192,,,,,,,,3.055731,-2.076957,4.042699,5.693692,1,,-93.21089,-93.21089,-2075.766,0
37.46,3657,51,NOERROR,2,1,,,-89.82101,-5.890775,11.90998,8.001373,3.173339,,,,,,,,3.055731,-2.076957,4.042699,5.693692,1,,-93.21089,-93.21089,-2075.766,0
37.468,3658,51,NOERROR,2,1,,,-89.82101,-5.890775,11.82209,8.001373,3.173339,,,,,,,,3.055731,-2.076957,4.042699,5.693692,1,,-93.21089,-93.21089,-2075.766,0
37.475,3659,51,NOERROR,2,1,,,-89.82101,-5.890775,11.82209,8.001373,3.174088,,,,,,,,3.055731,-2.076957,4.042699,5.693692,1,,-93.21089,-93.21089,-2075.766,0
37.483,3660,51,NOERROR,2,1,,,-89.82101,-5.890775,11.7342,8.001373,3.174088,,,,,,,,3.055731,-2.076957,4.042699,5.693692,1,,-93.21089,-93.21089,-2075.766,0
37.49,3661,51,NOERROR,2,1,,,-89.82101,-5.890775,11.64631,8.001373,3.175137,,,,,,,,3.055731,-2.076957,4.042699,5.693692,1,,-93.21089,-93.21089,-2075.766,0
37.498,3662,51,NOERROR,2,1,,,-89.82101,-5.890775,11.64631,8.001373,3.173189,,,,,,,,3.055731,-2.076957,4.042699,5.693692,1,,-93.21089,-93.21089,-2075.766,0
37.505,3663,51,NOERROR,2,1,,,-89.82101,-5.890775,11.55842,8.001373,3.173189,,,,,,,,3.055731,-2.076957,4.042699,5.693692,1,,-93.21089,-93.21089,-2075.766,0
37.513,3664,51,NOERROR,2,1,,,-89.82101,-5.890775,11.47052,8.001373,3.170342,,,,,,,,3.055731,-2.076957,4.042699,5.693692,1,,-93.21089,-93.21089,-2075.766,0
37.52,3665,51,NOERROR,2,1,,,-89.82101,-5.890775,11.38263,8.001373,3.166445,,,,,,,,3.055731,-2.076957,4.042699,5.693692,1,,-93.21089,-93.21089,-2075.766,0
37.528,3666,51,NOERROR,2,1,,,-89.82101,-5.890775,11.29474,8.001373,3.166445,,,,,,,,3.055731,-2.076957,4.042699,5.693692,1,,-93.21089,-93.21089,-2075.766,0
37.535,3667,51,NOERROR,2,1,,,-89.82101,-5.890775,11.20685,8.001373,3.162399,,,,,,,,3.055731,-2.076957,4.042699,5.693692,1,,-93.21089,-93.21089,-2075.766,0
37.543,3668,51,NOERROR,2,1,,,-89.82101,-5.890775,11.11896,8.001373,3.162399,,,,,,,,3.055731,-2.076957,4.042699,5.693692,1,,-93.21089,-93.21089,-2075.766,0
37.55,3669,51,NOERROR,2,1,,,-89.82101,-5.802884,11.03107,8.001373,3.159851,,,,,,,,3.055731,-2.076957,4.042699,5.693692,1,,-93.21089,-93.21089,-2075.766,0
37.558,3670,51,NOERROR,2,1,,,-89.82101,-5.802884,10.85529,8.001373,3.159552,,,,,,,,3.055731,-2.076957,4.042699,5.693692,1,,-93.21089,-93.21089,-2075.766,0
37.565,3671,51,NOERROR,2,1,,,-89.82101,-5.802884,10.7674,8.001373,3.159552,,,,,,,,3.055731,-2.076957,4.042699,5.693692,1,,-93.21089,-93.21089,-2075.766,0
37.572,3672,51,NOERROR,2,1,,,-89.82101,-5.802884,10.59162,8.001373,3.16135,,,,,,,,3.055731,-2.076957,4.042699,5.693692,1,,-93.21089,-93.21089,-2075.766,0
37.58,3673,51,NOERROR,2,1,,,-89.82101,-5.802884,10.50373,8.001373,3.16135,,,,,,,,3.055731,-2.076957,4.042699,5.693692,1,,-93.21089,-93.21089,-2075.766,0
37.587,3674,51,NOERROR,2,1,,,-89.82101,-5.714993,10.32795,8.001373,3.166445,,,,,,,,3.055731,-2.076957,4.042699,5.693692,1,,-93.21089,-93.21089,-2075.766,0
37.595,3675,51,NOERROR,2,1,,,-89.82101,-5.714993,10.15217,8.001373,3.17214,,,,,,,,3.055731,-2.076957,4.042699,5.693692,1,,-93.21089,-93.21089,-2075.766,0
37.602,3676,51,NOERROR,2,1,,,-89.82101,-5.714993,9.976384,8.001373,3.17214,,,,,,,,3.055731,-2.076957,4.042699,5.693692,1,,-93.21089,-93.21089,-2075.766,0
37.61,3677,51,NOERROR,2,1,,,-89.82101,-5.714993,9.800603,8.001373,3.177235,,,,,,,,3.055731,-2.076957,4.042699,5.693692,1,,-93.21089,-93.21089,-2075.766,0
37.617,3678,51,NOERROR,2,1,,,-89.82101,-5.627103,9.624822,8.001373,3.182181,,,,,,,,3.055731,-2.076957,4.042699,5.693692,1,,-93.21089,-93.21089,-2075.766,0
37.625,3679,51,NOERROR,2,1,,,-89.82101,-5.627103,9.44904,8.001373,3.182181,,,,,,,,3.055731,-2.076957,4.042699,5.693692,1,,-93.21089,-93.21089,-2075.766,0
37.632,3680,51,NOERROR,2,1,,,-89.82101,-5.627103,9.273259,8.001373,3.186077,,,,,,,,3.055731,-2.076957,4.042699,5.693692,1,,-93.21089,-93.21089,-2075.766,0
37.64,3681,51,NOERROR,2,1,,,-89.82101,-5.539212,9.097478,8.001373,3.186077,,,,,,,,3.055731,-2.076957,4.042699,5.693692,1,,-93.21089,-93.21089,-2075.766,0
37.647,3682,51,NOERROR,2,1,,,-89.82101,-5.539212,8.833806,8.001373,3.187276,,,,,,,,3.055731,-2.076957,4.042699,5.693692,1,,-93.21089,-93.21089,-2075.766,0
37.655,3683,51,NOERROR,2,1,,,-89.82101,-5.451322,8.658025,8.001373,3.185028,,,,,,,,3.055731,-2.076957,4.042699,5.693692,1,,-93.21089,-93.21089,-2075.766,0
37.662,3684,51,NOERROR,2,1,,,-89.82101,-5.451322,8.482244,8.001373,3.185028,,,,,,,,3.055731,-2.076957,4.042699,5.693692,1,,-93.21089,-93.21089,-2075.766,0
37.67,3685,51,NOERROR,2,1,,,-89.82101,-5.451322,8.218572,8.001373,3.182331,,,,,,,,3.055731,-2.076957,4.042699,5.693692,1,,-93.21089,-93.21089,-2075.766,0
37.677,3686,51,NOERROR,2,1,,,-89.82101,-5.363431,8.04279,8.001373,3.176935,,,,,,,,3.055731,-2.076957,4.042699,5.693692,1,,-93.21089,-93.21089,-2075.766,0
37.684,3687,51,NOERROR,2,1,,,-89.82101,-5.363431,7.779119,8.001373,3.176935,,,,,,,,3.055731,-2.076957,4.042699,5.693692,1,,-93.21089,-93.21089,-2075.766,0
37.692,3688,51,NOERROR,2,1,,,-89.82101,-5.27554,7.515447,8.001373,3.173489,,,,,,,,3.055731,-2.076957,4.042699,5.693692,1,,-93.21089,-93.21089,-2075.766,0
37.699,3689,51,NOERROR,2,1,,,-89.82101,-5.27554,7.339665,8.001373,3.173489,,,,,,,,3.055731,-2.076957,4.042699,5.693692,1,,-93.21089,-93.21089,-2075.766,0
37.707,3690,51,NOERROR,2,1,,,-89.82101,-5.18765,7.075994,8.001373,3.17169,,,,,,,,3.055731,-2.076957,4.042699,5.693692,1,,-93.21089,-93.21089,-2075.766,0
37.714,3691,51,NOERROR,2,1,,,-89.82101,-5.18765,6.812322,8.001373,3.170042,,,,,,,,3.055731,-2.076957,4.042699,5.693692,1,,-93.21089,-93.21089,-2075.766,0
37.722,3692,51,NOERROR,2,1,,,-89.82101,-5.099759,6.54865,8.001373,3.170042,,,,,,,,3.055731,-2.076957,4.042699,5.693692,1,,-93.21089,-93.21089,-2075.766,0
37.729,3693,51,NOERROR,2,1,,,-89.82101,-5.099759,6.284978,8.001373,3.17274,,,,,,,,3.055731,-2.076957,4.042699,5.693692,1,,-93.21089,-93.21089,-2075.766,0
37.737,3694,51,NOERROR,2,1,,,-89.82101,-5.011868,6.021306,8.001373,3.176186,,,,,,,,3.055731,-2.076957,4.042699,5.693692,1,,-93.21089,-93.21089,-2075.766,0
37.744,3695,51,NOERROR,2,1,,,-89.82101,-4.923978,5.757634,8.001373,3.176186,,,,,,,,3.055731,-2.076957,4.042699,5.693692,1,,-93.21089,-93.21089,-2075.766,0
37.752,3696,51,NOERROR,2,1,,,-89.82101,-4.923978,5.493962,8.001373,3.180382,,,,,,,,3.055731,-2.076957,4.042699,5.693692,1,,-93.21089,-93.21089,-2075.766,0
37.759,3697,51,NOERROR,2,1,,,-89.82101,-4.836087,5.23029,8.001373,3.180382,,,,,,,,3.055731,-2.076957,4.042699,5.693692,1,,-93.21089,-93.21089,-2075.766,0
37.767,3698,51,NOERROR,2,1,,,-89.82101,-4.836087,4.966619,8.001373,3.186077,,,,,,,,3.055731,-2.076957,4.042699,5.693692,1,,-93.21089,-93.21089,-2075.766,0
37.774,3699,51,NOERROR,2,1,,,-89.82101,-4.748197,4.702947,8.001373,3.189224,,,,,,,,3.055731,-2.076957,4.042699,5.693692,1,,-93.21089,-93.21089,-2075.766,0
37.782,3700,51,NOERROR,2,1,,,-89.82101,-4.660306,4.439275,8.001373,3.189224,,,,,,,,3.055731,-2.076957,4.042699,5.693692,1,,-93.21089,-93.21089,-2075.766,0
37.789,3701,51,NOERROR,2,1,,,-89.82101,-4.660306,4.175603,8.001373,3.191922,,,,,,,,3.055731,-2.076957,4.042699,5.693692,1,,-93.21089,-93.21089,-2075.766,0
37.796,3702,51,NOERROR,2,1,,,-89.82101,-4.572415,3.911931,8.001373,3.191922,,,,,,,,3.055731,-2.076957,4.042699,5.693692,1,,-93.21089,-93.21089,-2075.766,0
37.804,3703,51,NOERROR,2,1,,,-89.82101,-4.484525,3.648259,8.001373,3.190723,,,,,,,,3.055731,-2.076957,4.042699,5.693692,1,,-93.21089,-93.21089,-2075.766,0
37.811,3704,51,NOERROR,2,1,,,-89.82101,-4.484525,3.384588,8.001373,3.188475,,,,,,,,3.055731,-2.076957,4.042699,5.693692,1,,-93.21089,-93.21089,-2075.766,0
37.819,3705,51,NOERROR,2,1,,,-89.82101,-4.396634,3.120916,8.001373,3.188475,,,,,,,,3.055731,-2.076957,4.042699,5.693692,1,,-93.21089,-93.21089,-2075.766,0
37.826,3706,51,NOERROR,2,1,,,-89.82101,-4.308743,2.857244,8.001373,3.186377,,,,,,,,3.055731,-2.076957,4.042699,5.693692,1,,-93.21089,-93.21089,-2075.766,0
37.834,3707,51,NOERROR,2,1,,,-89.82101,-4.308743,2.593572,8.001373,3.181432,,,,,,,,3.055731,-2.076957,4.042699,5.693692,1,,-93.21089,-93.21089,-2075.766,0
37.841,3708,51,NOERROR,2,1,,,-89.82101,-4.220853,2.3299,8.001373,3.181432,,,,,,,,3.055731,-2.076957,4.042699,5.693692,1,,-93.21089,-93.21089,-2075.766,0
37.849,3709,51,NOERROR,2,1,,,-89.82101,-4.220853,2.066228,8.001373,3.177685,,,,,,,,3.055731,-2.076957,4.042699,5.693692,1,,-93.21089,-93.21089,-2075.766,0
37.856,3710,51,NOERROR,2,1,,,-89.82101,-4.132962,1.802556,8.001373,3.177685,,,,,,,,3.055731,-2.076957,4.042699,5.693692,1,,-93.21089,-93.21089,-2075.766,0
37.864,3711,51,NOERROR,2,1,,,-89.82101,-4.045072,1.626775,8.001373,3.173939,,,,,,,,3.055731,-2.076957,4.042699,5.693692,1,,-93.21089,-93.21089,-2075.766,0
37.871,3712,51,NOERROR,2,1,,,-89.82101,-4.045072,1.363103,8.001373,3.17169,,,,,,,,3.055731,-2.076957,4.042699,5.693692,1,,-93.21089,-93.21089,-2075.766,0
37.879,3713,51,NOERROR,2,1,,,-89.82101,-3.957181,1.099431,8.001373,3.17169,,,,,,,,3.055731,-2.076957,4.042699,5.693692,1,,-93.21089,-93.21089,-2075.766,0
37.886,3714,51,NOERROR,2,1,,,-89.82101,-3.957181,0.8357594,8.001373,3.17229,,,,,,,,3.055731,-2.076957,4.042699,5.693692,1,,-93.21089,-93.21089,-2075.766,0
37.894,3715,51,NOERROR,2,1,,,-89.82101,-3.86929,0.6599782,8.001373,3.174687,,,,,,,,3.055731,-2.076957,4.042699,5.693692,1,,-93.21089,-93.21089,-2075.766,0
37.901,3716,51,NOERROR,2,1,,,-89.82101,-3.86929,0.3963063,8.001373,3.174687,,,,,,,,3.055731,-2.076957,4.042699,5.693692,1,,-93.21089,-93.21089,-2075.766,0
37.908,3717,51,NOERROR,2,1,,,-89.82101,-3.7814,0.220525,8.001373,3.178584,,,,,,,,3.055731,-2.076957,4.042699,5.693692,1,,-93.21089,-93.21089,-2075.766,0
37.916,3718,51,NOERROR,2,1,,,-89.82101,-3.7814,-0.04314685,8.001373,3.178584,,,,,,,,3.055731,-2.076957,4.042699,5.693692,1,,-93.21089,-93.21089,-2075.766,0
37.923,3719,51,NOERROR,2,1,,,-89.82101,-3.693509,-0.2189281,8.001373,3.181132,,,,,,,,3.055731,-2.076957,4.042699,5.693692,1,,-93.21089,-93.21089,-2075.766,0
37.931,3720,51,NOERROR,2,1,,,-89.82101,-3.693509,-0.3947093,8.001373,3.185028,,,,,,,,3.055731,-2.076957,4.042699,5.693692,1,,-93.21089,-93.21089,-2075.766,0
37.938,3721,51,NOERROR,2,1,,,-89.82101,-3.605618,-0.5704906,8.001373,3.185028,,,,,,,,3.055731,-2.076957,4.042699,5.693692,1,,-93.21089,-93.21089,-2075.766,0
37.946,3722,51,NOERROR,2,1,,,-89.82101,-3.605618,-0.8341625,8.001373,3.187126,,,,,,,,3.055731,-2.076957,4.042699,5.693692,1,,-93.21089,-93.21089,-2075.766,0
37.953,3723,51,NOERROR,2,1,,,-89.82101,-3.517728,-1.009944,8.001373,3.187426,,,,,,,,3.055731,-2.076957,4.042699,5.693692,1,,-93.21089,-93.21089,-2075.766,0
37.961,3724,51,NOERROR,2,1,,,-89.82101,-3.517728,-1.185725,8.001373,3.187426,,,,,,,,3.055731,-2.076957,4.042699,5.693692,1,,-93.21089,-93.21089,-2075.766,0
37.968,3725,51,NOERROR,2,1,,,-89.82101,-3.429837,-1.361506,8.001373,3.188475,,,,,,,,3.055731,-2.076957,4.042699,5.693692,1,,-93.21089,-93.21089,-2075.766,0
37.976,3726,51,NOERROR,2,1,,,-89.82101,-3.429837,-1.537287,8.001373,3.188475,,,,,,,,3.055731,-2.076957,4.042699,5.693692,1,,-93.21089,-93.21089,-2075.766,0
37.983,3727,51,NOERROR,2,1,,,-89.82101,-3.341947,-1.625178,8.001373,3.185328,,,,,,,,3.055731,-2.076957,4.042699,5.693692,1,,-93.21089,-93.21089,-2075.766,0
37.991,3728,51,NOERROR,2,1,,,-89.82101,-3.341947,-1.800959,8.001373,3.18323,,,,,,,,3.055731,-2.076957,4.042699,5.693692,1,,-93.21089,-93.21089,-2075.766,0
37.998,3729,51,NOERROR,2,1,,,-89.82101,-3.341947,-1.976741,8.001373,3.18323,,,,,,,,3.055731,-2.076957,4.042699,5.693692,1,,-93.21089,-93.21089,-2075.766,0
38.006,3730,51,NOERROR,2,1,,,-89.82101,-3.254056,-2.064631,8.001373,3.181132,,,,,,,,3.055731,-2.076957,4.042699,5.693692,1,,-93.21089,-93.21089,-2075.766,0
38.013,3731,51,NOERROR,2,1,,,-89.82101,-3.254056,-2.240412,8.001373,3.181132,,,,,,,,3.055731,-2.076957,4.042699,5.693692,1,,-93.21089,-93.21089,-2075.766,0
38.02,3732,51,NOERROR,2,1,,,-89.82101,-3.166165,-2.328303,8.001373,3.177385,,,,,,,,3.055731,-2.076957,4.042699,5.693692,1,,-93.21089,-93.21089,-2075.766,0
38.028,3733,51,NOERROR,2,1,,,-89.82101,-3.166165,-2.504084,8.001373,3.175137,,,,,,,,3.055731,-2.076957,4.042699,5.693692,1,,-93.21089,-93.21089,-2075.766,0
38.035,3734,51,NOERROR,2,1,,,-89.82101,-3.166165,-2.591975,8.001373,3.175137,,,,,,,,3.055731,-2.076957,4.042699,5.693692,1,,-93.21089,-93.21089,-2075.766,0
38.043,3735,51,NOERROR,2,1,,,-89.82101,-3.166165,-2.679866,8.001373,3.173189,,,,,,,,3.055731,-2.076957,4.042699,5.693692,1,,-93.21089,-93.21089,-2075.766,0
38.05,3736,51,NOERROR,2,1,,,-89.82101,-3.078275,-2.767756,8.001373,3.175886,,,,,,,,3.055731,-2.076957,4.042699,5.693692,1,,-93.21089,-93.21089,-2075.766,0
38.058,3737,51,NOERROR,2,1,,,-89.82101,-3.078275,-2.855647,8.001373,3.175886,,,,,,,,3.055731,-2.076957,4.042699,5.693692,1,,-93.21089,-93.21089,-2075.766,0
38.065,3738,51,NOERROR,2,1,,,-89.82101,-3.078275,-2.943537,8.001373,3.181581,,,,,,,,3.055731,-2.076957,4.042699,5.693692,1,,-93.21089,-93.21089,-2075.766,0
38.073,3739,51,NOERROR,2,1,,,-89.82101,-3.078275,-2.943537,8.001373,3.181581,,,,,,,,3.055731,-2.076957,4.042699,5.693692,1,,-93.21089,-93.21089,-2075.766,0
38.08,3740,51,NOERROR,2,1,,,-89.82101,-3.078275,-3.031428,8.001373,3.185628,,,,,,,,3.055731,-2.076957,4.042699,5.693692,1,,-93.21089,-93.21089,-2075.766,0
38.088,3741,51,NOERROR,2,1,,,-89.82101,-2.990384,-3.031428,8.001373,3.191322,,,,,,,,3.055731,-2.076957,4.042699,5.693692,1,,-93.21089,-93.21089,-2075.766,0
38.095,3742,51,NOERROR,2,1,,,-89.82101,-2.990384,-3.119319,8.001373,3.191322,,,,,,,,3.055731,-2.076957,4.042699,5.693692,1,,-93.21089,-93.21089,-2075.766,0
38.103,3743,51,NOERROR,2,1,,,-89.82101,-2.990384,-3.119319,8.001373,3.196268,,,,,,,,3.055731,-2.076957,4.042699,5.693692,1,,-93.21089,-93.21089,-2075.766,0
38.11,3744,51,NOERROR,2,1,,,-89.82101,-2.990384,-3.119319,8.001373,3.197767,,,,,,,,3.055731,-2.076957,4.042699,5.693692,1,,-93.21089,-93.21089,-2075.766,0
38.118,3745,51,NOERROR,2,1,,,-89.82101,-2.990384,-3.207209,8.001373,3.197767,,,,,,,,3.055731,-2.076957,4.042699,5.693692,1,,-93.21089,-93.21089,-2075.766,0
38.125,3746,51,NOERROR,2,1,,,-89.82101,-2.990384,-3.207209,8.001373,3.198366,,,,,,,,3.055731,-2.076957,4.042699,5.693692,1,,-93.21089,-93.21089,-2075.766,0
38.132,3747,51,NOERROR,2,1,,,-89.82101,-2.990384,-3.207209,8.001373,3.198366,,,,,,,,3.055731,-2.076957,4.042699,5.693692,1,,-93.21089,-93.21089,-2075.766,0
38.14,3748,51,NOERROR,2,1,,,-89.82101,-2.990384,-3.207209,8.001373,3.196568,,,,,,,,3.055731,-2.076957,4.042699,5.693692,1,,-93.21089,-93.21089,-2075.766,0
38.147,3749,51,NOERROR,2,1,,,-89.82101,-2.990384,-3.207209,8.001373,3.193121,,,,,,,,3.055731,-2.076957,4.042699,5.693692,1,,-93.21089,-93.21089,-2075.766,0
38.155,3750,51,NOERROR,2,1,,,-89.82101,-2.990384,-3.119319,8.001373,3.193121,,,,,,,,3.055731,-2.076957,4.042699,5.693692,1,,-93.21089,-93.21089,-2075.766,0
38.162,3751,51,NOERROR,2,1,,,-89.82101,-2.990384,-3.119319,8.001373,3.188025,,,,,,,,3.055731,-2.076957,4.042699,5.693692,1,,-93.21089,-93.21089,-2075.766,0
38.17,3752,51,NOERROR,2,1,,,-89.82101,-2.990384,-3.119319,8.001373,3.185927,,,,,,,,3.055731,-2.076957,4.042699,5.693692,1,,-93.21089,-93.21089,-2075.766,0
38.177,3753,51,NOERROR,2,1,,,-89.82101,-3.078275,-3.031428,8.001373,3.185927,,,,,,,,3.055731,-2.076957,4.042699,5.693692,1,,-93.21089,-93.21089,-2075.766,0
38.185,3754,51,NOERROR,2,1,,,-89.82101,-3.078275,-3.031428,8.001373,3.184728,,,,,,,,3.055731,-2.076957,4.042699,5.693692,1,,-93.21089,-93.21089,-2075.766,0
38.192,3755,51,NOERROR,2,1,,,-89.82101,-3.078275,-2.943537,8.001373,3.184728,,,,,,,,3.055731,-2.076957,4.042699,5.693692,1,,-93.21089,-93.21089,-2075.766,0
38.2,3756,51,NOERROR,2,1,,,-89.82101,-3.078275,-2.943537,8.001373,3.184728,,,,,,,,3.055731,-2.076957,4.042699,5.693692,1,,-93.21089,-93.21089,-2075.766,0
38.207,3757,51,NOERROR,2,1,,,-89.82101,-3.078275,-2.855647,8.001373,3.187426,,,,,,,,3.055731,-2.076957,4.042699,5.693692,1,,-93.21089,-93.21089,-2075.766,0
38.215,3758,51,NOERROR,2,1,,,-89.82101,-3.078275,-2.767756,8.001373,3.187426,,,,,,,,3.055731,-2.076957,4.042699,5.693692,1,,-93.21089,-93.21089,-2075.766,0
38.222,3759,51,NOERROR,2,1,,,-89.82101,-3.166165,-2.767756,8.001373,3.190423,,,,,,,,3.055731,-2.076957,4.042699,5.693692,1,,-93.21089,-93.21089,-2075.766,0
38.23,3760,51,NOERROR,2,1,,,-89.82101,-3.166165,-2.679866,8.001373,3.190423,,,,,,,,3.055731,-2.076957,4.042699,5.693692,1,,-93.21089,-93.21089,-2075.766,0
38.237,3761,51,NOERROR,2,1,,,-89.82101,-3.166165,-2.679866,8.001373,3.19327,,,,,,,,3.055731,-2.076957,4.042699,5.693692,1,,-93.21089,-93.21089,-2075.766,0
38.244,3762,51,NOERROR,2,1,,,-89.82101,-3.166165,-2.591975,8.001373,3.195818,,,,,,,,3.055731,-2.076957,4.042699,5.693692,1,,-93.21089,-93.21089,-2075.766,0
38.252,3763,51,NOERROR,2,1,,,-89.82101,-3.166165,-2.504084,8.001373,3.195818,,,,,,,,3.055731,-2.076957,4.042699,5.693692,1,,-93.21089,-93.21089,-2075.766,0
38.259,3764,51,NOERROR,2,1,,,-89.82101,-3.166165,-2.504084,8.001373,3.196118,,,,,,,,3.055731,-2.076957,4.042699,5.693692,1,,-93.21089,-93.21089,-2075.766,0
38.267,3765,51,NOERROR,2,1,,,-89.82101,-3.254056,-2.416194,8.001373,3.196118,,,,,,,,3.055731,-2.076957,4.042699,5.693692,1,,-93.21089,-93.21089,-2075.766,0
38.274,3766,51,NOERROR,2,1,,,-89.82101,-3.254056,-2.416194,8.001373,3.196118,,,,,,,,3.055731,-2.076957,4.042699,5.693692,1,,-93.21089,-93.21089,-2075.766,0
38.282,3767,51,NOERROR,2,1,,,-89.82101,-3.254056,-2.328303,8.001373,3.192821,,,,,,,,3.055731,-2.076957,4.042699,5.693692,1,,-93.21089,-93.21089,-2075.766,0
38.289,3768,51,NOERROR,2,1,,,-89.82101,-3.254056,-2.328303,8.001373,3.192821,,,,,,,,3.055731,-2.076957,4.042699,5.693692,1,,-93.21089,-93.21089,-2075.766,0
38.297,3769,51,NOERROR,2,1,,,-89.82101,-3.254056,-2.240412,8.001373,3.189824,,,,,,,,3.055731,-2.076957,4.042699,5.693692,1,,-93.21089,-93.21089,-2075.766,0
38.304,3770,51,NOERROR,2,1,,,-89.82101,-3.254056,-2.240412,8.001373,3.187426,,,,,,,,3.055731,-2.076957,4.042699,5.693692,1,,-93.21089,-93.21089,-2075.766,0
38.312,3771,51,NOERROR,2,1,,,-89.82101,-3.254056,-2.152522,8.001373,3.187426,,,,,,,,3.055731,-2.076957,4.042699,5.693692,1,,-93.21089,-93.21089,-2075.766,0
38.319,3772,51,NOERROR,2,1,,,-89.82101,-3.341947,-2.152522,8.001373,3.185028,,,,,,,,3.055731,-2.076957,4.042699,5.693692,1,,-93.21089,-93.21089,-2075.766,0
38.327,3773,51,NOERROR,2,1,,,-89.82101,-3.341947,-2.152522,8.001373,3.18353,,,,,,,,3.055731,-2.076957,4.042699,5.693692,1,,-93.21089,-93.21089,-2075.766,0
38.334,3774,51,NOERROR,2,1,,,-89.82101,-3.341947,-2.064631,8.001373,3.18353,,,,,,,,3.055731,-2.076957,4.042699,5.693692,1,,-93.21089,-93.21089,-2075.766,0
38.342,3775,51,NOERROR,2,1,,,-89.82101,-3.341947,-2.064631,8.001373,3.181132,,,,,,,,3.055731,-2.076957,4.042699,5.693692,1,,-93.21089,-93.21089,-2075.766,0
38.349,3776,51,NOERROR,2,1,,,-89.82101,-3.341947,-2.064631,8.001373,3.181132,,,,,,,,3.055731,-2.076957,4.042699,5.693692,1,,-93.21089,-93.21089,-2075.766,0
38.357,3777,51,NOERROR,2,1,,,-89.82101,-3.341947,-1.976741,8.001373,3.180832,,,,,,,,3.055731,-2.076957,4.042699,5.693692,1,,-93.21089,-93.21089,-2075.766,0
38.364,3778,51,NOERROR,2,1,,,-89.82101,-3.341947,-1.976741,8.001373,3.18278,,,,,,,,3.055731,-2.076957,4.042699,5.693692,1,,-93.21089,-93.21089,-2075.766,0
38.371,3779,51,NOERROR,2,1,,,-89.82101,-3.341947,-1.976741,8.001373,3.18278,,,,,,,,3.055731,-2.076957,4.042699,5.693692,1,,-93.21089,-93.21089,-2075.766,0
38.379,3780,51,NOERROR,2,1,,,-89.82101,-3.341947,-1.976741,8.001373,3.183979,,,,,,,,3.055731,-2.076957,4.042699,5.693692,1,,-93.21089,-93.21089,-2075.766,0
38.386,3781,51,NOERROR,2,1,,,-89.82101,-3.341947,-1.976741,8.001373,3.186527,,,,,,,,3.055731,-2.076957,4.042699,5.693692,1,,-93.21089,-93.21089,-2075.766,0
38.394,3782,51,NOERROR,2,1,,,-89.82101,-3.429837,-1.976741,8.001373,3.186527,,,,,,,,3.055731,-2.076957,4.042699,5.693692,1,,-93.21089,-93.21089,-2075.766,0
38.401,3783,51,NOERROR,2,1,,,-89.82101,-3.429837,-1.976741,8.001373,3.187426,,,,,,,,3.055731,-2.076957,4.042699,5.693692,1,,-93.21089,-93.21089,-2075.766,0
38.409,3784,51,NOERROR,2,1,,,-89.82101,-3.429837,-1.88885,8.001373,3.187426,,,,,,,,3.055731,-2.076957,4.042699,5.693692,1,,-93.21089,-93.21089,-2075.766,0
38.416,3785,51,NOERROR,2,1,,,-89.82101,-3.429837,-1.88885,8.001373,3.188175,,,,,,,,3.055731,-2.076957,4.042699,5.693692,1,,-93.21089,-93.21089,-2075.766,0
38.424,3786,51,NOERROR,2,1,,,-89.82101,-3.429837,-1.88885,8.001373,3.188925,,,,,,,,3.055731,-2.076957,4.042699,5.693692,1,,-93.21089,-93.21089,-2075.766,0
38.431,3787,51,NOERROR,2,1,,,-89.82101,-3.429837,-1.88885,8.001373,3.188925,,,,,,,,3.055731,-2.076957,4.042699,5.693692,1,,-93.21089,-93.21089,-2075.766,0
38.439,3788,51,NOERROR,2,1,,,-89.82101,-3.429837,-1.88885,8.001373,3.186677,,,,,,,,3.055731,-2.076957,4.042699,5.693692,1,,-93.21089,-93.21089,-2075.766,0
38.446,3789,51,NOERROR,2,1,,,-89.82101,-3.429837,-1.976741,8.001373,3.186227,,,,,,,,3.055731,-2.076957,4.042699,5.693692,1,,-93.21089,-93.21089,-2075.766,0
38.454,3790,51,NOERROR,2,1,,,-89.82101,-3.429837,-1.976741,8.001373,3.186227,,,,,,,,3.055731,-2.076957,4.042699,5.693692,1,,-93.21089,-93.21089,-2075.766,0
38.461,3791,51,NOERROR,2,1,,,-89.82101,-3.429837,-1.976741,8.001373,3.183829,,,,,,,,3.055731,-2.076957,4.042699,5.693692,1,,-93.21089,-93.21089,-2075.766,0
38.469,3792,51,NOERROR,2,1,,,-89.82101,-3.429837,-1.976741,8.001373,3.183829,,,,,,,,3.055731,-2.076957,4.042699,5.693692,1,,-93.21089,-93.21089,-2075.766,0
38.476,3793,51,NOERROR,2,1,,,-89.82101,-3.429837,-1.976741,8.001373,3.18263,,,,,,,,3.055731,-2.076957,4.042699,5.693692,1,,-93.21089,-93.21089,-2075.766,0
38.483,3794,51,NOERROR,2,1,,,-89.82101,-3.429837,-2.064631,8.001373,3.181581,,,,,,,,3.055731,-2.076957,4.042699,5.693692,1,,-93.21089,-93.21089,-2075.766,0
38.491,3795,51,NOERROR,2,1,,,-89.82101,-3.517728,-2.064631,8.001373,3.181581,,,,,,,,3.055731,-2.076957,4.042699,5.693692,1,,-93.21089,-93.21089,-2075.766,0
38.498,3796,51,NOERROR,2,1,,,-89.82101,-3.517728,-2.152522,8.001373,3.180682,,,,,,,,3.055731,-2.076957,4.042699,5.693692,1,,-93.21089,-93.21089,-2075.766,0
38.506,3797,51,NOERROR,2,1,,,-89.82101,-3.517728,-2.152522,8.001373,3.180682,,,,,,,,3.055731,-2.076957,4.042699,5.693692,1,,-93.21089,-93.21089,-2075.766,0
38.513,3798,51,NOERROR,2,1,,,-89.82101,-3.517728,-2.240412,8.001373,3.181581,,,,,,,,3.055731,-2.076957,4.042699,5.693692,1,,-93.21089,-93.21089,-2075.766,0
38.521,3799,51,NOERROR,2,1,,,-89.82101,-3.517728,-2.240412,8.001373,3.182181,,,,,,,,3.055731,-2.076957,4.042699,5.693692,1,,-93.21089,-93.21089,-2075.766,0
38.528,3800,51,NOERROR,2,1,,,-89.82101,-3.517728,-2.328303,8.001373,3.182181,,,,,,,,3.055731,-2.076957,4.042699,5.693692,1,,-93.21089,-93.21089,-2075.766,0
38.536,3801,51,NOERROR,2,1,,,-89.82101,-3.517728,-2.416194,8.001373,3.18323,,,,,,,,3.055731,-2.076957,4.042699,5.693692,1,,-93.21089,-93.21089,-2075.766,0
38.543,3802,51,NOERROR,2,1,,,-89.82101,-3.429837,-2.416194,8.001373,3.184728,,,,,,,,3.055731,-2.076957,4.042699,5.693692,1,,-93.21089,-93.21089,-2075.766,0
38.551,3803,51,NOERROR,2,1,,,-89.82101,-3.429837,-2.504084,8.001373,3.184728,,,,,,,,3.055731,-2.076957,4.042699,5.693692,1,,-93.21089,-93.21089,-2075.766,0
38.558,3804,51,NOERROR,2,1,,,-89.82101,-3.429837,-2.591975,8.001373,3.186377,,,,,,,,3.055731,-2.076957,4.042699,5.693692,1,,-93.21089,-93.21089,-2075.766,0
38.566,3805,51,NOERROR,2,1,,,-89.82101,-3.429837,-2.679866,8.001373,3.186377,,,,,,,,3.055731,-2.076957,4.042699,5.693692,1,,-93.21089,-93.21089,-2075.766,0
38.573,3806,51,NOERROR,2,1,,,-89.82101,-3.429837,-2.767756,8.001373,3.188625,,,,,,,,3.055731,-2.076957,4.042699,5.693692,1,,-93.21089,-93.21089,-2075.766,0
38.581,3807,51,NOERROR,2,1,,,-89.82101,-3.429837,-2.855647,8.001373,3.189224,,,,,,,,3.055731,-2.076957,4.042699,5.693692,1,,-93.21089,-93.21089,-2075.766,0
38.588,3808,51,NOERROR,2,1,,,-89.82101,-3.429837,-2.943537,8.001373,3.189224,,,,,,,,3.055731,-2.076957,4.042699,5.693692,1,,-93.21089,-93.21089,-2075.766,0
38.595,3809,51,NOERROR,2,1,,,-89.82101,-3.429837,-3.031428,8.001373,3.190723,,,,,,,,3.055731,-2.076957,4.042699,5.693692,1,,-93.21089,-93.21089,-2075.766,0
38.603,3810,51,NOERROR,2,1,,,-89.82101,-3.429837,-3.119319,8.001373,3.191472,,,,,,,,3.055731,-2.076957,4.042699,5.693692,1,,-93.21089,-93.21089,-2075.766,0
38.61,3811,51,NOERROR,2,1,,,-89.82101,-3.341947,-3.207209,8.001373,3.191472,,,,,,,,3.055731,-2.076957,4.042699,5.693692,1,,-93.21089,-93.21089,-2075.766,0
38.618,3812,51,NOERROR,2,1,,,-89.82101,-3.341947,-3.2951,8.001373,3.190723,,,,,,,,3.055731,-2.076957,4.042699,5.693692,1,,-93.21089,-93.21089,-2075.766,0
38.625,3813,51,NOERROR,2,1,,,-89.82101,-3.341947,-3.382991,8.001373,3.190723,,,,,,,,3.055731,-2.076957,4.042699,5.693692,1,,-93.21089,-93.21089,-2075.766,0
38.633,3814,51,NOERROR,2,1,,,-89.82101,-3.341947,-3.470881,8.001373,3.190723,,,,,,,,3.055731,-2.076957,4.042699,5.693692,1,,-93.21089,-93.21089,-2075.766,0
38.64,3815,51,NOERROR,2,1,,,-89.82101,-3.341947,-3.558772,8.001373,3.188625,,,,,,,,3.055731,-2.076957,4.042699,5.693692,1,,-93.21089,-93.21089,-2075.766,0
38.648,3816,51,NOERROR,2,1,,,-89.82101,-3.341947,-3.558772,8.001373,3.188625,,,,,,,,3.055731,-2.076957,4.042699,5.693692,1,,-93.21089,-93.21089,-2075.766,0
38.655,3817,51,NOERROR,2,1,,,-89.82101,-3.341947,-3.646662,8.001373,3.188025,,,,,,,,3.055731,-2.076957,4.042699,5.693692,1,,-93.21089,-93.21089,-2075.766,0
38.663,3818,51,NOERROR,2,1,,,-89.82101,-3.341947,-3.734553,8.001373,3.188775,,,,,,,,3.055731,-2.076957,4.042699,5.693692,1,,-93.21089,-93.21089,-2075.766,0
38.67,3819,51,NOERROR,2,1,,,-89.82101,-3.341947,-3.822444,8.001373,3.188775,,,,,,,,3.055731,-2.076957,4.042699,5.693692,1,,-93.21089,-93.21089,-2075.766,0
38.678,3820,51,NOERROR,2,1,,,-89.82101,-3.341947,-3.910334,8.001373,3.188925,,,,,,,,3.055731,-2.076957,4.042699,5.693692,1,,-93.21089,-93.21089,-2075.766,0
38.685,3821,51,NOERROR,2,1,,,-89.82101,-3.254056,-3.998225,8.001373,3.188925,,,,,,,,3.055731,-2.076957,4.042699,5.693692,1,,-93.21089,-93.21089,-2075.766,0
38.693,3822,51,NOERROR,2,1,,,-89.82101,-3.254056,-4.086116,8.001373,3.189524,,,,,,,,3.055731,-2.076957,4.042699,5.693692,1,,-93.21089,-93.21089,-2075.766,0
38.7,3823,51,NOERROR,2,1,,,-89.82101,-3.254056,-4.174006,8.001373,3.190723,,,,,,,,3.055731,-2.076957,4.042699,5.693692,1,,-93.21089,-93.21089,-2075.766,0
38.707,3824,51,NOERROR,2,1,,,-89.82101,-3.254056,-4.174006,8.001373,3.190723,,,,,,,,3.055731,-2.076957,4.042699,5.693692,1,,-93.21089,-93.21089,-2075.766,0
38.715,3825,51,NOERROR,2,1,,,-89.82101,-3.254056,-4.261897,8.001373,3.191772,,,,,,,,3.055731,-2.076957,4.042699,5.693692,1,,-93.21089,-93.21089,-2075.766,0
38.722,3826,51,NOERROR,2,1,,,-89.82101,-3.254056,-4.349788,8.001373,3.191772,,,,,,,,3.055731,-2.076957,4.042699,5.693692,1,,-93.21089,-93.21089,-2075.766,0
38.73,3827,51,NOERROR,2,1,,,-89.82101,-3.254056,-4.437678,8.001373,3.19372,,,,,,,,3.055731,-2.076957,4.042699,5.693692,1,,-93.21089,-93.21089,-2075.766,0
38.737,3828,51,NOERROR,2,1,,,-89.82101,-3.254056,-4.437678,8.001373,3.194769,,,,,,,,3.055731,-2.076957,4.042699,5.693692,1,,-93.21089,-93.21089,-2075.766,0
38.745,3829,51,NOERROR,2,1,,,-89.82101,-3.254056,-4.525569,8.001373,3.194769,,,,,,,,3.055731,-2.076957,4.042699,5.693692,1,,-93.21089,-93.21089,-2075.766,0
38.752,3830,51,NOERROR,2,1,,,-89.82101,-3.254056,-4.61346,8.001373,3.196867,,,,,,,,3.055731,-2.076957,4.042699,5.693692,1,,-93.21089,-93.21089,-2075.766,0
38.76,3831,51,NOERROR,2,1,,,-89.82101,-3.254056,-4.70135,8.001373,3.198366,,,,,,,,3.055731,-2.076957,4.042699,5.693692,1,,-93.21089,-93.21089,-2075.766,0
38.767,3832,51,NOERROR,2,1,,,-89.82101,-3.254056,-4.70135,8.001373,3.198366,,,,,,,,3.055731,-2.076957,4.042699,5.693692,1,,-93.21089,-93.21089,-2075.766,0
38.775,3833,51,NOERROR,2,1,,,-89.82101,-3.254056,-4.789241,8.001373,3.198816,,,,,,,,3.055731,-2.076957,4.042699,5.693692,1,,-93.21089,-93.21089,-2075.766,0
38.782,3834,51,NOERROR,2,1,,,-89.82101,-3.254056,-4.789241,8.001373,3.198816,,,,,,,,3.055731,-2.076957,4.042699,5.693692,1,,-93.21089,-93.21089,-2075.766,0
38.79,3835,51,NOERROR,2,1,,,-89.82101,-3.254056,-4.877131,8.001373,3.198665,,,,,,,,3.055731,-2.076957,4.042699,5.693692,1,,-93.21089,-93.21089,-2075.766,0
38.797,3836,51,NOERROR,2,1,,,-89.82101,-3.254056,-4.877131,8.001373,3.196418,,,,,,,,3.055731,-2.076957,4.042699,5.693692,1,,-93.21089,-93.21089,-2075.766,0
38.805,3837,51,NOERROR,2,1,,,-89.82101,-3.254056,-4.965022,8.001373,3.196418,,,,,,,,3.055731,-2.076957,4.042699,5.693692,1,,-93.21089,-93.21089,-2075.766,0
38.812,3838,51,NOERROR,2,1,,,-89.82101,-3.254056,-4.965022,8.001373,3.19402,,,,,,,,3.055731,-2.076957,4.042699,5.693692,1,,-93.21089,-93.21089,-2075.766,0
38.819,3839,51,NOERROR,2,1,,,-89.82101,-3.254056,-4.965022,8.001373,3.189824,,,,,,,,3.055731,-2.076957,4.042699,5.693692,1,,-93.21089,-93.21089,-2075.766,0
38.827,3840,51,NOERROR,2,1,,,-89.82101,-3.254056,-5.052913,8.001373,3.189824,,,,,,,,3.055731,-2.076957,4.042699,5.693692,1,,-93.21089,-93.21089,-2075.766,0
38.834,3841,51,NOERROR,2,1,,,-89.82101,-3.254056,-5.052913,8.001373,3.187876,,,,,,,,3.055731,-2.076957,4.042699,5.693692,1,,-93.21089,-93.21089,-2075.766,0
38.842,3842,51,NOERROR,2,1,,,-89.82101,-3.254056,-5.052913,8.001373,3.187876,,,,,,,,3.055731,-2.076957,4.042699,5.693692,1,,-93.21089,-93.21089,-2075.766,0
38.849,3843,51,NOERROR,2,1,,,-89.82101,-3.254056,-5.052913,8.001373,3.188775,,,,,,,,3.055731,-2.076957,4.042699,5.693692,1,,-93.21089,-93.21089,-2075.766,0
38.857,3844,51,NOERROR,2,1,,,-89.82101,-3.254056,-5.140803,8.001373,3.189374,,,,,,,,3.055731,-2.076957,4.042699,5.693692,1,,-93.21089,-93.21089,-2075.766,0
38.864,3845,51,NOERROR,2,1,,,-89.82101,-3.254056,-5.140803,8.001373,3.189374,,,,,,,,3.055731,-2.076957,4.042699,5.693692,1,,-93.21089,-93.21089,-2075.766,0
38.872,3846,51,NOERROR,2,1,,,-89.82101,-3.254056,-5.140803,8.001373,3.192072,,,,,,,,3.055731,-2.076957,4.042699,5.693692,1,,-93.21089,-93.21089,-2075.766,0
38.879,3847,51,NOERROR,2,1,,,-89.82101,-3.254056,-5.140803,8.001373,3.192671,,,,,,,,3.055731,-2.076957,4.042699,5.693692,1,,-93.21089,-93.21089,-2075.766,0
38.887,3848,51,NOERROR,2,1,,,-89.82101,-3.254056,-5.140803,8.001373,3.192671,,,,,,,,3.055731,-2.076957,4.042699,5.693692,1,,-93.21089,-93.21089,-2075.766,0
38.894,3849,51,NOERROR,2,1,,,-89.82101,-3.254056,-5.228694,8.001373,3.194319,,,,,,,,3.055731,-2.076957,4.042699,5.693692,1,,-93.21089,-93.21089,-2075.766,0
38.902,3850,51,NOERROR,2,1,,,-89.82101,-3.341947,-5.228694,8.001373,3.194319,,,,,,,,3.055731,-2.076957,4.042699,5.693692,1,,-93.21089,-93.21089,-2075.766,0
38.909,3851,51,NOERROR,2,1,,,-89.82101,-3.341947,-5.228694,8.001373,3.196718,,,,,,,,3.055731,-2.076957,4.042699,5.693692,1,,-93.21089,-93.21089,-2075.766,0
38.917,3852,51,NOERROR,2,1,,,-89.82101,-3.341947,-5.228694,8.001373,3.195968,,,,,,,,3.055731,-2.076957,4.042699,5.693692,1,,-93.21089,-93.21089,-2075.766,0
38.924,3853,51,NOERROR,2,1,,,-89.82101,-3.341947,-5.228694,8.001373,3.195968,,,,,,,,3.055731,-2.076957,4.042699,5.693692,1,,-93.21089,-93.21089,-2075.766,0
38.931,3854,51,NOERROR,2,1,,,-89.82101,-3.341947,-5.228694,8.001373,3.196568,,,,,,,,3.055731,-2.076957,4.042699,5.693692,1,,-93.21089,-93.21089,-2075.766,0
38.939,3855,51,NOERROR,2,1,,,-89.82101,-3.341947,-5.228694,8.001373,3.196568,,,,,,,,3.055731,-2.076957,4.042699,5.693692,1,,-93.21089,-93.21089,-2075.766,0
38.946,3856,51,NOERROR,2,1,,,-89.82101,-3.341947,-5.228694,8.001373,3.196118,,,,,,,,3.055731,-2.076957,4.042699,5.693692,1,,-93.21089,-93.21089,-2075.766,0
38.954,3857,51,NOERROR,2,1,,,-89.82101,-3.341947,-5.228694,8.001373,3.19342,,,,,,,,3.055731,-2.076957,4.042699,5.693692,1,,-93.21089,-93.21089,-2075.766,0
38.961,3858,51,NOERROR,2,1,,,-89.82101,-3.429837,-5.228694,8.001373,3.19342,,,,,,,,3.055731,-2.076957,4.042699,5.693692,1,,-93.21089,-93.21089,-2075.766,0
38.969,3859,51,NOERROR,2,1,,,-89.82101,-3.429837,-5.228694,8.001373,3.190573,,,,,,,,3.055731,-2.076957,4.042699,5.693692,1,,-93.21089,-93.21089,-2075.766,0
38.976,3860,51,NOERROR,2,1,,,-89.82101,-3.429837,-5.228694,8.001373,3.187276,,,,,,,,3.055731,-2.076957,4.042699,5.693692,1,,-93.21089,-93.21089,-2075.766,0
38.984,3861,51,NOERROR,2,1,,,-89.82101,-3.429837,-5.228694,8.001373,3.187276,,,,,,,,3.055731,-2.076957,4.042699,5.693692,1,,-93.21089,-93.21089,-2075.766,0
38.991,3862,51,NOERROR,2,1,,,-89.82101,-3.429837,-5.228694,8.001373,3.185777,,,,,,,,3.055731,-2.076957,4.042699,5.693692,1,,-93.21089,-93.21089,-2075.766,0
38.999,3863,51,NOERROR,2,1,,,-89.82101,-3.429837,-5.228694,8.001373,3.185777,,,,,,,,3.055731,-2.076957,4.042699,5.693692,1,,-93.21089,-93.21089,-2075.766,0
39.006,3864,51,NOERROR,2,1,,,-89.82101,-3.429837,-5.316585,8.001373,3.184129,,,,,,,,3.055731,-2.076957,4.042699,5.693692,1,,-93.21089,-93.21089,-2075.766,0
39.014,3865,51,NOERROR,2,1,,,-89.82101,-3.517728,-5.316585,8.001373,3.184579,,,,,,,,3.055731,-2.076957,4.042699,5.693692,1,,-93.21089,-93.21089,-2075.766,0
39.021,3866,51,NOERROR,2,1,,,-89.82101,-3.517728,-5.316585,8.001373,3.184579,,,,,,,,3.055731,-2.076957,4.042699,5.693692,1,,-93.21089,-93.21089,-2075.766,0
39.029,3867,51,NOERROR,2,1,,,-89.82101,-3.517728,-5.316585,8.001373,3.187126,,,,,,,,3.055731,-2.076957,4.042699,5.693692,1,,-93.21089,-93.21089,-2075.766,0
39.036,3868,51,NOERROR,2,1,,,-89.82101,-3.517728,-5.316585,8.001373,3.188775,,,,,,,,3.055731,-2.076957,4.042699,5.693692,1,,-93.21089,-93.21089,-2075.766,0
39.044,3869,51,NOERROR,2,1,,,-89.82101,-3.517728,-5.316585,8.001373,3.188775,,,,,,,,3.055731,-2.076957,4.042699,5.693692,1,,-93.21089,-93.21089,-2075.766,0
39.051,3870,51,NOERROR,2,1,,,-89.82101,-3.517728,-5.316585,8.001373,3.191472,,,,,,,,3.055731,-2.076957,4.042699,5.693692,1,,-93.21089,-93.21089,-2075.766,0
39.058,3871,51,NOERROR,2,1,,,-89.82101,-3.517728,-5.316585,8.001373,3.191472,,,,,,,,3.055731,-2.076957,4.042699,5.693692,1,,-93.21089,-93.21089,-2075.766,0
39.066,3872,51,NOERROR,2,1,,,-89.82101,-3.517728,-5.316585,8.001373,3.190573,,,,,,,,3.055731,-2.076957,4.042699,5.693692,1,,-93.21089,-93.21089,-2075.766,0
39.073,3873,51,NOERROR,2,1,,,-89.82101,-3.517728,-5.316585,8.001373,3.189824,,,,,,,,3.055731,-2.076957,4.042699,5.693692,1,,-93.21089,-93.21089,-2075.766,0
39.081,3874,51,NOERROR,2,1,,,-89.82101,-3.517728,-5.404475,8.001373,3.189824,,,,,,,,3.055731,-2.076957,4.042699,5.693692,1,,-93.21089,-93.21089,-2075.766,0
39.088,3875,51,NOERROR,2,1,,,-89.82101,-3.517728,-5.404475,8.001373,3.188475,,,,,,,,3.055731,-2.076957,4.042699,5.693692,1,,-93.21089,-93.21089,-2075.766,0
39.096,3876,51,NOERROR,2,1,,,-89.82101,-3.517728,-5.404475,8.001373,3.186677,,,,,,,,3.055731,-2.076957,4.042699,5.693692,1,,-93.21089,-93.21089,-2075.766,0
39.103,3877,51,NOERROR,2,1,,,-89.82101,-3.605618,-5.404475,8.001373,3.186677,,,,,,,,3.055731,-2.076957,4.042699,5.693692,1,,-93.21089,-93.21089,-2075.766,0
39.111,3878,51,NOERROR,2,1,,,-89.82101,-3.605618,-5.404475,8.001373,3.187726,,,,,,,,3.055731,-2.076957,4.042699,5.693692,1,,-93.21089,-93.21089,-2075.766,0
39.118,3879,51,NOERROR,2,1,,,-89.82101,-3.605618,-5.404475,8.001373,3.187726,,,,,,,,3.055731,-2.076957,4.042699,5.693692,1,,-93.21089,-93.21089,-2075.766,0
39.126,3880,51,NOERROR,2,1,,,-89.82101,-3.605618,-5.404475,8.001373,3.186077,,,,,,,,3.055731,-2.076957,4.042699,5.693692,1,,-93.21089,-93.21089,-2075.766,0
39.133,3881,51,NOERROR,2,1,,,-89.82101,-3.605618,-5.492366,8.001373,3.185328,,,,,,,,3.055731,-2.076957,4.042699,5.693692,1,,-93.21089,-93.21089,-2075.766,0
39.141,3882,51,NOERROR,2,1,,,-89.82101,-3.605618,-5.492366,8.001373,3.185328,,,,,,,,3.055731,-2.076957,4.042699,5.693692,1,,-93.21089,-93.21089,-2075.766,0
39.148,3883,51,NOERROR,2,1,,,-89.82101,-3.605618,-5.492366,8.001373,3.184429,,,,,,,,3.055731,-2.076957,4.042699,5.693692,1,,-93.21089,-93.21089,-2075.766,0
39.156,3884,51,NOERROR,2,1,,,-89.82101,-3.605618,-5.492366,8.001373,3.184429,,,,,,,,3.055731,-2.076957,4.042699,5.693692,1,,-93.21089,-93.21089,-2075.766,0
39.163,3885,51,NOERROR,2,1,,,-89.82101,-3.605618,-5.492366,8.001373,3.18323,,,,,,,,3.055731,-2.076957,4.042699,5.693692,1,,-93.21089,-93.21089,-2075.766,0
39.17,3886,51,NOERROR,2,1,,,-89.82101,-3.605618,-5.492366,8.001373,3.184579,,,,,,,,3.055731,-2.076957,4.042699,5.693692,1,,-93.21089,-93.21089,-2075.766,0
39.178,3887,51,NOERROR,2,1,,,-89.82101,-3.605618,-5.492366,8.001373,3.184579,,,,,,,,3.055731,-2.076957,4.042699,5.693692,1,,-93.21089,-93.21089,-2075.766,0
39.185,3888,51,NOERROR,2,1,,,-89.82101,-3.605618,-5.580256,8.001373,3.184129,,,,,,,,3.055731,-2.076957,4.042699,5.693692,1,,-93.21089,-93.21089,-2075.766,0
39.193,3889,51,NOERROR,2,1,,,-89.82101,-3.605618,-5.580256,8.001373,3.184429,,,,,,,,3.055731,-2.076957,4.042699,5.693692,1,,-93.21089,-93.21089,-2075.766,0
39.2,3890,51,NOERROR,2,1,,,-89.82101,-3.605618,-5.580256,8.001373,3.184429,,,,,,,,3.055731,-2.076957,4.042699,5.693692,1,,-93.21089,-93.21089,-2075.766,0
39.208,3891,51,NOERROR,2,1,,,-89.82101,-3.605618,-5.580256,8.001373,3.184728,,,,,,,,3.055731,-2.076957,4.042699,5.693692,1,,-93.21089,-93.21089,-2075.766,0
39.215,3892,51,NOERROR,2,1,,,-89.82101,-3.605618,-5.580256,8.001373,3.184728,,,,,,,,3.055731,-2.076957,4.042699,5.693692,1,,-93.21089,-93.21089,-2075.766,0
39.223,3893,51,NOERROR,2,1,,,-89.82101,-3.605618,-5.668147,8.001373,3.184579,,,,,,,,3.055731,-2.076957,4.042699,5.693692,1,,-93.21089,-93.21089,-2075.766,0
39.23,3894,51,NOERROR,2,1,,,-89.82101,-3.605618,-5.668147,8.001373,3.185777,,,,,,,,3.055731,-2.076957,4.042699,5.693692,1,,-93.21089,-93.21089,-2075.766,0
39.238,3895,51,NOERROR,2,1,,,-89.82101,-3.605618,-5.668147,8.001373,3.185777,,,,,,,,3.055731,-2.076957,4.042699,5.693692,1,,-93.21089,-93.21089,-2075.766,0
39.245,3896,51,NOERROR,2,1,,,-89.82101,-3.605618,-5.668147,8.001373,3.185777,,,,,,,,3.055731,-2.076957,4.042699,5.693692,1,,-93.21089,-93.21089,-2075.766,0
39.253,3897,51,NOERROR,2,1,,,-89.82101,-3.605618,-5.668147,8.001373,3.186527,,,,,,,,3.055731,-2.076957,4.042699,5.693692,1,,-93.21089,-93.21089,-2075.766,0
39.26,3898,51,NOERROR,2,1,,,-89.82101,-3.605618,-5.668147,8.001373,3.186527,,,,,,,,3.055731,-2.076957,4.042699,5.693692,1,,-93.21089,-93.21089,-2075.766,0
39.268,3899,51,NOERROR,2,1,,,-89.82101,-3.605618,-5.668147,8.001373,3.186077,,,,,,,,3.055731,-2.076957,4.042699,5.693692,1,,-93.21089,-93.21089,-2075.766,0
39.275,3900,51,NOERROR,2,1,,,-89.82101,-3.605618,-5.756038,8.001373,3.186077,,,,,,,,3.055731,-2.076957,4.042699,5.693692,1,,-93.21089,-93.21089,-2075.766,0
39.282,3901,51,NOERROR,2,1,,,-89.82101,-3.605618,-5.756038,8.001373,3.185927,,,,,,,,3.055731,-2.076957,4.042699,5.693692,1,,-93.21089,-93.21089,-2075.766,0
39.29,3902,51,NOERROR,2,1,,,-89.82101,-3.605618,-5.756038,8.001373,3.185777,,,,,,,,3.055731,-2.076957,4.042699,5.693692,1,,-93.21089,-93.21089,-2075.766,0
39.297,3903,51,NOERROR,2,1,,,-89.82101,-3.605618,-5.756038,8.001373,3.185777,,,,,,,,3.055731,-2.076957,4.042699,5.693692,1,,-93.21089,-93.21089,-2075.766,0
39.305,3904,51,NOERROR,2,1,,,-89.82101,-3.605618,-5.756038,8.001373,3.185328,,,,,,,,3.055731,-2.076957,4.042699,5.693692,1,,-93.21089,-93.21089,-2075.766,0
39.312,3905,51,NOERROR,2,1,,,-89.82101,-3.605618,-5.756038,8.001373,3.186527,,,,,,,,3.055731,-2.076957,4.042699,5.693692,1,,-93.21089,-93.21089,-2075.766,0
39.32,3906,51,NOERROR,2,1,,,-89.82101,-3.605618,-5.756038,8.001373,3.186527,,,,,,,,3.055731,-2.076957,4.042699,5.693692,1,,-93.21089,-93.21089,-2075.766,0
39.327,3907,51,NOERROR,2,1,,,-89.82101,-3.605618,-5.843928,8.001373,3.186527,,,,,,,,3.055731,-2.076957,4.042699,5.693692,1,,-93.21089,-93.21089,-2075.766,0
39.335,3908,51,NOERROR,2,1,,,-89.82101,-3.605618,-5.843928,8.001373,3.186527,,,,,,,,3.055731,-2.076957,4.042699,5.693692,1,,-93.21089,-93.21089,-2075.766,0
39.342,3909,51,NOERROR,2,1,,,-89.82101,-3.605618,-5.843928,8.001373,3.187276,,,,,,,,3.055731,-2.076957,4.042699,5.693692,1,,-93.21089,-93.21089,-2075.766,0
39.35,3910,51,NOERROR,2,1,,,-89.82101,-3.605618,-5.843928,8.001373,3.189374,,,,,,,,3.055731,-2.076957,4.042699,5.693692,1,,-93.21089,-93.21089,-2075.766,0
39.357,3911,51,NOERROR,2,1,,,-89.82101,-3.605618,-5.843928,8.001373,3.189374,,,,,,,,3.055731,-2.076957,4.042699,5.693692,1,,-93.21089,-93.21089,-2075.766,0
39.365,3912,51,NOERROR,2,1,,,-89.82101,-3.605618,-5.843928,8.001373,3.189674,,,,,,,,3.055731,-2.076957,4.042699,5.693692,1,,-93.21089,-93.21089,-2075.766,0
39.372,3913,51,NOERROR,2,1,,,-89.82101,-3.605618,-5.843928,8.001373,3.189674,,,,,,,,3.055731,-2.076957,4.042699,5.693692,1,,-93.21089,-93.21089,-2075.766,0
39.38,3914,51,NOERROR,2,1,,,-89.82101,-3.605618,-5.843928,8.001373,3.188925,,,,,,,,3.055731,-2.076957,4.042699,5.693692,1,,-93.21089,-93.21089,-2075.766,0
39.387,3915,51,NOERROR,2,1,,,-89.82101,-3.605618,-5.931819,8.001373,3.188025,,,,,,,,3.055731,-2.076957,4.042699,5.693692,1,,-93.21089,-93.21089,-2075.766,0
39.394,3916,51,NOERROR,2,1,,,-89.82101,-3.605618,-5.931819,8.001373,3.188025,,,,,,,,3.055731,-2.076957,4.042699,5.693692,1,,-93.21089,-93.21089,-2075.766,0
39.402,3917,51,NOERROR,2,1,,,-89.82101,-3.605618,-5.931819,8.001373,3.187876,,,,,,,,3.055731,-2.076957,4.042699,5.693692,1,,-93.21089,-93.21089,-2075.766,0
39.409,3918,51,NOERROR,2,1,,,-89.82101,-3.605618,-5.931819,8.001373,3.190273,,,,,,,,3.055731,-2.076957,4.042699,5.693692,1,,-93.21089,-93.21089,-2075.766,0
39.417,3919,51,NOERROR,2,1,,,-89.82101,-3.605618,-5.931819,8.001373,3.190273,,,,,,,,3.055731,-2.076957,4.042699,5.693692,1,,-93.21089,-93.21089,-2075.766,0
39.424,3920,51,NOERROR,2,1,,,-89.82101,-3.605618,-5.931819,8.001373,3.192521,,,,,,,,3.055731,-2.076957,4.042699,5.693692,1,,-93.21089,-93.21089,-2075.766,0
39.432,3921,51,NOERROR,2,1,,,-89.82101,-3.605618,-5.931819,8.001373,3.192521,,,,,,,,3.055731,-2.076957,4.042699,5.693692,1,,-93.21089,-93.21089,-2075.766,0
39.439,3922,51,NOERROR,2,1,,,-89.82101,-3.605618,-5.931819,8.001373,3.195518,,,,,,,,3.055731,-2.076957,4.042699,5.693692,1,,-93.21089,-93.21089,-2075.766,0
39.447,3923,51,NOERROR,2,1,,,-89.82101,-3.605618,-5.931819,8.001373,3.197017,,,,,,,,3.055731,-2.076957,4.042699,5.693692,1,,-93.21089,-93.21089,-2075.766,0
39.454,3924,51,NOERROR,2,1,,,-89.82101,-3.605618,-5.931819,8.001373,3.197017,,,,,,,,3.055731,-2.076957,4.042699,5.693692,1,,-93.21089,-93.21089,-2075.766,0
39.462,3925,51,NOERROR,2,1,,,-89.82101,-3.605618,-5.931819,8.001373,3.197317,,,,,,,,3.055731,-2.076957,4.042699,5.693692,1,,-93.21089,-93.21089,-2075.766,0
39.469,3926,51,NOERROR,2,1,,,-89.82101,-3.605618,-5.931819,8.001373,3.198516,,,,,,,,3.055731,-2.076957,4.042699,5.693692,1,,-93.21089,-93.21089,-2075.766,0
39.477,3927,51,NOERROR,2,1,,,-89.82101,-3.605618,-5.931819,8.001373,3.198516,,,,,,,,3.055731,-2.076957,4.042699,5.693692,1,,-93.21089,-93.21089,-2075.766,0
39.484,3928,51,NOERROR,2,1,,,-89.82101,-3.605618,-5.931819,8.001373,3.199415,,,,,,,,3.055731,-2.076957,4.042699,5.693692,1,,-93.21089,-93.21089,-2075.766,0
39.492,3929,51,NOERROR,2,1,,,-89.82101,-3.605618,-5.931819,8.001373,3.199415,,,,,,,,3.055731,-2.076957,4.042699,5.693692,1,,-93.21089,-93.21089,-2075.766,0
39.499,3930,51,NOERROR,2,1,,,-89.82101,-3.605618,-5.931819,8.001373,3.200464,,,,,,,,3.055731,-2.076957,4.042699,5.693692,1,,-93.21089,-93.21089,-2075.766,0
39.506,3931,51,NOERROR,2,1,,,-89.82101,-3.605618,-5.931819,8.001373,3.200763,,,,,,,,3.055731,-2.076957,4.042699,5.693692,1,,-93.21089,-93.21089,-2075.766,0
39.514,3932,51,NOERROR,2,1,,,-89.82101,-3.605618,-5.843928,8.001373,3.200763,,,,,,,,3.055731,-2.076957,4.042699,5.693692,1,,-93.21089,-93.21089,-2075.766,0
39.521,3933,51,NOERROR,2,1,,,-89.82101,-3.605618,-5.843928,8.001373,3.199265,,,,,,,,3.055731,-2.076957,4.042699,5.693692,1,,-93.21089,-93.21089,-2075.766,0
39.529,3934,51,NOERROR,2,1,,,-89.82101,-3.605618,-5.843928,8.001373,3.198516,,,,,,,,3.055731,-2.076957,4.042699,5.693692,1,,-93.21089,-93.21089,-2075.766,0
39.536,3935,51,NOERROR,2,1,,,-89.82101,-3.605618,-5.843928,8.001373,3.198516,,,,,,,,3.055731,-2.076957,4.042699,5.693692,1,,-93.21089,-93.21089,-2075.766,0
39.544,3936,51,NOERROR,2,1,,,-89.82101,-3.605618,-5.843928,8.001373,3.196867,,,,,,,,3.055731,-2.076957,4.042699,5.693692,1,,-93.21089,-93.21089,-2075.766,0
39.551,3937,51,NOERROR,2,1,,,-89.82101,-3.605618,-5.843928,8.001373,3.196867,,,,,,,,3.055731,-2.076957,4.042699,5.693692,1,,-93.21089,-93.21089,-2075.766,0
39.559,3938,51,NOERROR,2,1,,,-89.82101,-3.605618,-5.843928,8.001373,3.196118,,,,,,,,3.055731,-2.076957,4.042699,5.693692,1,,-93.21089,-93.21089,-2075.766,0
39.566,3939,51,NOERROR,2,1,,,-89.82101,-3.605618,-5.756038,8.001373,3.195968,,,,,,,,3.055731,-2.076957,4.042699,5.693692,1,,-93.21089,-93.21089,-2075.766,0
39.574,3940,51,NOERROR,2,1,,,-89.82101,-3.605618,-5.756038,8.001373,3.195968,,,,,,,,3.055731,-2.076957,4.042699,5.693692,1,,-93.21089,-93.21089,-2075.766,0
39.581,3941,51,NOERROR,2,1,,,-89.82101,-3.605618,-5.756038,8.001373,3.195369,,,,,,,,3.055731,-2.076957,4.042699,5.693692,1,,-93.21089,-93.21089,-2075.766,0
39.589,3942,51,NOERROR,2,1,,,-89.82101,-3.605618,-5.756038,8.001373,3.195369,,,,,,,,3.055731,-2.076957,4.042699,5.693692,1,,-93.21089,-93.21089,-2075.766,0
39.596,3943,51,NOERROR,2,1,,,-89.82101,-3.605618,-5.756038,8.001373,3.197767,,,,,,,,3.055731,-2.076957,4.042699,5.693692,1,,-93.21089,-93.21089,-2075.766,0
39.604,3944,51,NOERROR,2,1,,,-89.82101,-3.605618,-5.756038,8.001373,3.199714,,,,,,,,3.055731,-2.076957,4.042699,5.693692,1,,-93.21089,-93.21089,-2075.766,0
39.611,3945,51,NOERROR,2,1,,,-89.82101,-3.605618,-5.756038,8.001373,3.199714,,,,,,,,3.055731,-2.076957,4.042699,5.693692,1,,-93.21089,-93.21089,-2075.766,0
39.618,3946,51,NOERROR,2,1,,,-89.82101,-3.605618,-5.668147,8.001373,3.201363,,,,,,,,3.055731,-2.076957,4.042699,5.693692,1,,-93.21089,-93.21089,-2075.766,0
39.626,3947,51,NOERROR,2,1,,,-89.82101,-3.605618,-5.668147,8.001373,3.200913,,,,,,,,3.055731,-2.076957,4.042699,5.693692,1,,-93.21089,-93.21089,-2075.766,0
39.633,3948,51,NOERROR,2,1,,,-89.82101,-3.605618,-5.668147,8.001373,3.200913,,,,,,,,3.055731,-2.076957,4.042699,5.693692,1,,-93.21089,-93.21089,-2075.766,0
39.641,3949,51,NOERROR,2,1,,,-89.82101,-3.605618,-5.668147,8.001373,3.198366,,,,,,,,3.055731,-2.076957,4.042699,5.693692,1,,-93.21089,-93.21089,-2075.766,0
39.648,3950,51,NOERROR,2,1,,,-89.82101,-3.605618,-5.668147,8.001373,3.198366,,,,,,,,3.055731,-2.076957,4.042699,5.693692,1,,-93.21089,-93.21089,-2075.766,0
39.656,3951,51,NOERROR,2,1,,,-89.82101,-3.605618,-5.668147,8.001373,3.197167,,,,,,,,3.055731,-2.076957,4.042699,5.693692,1,,-93.21089,-93.21089,-2075.766,0
39.663,3952,51,NOERROR,2,1,,,-89.82101,-3.605618,-5.668147,8.001373,3.195968,,,,,,,,3.055731,-2.076957,4.042699,5.693692,1,,-93.21089,-93.21089,-2075.766,0
39.671,3953,51,NOERROR,2,1,,,-89.82101,-3.605618,-5.668147,8.001373,3.195968,,,,,,,,3.055731,-2.076957,4.042699,5.693692,1,,-93.21089,-93.21089,-2075.766,0
39.678,3954,51,NOERROR,2,1,,,-89.82101,-3.605618,-5.668147,8.001373,3.193121,,,,,,,,3.055731,-2.076957,4.042699,5.693692,1,,-93.21089,-93.21089,-2075.766,0
39.686,3955,51,NOERROR,2,1,,,-89.82101,-3.605618,-5.668147,8.001373,3.191023,,,,,,,,3.055731,-2.076957,4.042699,5.693692,1,,-93.21089,-93.21089,-2075.766,0
39.693,3956,51,NOERROR,2,1,,,-89.82101,-3.605618,-5.668147,8.001373,3.191023,,,,,,,,3.055731,-2.076957,4.042699,5.693692,1,,-93.21089,-93.21089,-2075.766,0
39.701,3957,51,NOERROR,2,1,,,-89.82101,-3.605618,-5.668147,8.001373,3.188175,,,,,,,,3.055731,-2.076957,4.042699,5.693692,1,,-93.21089,-93.21089,-2075.766,0
39.708,3958,51,NOERROR,2,1,,,-89.82101,-3.605618,-5.668147,8.001373,3.188175,,,,,,,,3.055731,-2.076957,4.042699,5.693692,1,,-93.21089,-93.21089,-2075.766,0
39.716,3959,51,NOERROR,2,1,,,-89.82101,-3.605618,-5.668147,8.001373,3.187126,,,,,,,,3.055731,-2.076957,4.042699,5.693692,1,,-93.21089,-93.21089,-2075.766,0
39.723,3960,51,NOERROR,2,1,,,-89.82101,-3.605618,-5.668147,8.001373,3.186677,,,,,,,,3.055731,-2.076957,4.042699,5.693692,1,,-93.21089,-93.21089,-2075.766,0
39.731,3961,51,NOERROR,2,1,,,-89.82101,-3.605618,-5.668147,8.001373,3.186677,,,,,,,,3.055731,-2.076957,4.042699,5.693692,1,,-93.21089,-93.21089,-2075.766,0
39.738,3962,51,NOERROR,2,1,,,-89.82101,-3.605618,-5.668147,8.001373,3.188025,,,,,,,,3.055731,-2.076957,4.042699,5.693692,1,,-93.21089,-93.21089,-2075.766,0
39.745,3963,51,NOERROR,2,1,,,-89.82101,-3.517728,-5.668147,8.001373,3.189824,,,,,,,,3.055731,-2.076957,4.042699,5.693692,1,,-93.21089,-93.21089,-2075.766,0
39.753,3964,51,NOERROR,2,1,,,-89.82101,-3.517728,-5.668147,8.001373,3.189824,,,,,,,,3.055731,-2.076957,4.042699,5.693692,1,,-93.21089,-93.21089,-2075.766,0
39.76,3965,51,NOERROR,2,1,,,-89.82101,-3.517728,-5.668147,8.001373,3.190873,,,,,,,,3.055731,-2.076957,4.042699,5.693692,1,,-93.21089,-93.21089,-2075.766,0
39.768,3966,51,NOERROR,2,1,,,-89.82101,-3.517728,-5.668147,8.001373,3.190873,,,,,,,,3.055731,-2.076957,4.042699,5.693692,1,,-93.21089,-93.21089,-2075.766,0
39.775,3967,51,NOERROR,2,1,,,-89.82101,-3.517728,-5.668147,8.001373,3.19357,,,,,,,,3.055731,-2.076957,4.042699,5.693692,1,,-93.21089,-93.21089,-2075.766,0
39.783,3968,51,NOERROR,2,1,,,-89.82101,-3.517728,-5.668147,8.001373,3.19402,,,,,,,,3.055731,-2.076957,4.042699,5.693692,1,,-93.21089,-93.21089,-2075.766,0
39.79,3969,51,NOERROR,2,1,,,-89.82101,-3.517728,-5.756038,8.001373,3.19402,,,,,,,,3.055731,-2.076957,4.042699,5.693692,1,,-93.21089,-93.21089,-2075.766,0
39.798,3970,51,NOERROR,2,1,,,-89.82101,-3.517728,-5.756038,8.001373,3.194619,,,,,,,,3.055731,-2.076957,4.042699,5.693692,1,,-93.21089,-93.21089,-2075.766,0
39.805,3971,51,NOERROR,2,1,,,-89.82101,-3.517728,-5.756038,8.001373,3.194319,,,,,,,,3.055731,-2.076957,4.042699,5.693692,1,,-93.21089,-93.21089,-2075.766,0
39.813,3972,51,NOERROR,2,1,,,-89.82101,-3.517728,-5.756038,8.001373,3.194319,,,,,,,,3.055731,-2.076957,4.042699,5.693692,1,,-93.21089,-93.21089,-2075.766,0
39.82,3973,51,NOERROR,2,1,,,-89.82101,-3.517728,-5.756038,8.001373,3.191472,,,,,,,,3.055731,-2.076957,4.042699,5.693692,1,,-93.21089,-93.21089,-2075.766,0
39.828,3974,51,NOERROR,2,1,,,-89.82101,-3.517728,-5.756038,8.001373,3.191472,,,,,,,,3.055731,-2.076957,4.042699,5.693692,1,,-93.21089,-93.21089,-2075.766,0
39.835,3975,51,NOERROR,2,1,,,-89.82101,-3.517728,-5.756038,8.001373,3.190573,,,,,,,,3.055731,-2.076957,4.042699,5.693692,1,,-93.21089,-93.21089,-2075.766,0
39.843,3976,51,NOERROR,2,1,,,-89.82101,-3.517728,-5.756038,8.001373,3.187576,,,,,,,,3.055731,-2.076957,4.042699,5.693692,1,,-93.21089,-93.21089,-2075.766,0
39.85,3977,51,NOERROR,2,1,,,-89.82101,-3.517728,-5.756038,8.001373,3.187576,,,,,,,,3.055731,-2.076957,4.042699,5.693692,1,,-93.21089,-93.21089,-2075.766,0
39.857,3978,51,NOERROR,2,1,,,-89.82101,-3.517728,-5.756038,8.001373,3.185927,,,,,,,,3.055731,-2.076957,4.042699,5.693692,1,,-93.21089,-93.21089,-2075.766,0
39.865,3979,51,NOERROR,2,1,,,-89.82101,-3.517728,-5.756038,8.001373,3.185927,,,,,,,,3.055731,-2.076957,4.042699,5.693692,1,,-93.21089,-93.21089,-2075.766,0
39.872,3980,51,NOERROR,2,1,,,-89.82101,-3.517728,-5.756038,8.001373,3.183829,,,,,,,,3.055731,-2.076957,4.042699,5.693692,1,,-93.21089,-93.21089,-2075.766,0
39.88,3981,51,NOERROR,2,1,,,-89.82101,-3.517728,-5.756038,8.001373,3.180832,,,,,,,,3.055731,-2.076957,4.042699,5.693692,1,,-93.21089,-93.21089,-2075.766,0
39.887,3982,51,NOERROR,2,1,,,-89.82101,-3.517728,-5.756038,8.001373,3.180832,,,,,,,,3.055731,-2.076957,4.042699,5.693692,1,,-93.21089,-93.21089,-2075.766,0
39.895,3983,51,NOERROR,2,1,,,-89.82101,-3.517728,-5.668147,8.001373,3.182031,,,,,,,,3.055731,-2.076957,4.042699,5.693692,1,,-93.21089,-93.21089,-2075.766,0
39.902,3984,51,NOERROR,2,1,,,-89.82101,-3.517728,-5.668147,8.001373,3.18263,,,,,,,,3.055731,-2.076957,4.042699,5.693692,1,,-93.21089,-93.21089,-2075.766,0
39.91,3985,51,NOERROR,2,1,,,-89.82101,-3.517728,-5.668147,8.001373,3.18263,,,,,,,,3.055731,-2.076957,4.042699,5.693692,1,,-93.21089,-93.21089,-2075.766,0
39.917,3986,51,NOERROR,2,1,,,-89.82101,-3.517728,-5.668147,8.001373,3.184429,,,,,,,,3.055731,-2.076957,4.042699,5.693692,1,,-93.21089,-93.21089,-2075.766,0
39.925,3987,51,NOERROR,2,1,,,-89.82101,-3.517728,-5.668147,8.001373,3.184429,,,,,,,,3.055731,-2.076957,4.042699,5.693692,1,,-93.21089,-93.21089,-2075.766,0
39.932,3988,51,NOERROR,2,1,,,-89.82101,-3.517728,-5.668147,8.001373,3.186527,,,,,,,,3.055731,-2.076957,4.042699,5.693692,1,,-93.21089,-93.21089,-2075.766,0
39.94,3989,51,NOERROR,2,1,,,-89.82101,-3.517728,-5.668147,8.001373,3.187126,,,,,,,,3.055731,-2.076957,4.042699,5.693692,1,,-93.21089,-93.21089,-2075.766,0
39.947,3990,51,NOERROR,2,1,,,-89.82101,-3.517728,-5.668147,8.001373,3.187126,,,,,,,,3.055731,-2.076957,4.042699,5.693692,1,,-93.21089,-93.21089,-2075.766,0
39.955,3991,51,NOERROR,2,1,,,-89.82101,-3.517728,-5.580256,8.001373,3.188925,,,,,,,,3.055731,-2.076957,4.042699,5.693692,1,,-93.21089,-93.21089,-2075.766,0
39.962,3992,51,NOERROR,2,1,,,-89.82101,-3.517728,-5.580256,8.001373,3.188325,,,,,,,,3.055731,-2.076957,4.042699,5.693692,1,,-93.21089,-93.21089,-2075.766,0
39.969,3993,51,NOERROR,2,1,,,-89.82101,-3.517728,-5.580256,8.001373,3.188325,,,,,,,,3.055731,-2.076957,4.042699,5.693692,1,,-93.21089,-93.21089,-2075.766,0
39.977,3994,51,NOERROR,2,1,,,-89.82101,-3.517728,-5.580256,8.001373,3.186826,,,,,,,,3.055731,-2.076957,4.042699,5.693692,1,,-93.21089,-93.21089,-2075.766,0
39.984,3995,51,NOERROR,2,1,,,-89.82101,-3.517728,-5.580256,8.001373,3.186826,,,,,,,,3.055731,-2.076957,4.042699,5.693692,1,,-93.21089,-93.21089,-2075.766,0
39.992,3996,51,NOERROR,2,1,,,-89.82101,-3.517728,-5.580256,8.001373,3.184129,,,,,,,,3.055731,-2.076957,4.042699,5.693692,1,,-93.21089,-93.21089,-2075.766,0
39.999,3997,51,NOERROR,2,1,,,-89.82101,-3.517728,-5.580256,8.001373,3.180682,,,,,,,,3.055731,-2.076957,4.042699,5.693692,1,,-93.21089,-93.21089,-2075.766,0
40.007,3998,51,NOERROR,2,1,,,-89.82101,-3.517728,-5.580256,8.001373,3.180682,,,,,,,,3.055731,-2.076957,4.042699,5.693692,1,,-93.21089,-93.21089,-2075.766,0
40.014,3999,51,NOERROR,2,1,,,-89.82101,-3.517728,-5.580256,8.001373,3.179483,,,,,,,,3.055731,-2.076957,4.042699,5.693692,1,,-93.21089,-93.21089,-2075.766,0
40.022,4000,51,NOERROR,2,1,,,-89.82101,-3.517728,-5.492366,8.001373,3.177385,,,,,,,,3.055731,-2.076957,4.042699,5.693692,1,,-93.21089,-93.21089,-2075.766,0
40.029,4001,51,NOERROR,2,1,,,-89.82101,-3.517728,-5.492366,8.001373,3.177385,,,,,,,,3.055731,-2.076957,4.042699,5.693692,1,,-93.21089,-93.21089,-2075.766,0
40.037,4002,51,NOERROR,2,1,,,-89.82101,-3.517728,-5.492366,8.001373,3.176186,,,,,,,,3.055731,-2.076957,4.042699,5.693692,1,,-93.21089,-93.21089,-2075.766,0
40.044,4003,51,NOERROR,2,1,,,-89.82101,-3.517728,-5.492366,8.001373,3.176186,,,,,,,,3.055731,-2.076957,4.042699,5.693692,1,,-93.21089,-93.21089,-2075.766,0
40.052,4004,51,NOERROR,2,1,,,-89.82101,-3.517728,-5.492366,8.001373,3.176186,,,,,,,,3.055731,-2.076957,4.042699,5.693692,1,,-93.21089,-93.21089,-2075.766,0
40.059,4005,51,NOERROR,2,1,,,-89.82101,-3.517728,-5.492366,8.001373,3.177535,,,,,,,,3.055731,-2.076957,4.042699,5.693692,1,,-93.21089,-93.21089,-2075.766,0
40.067,4006,51,NOERROR,2,1,,,-89.82101,-3.517728,-5.492366,8.001373,3.177535,,,,,,,,3.055731,-2.076957,4.042699,5.693692,1,,-93.21089,-93.21089,-2075.766,0
40.074,4007,51,NOERROR,2,1,,,-89.82101,-3.517728,-5.492366,8.001373,3.181432,,,,,,,,3.055731,-2.076957,4.042699,5.693692,1,,-93.21089,-93.21089,-2075.766,0
40.081,4008,51,NOERROR,2,1,,,-89.82101,-3.517728,-5.492366,8.001373,3.181432,,,,,,,,3.055731,-2.076957,4.042699,5.693692,1,,-93.21089,-93.21089,-2075.766,0
40.089,4009,51,NOERROR,2,1,,,-89.82101,-3.517728,-5.492366,8.001373,3.183679,,,,,,,,3.055731,-2.076957,4.042699,5.693692,1,,-93.21089,-93.21089,-2075.766,0
40.096,4010,51,NOERROR,2,1,,,-89.82101,-3.517728,-5.492366,8.001373,3.187276,,,,,,,,3.055731,-2.076957,4.042699,5.693692,1,,-93.21089,-93.21089,-2075.766,0
40.104,4011,51,NOERROR,2,1,,,-89.82101,-3.517728,-5.492366,8.001373,3.187276,,,,,,,,3.055731,-2.076957,4.042699,5.693692,1,,-93.21089,-93.21089,-2075.766,0
40.111,4012,51,NOERROR,2,1,,,-89.82101,-3.517728,-5.492366,8.001373,3.188625,,,,,,,,3.055731,-2.076957,4.042699,5.693692,1,,-93.21089,-93.21089,-2075.766,0
40.119,4013,51,NOERROR,2,1,,,-89.82101,-3.517728,-5.492366,8.001373,3.186077,,,,,,,,3.055731,-2.076957,4.042699,5.693692,1,,-93.21089,-93.21089,-2075.766,0
40.126,4014,51,NOERROR,2,1,,,-89.82101,-3.517728,-5.492366,8.001373,3.186077,,,,,,,,3.055731,-2.076957,4.042699,5.693692,1,,-93.21089,-93.21089,-2075.766,0
40.134,4015,51,NOERROR,2,1,,,-89.82101,-3.517728,-5.492366,8.001373,3.184429,,,,,,,,3.055731,-2.076957,4.042699,5.693692,1,,-93.21089,-93.21089,-2075.766,0
40.141,4016,51,NOERROR,2,1,,,-89.82101,-3.517728,-5.492366,8.001373,3.184429,,,,,,,,3.055731,-2.076957,4.042699,5.693692,1,,-93.21089,-93.21089,-2075.766,0
40.149,4017,51,NOERROR,2,1,,,-89.82101,-3.517728,-5.492366,8.001373,3.180832,,,,,,,,3.055731,-2.076957,4.042699,5.693692,1,,-93.21089,-93.21089,-2075.766,0
40.156,4018,51,NOERROR,2,1,,,-89.82101,-3.517728,-5.492366,8.001373,3.178884,,,,,,,,3.055731,-2.076957,4.042699,5.693692,1,,-93.21089,-93.21089,-2075.766,0
40.164,4019,51,NOERROR,2,1,,,-89.82101,-3.517728,-5.580256,8.001373,3.178884,,,,,,,,3.055731,-2.076957,4.042699,5.693692,1,,-93.21089,-93.21089,-2075.766,0
40.171,4020,51,NOERROR,2,1,,,-89.82101,-3.517728,-5.580256,8.001373,3.175886,,,,,,,,3.055731,-2.076957,4.042699,5.693692,1,,-93.21089,-93.21089,-2075.766,0
40.179,4021,51,NOERROR,2,1,,,-89.82101,-3.517728,-5.580256,8.001373,3.172589,,,,,,,,3.055731,-2.076957,4.042699,5.693692,1,,-93.21089,-93.21089,-2075.766,0
40.186,4022,51,NOERROR,2,1,,,-89.82101,-3.517728,-5.580256,8.001373,3.172589,,,,,,,,3.055731,-2.076957,4.042699,5.693692,1,,-93.21089,-93.21089,-2075.766,0
40.193,4023,51,NOERROR,2,1,,,-89.82101,-3.517728,-5.580256,8.001373,3.171391,,,,,,,,3.055731,-2.076957,4.042699,5.693692,1,,-93.21089,-93.21089,-2075.766,0
40.201,4024,51,NOERROR,2,1,,,-89.82101,-3.517728,-5.580256,8.001373,3.171391,,,,,,,,3.055731,-2.076957,4.042699,5.693692,1,,-93.21089,-93.21089,-2075.766,0
40.208,4025,51,NOERROR,2,1,,,-89.82101,-3.517728,-5.580256,8.001373,3.170791,,,,,,,,3.055731,-2.076957,4.042699,5.693692,1,,-93.21089,-93.21089,-2075.766,0
40.216,4026,51,NOERROR,2,1,,,-89.82101,-3.517728,-5.580256,8.001373,3.17214,,,,,,,,3.055731,-2.076957,4.042699,5.693692,1,,-93.21089,-93.21089,-2075.766,0
40.223,4027,51,NOERROR,2,1,,,-89.82101,-3.517728,-5.580256,8.001373,3.17214,,,,,,,,3.055731,-2.076957,4.042699,5.693692,1,,-93.21089,-93.21089,-2075.766,0
40.231,4028,51,NOERROR,2,1,,,-89.82101,-3.517728,-5.580256,8.001373,3.175137,,,,,,,,3.055731,-2.076957,4.042699,5.693692,1,,-93.21089,-93.21089,-2075.766,0
40.238,4029,51,NOERROR,2,1,,,-89.82101,-3.517728,-5.580256,8.001373,3.178734,,,,,,,,3.055731,-2.076957,4.042699,5.693692,1,,-93.21089,-93.21089,-2075.766,0
40.246,4030,51,NOERROR,2,1,,,-89.82101,-3.517728,-5.580256,8.001373,3.178734,,,,,,,,3.055731,-2.076957,4.042699,5.693692,1,,-93.21089,-93.21089,-2075.766,0
40.253,4031,51,NOERROR,2,1,,,-89.82101,-3.517728,-5.580256,8.001373,3.18278,,,,,,,,3.055731,-2.076957,4.042699,5.693692,1,,-93.21089,-93.21089,-2075.766,0
40.261,4032,51,NOERROR,2,1,,,-89.82101,-3.517728,-5.580256,8.001373,3.18278,,,,,,,,3.055731,-2.076957,4.042699,5.693692,1,,-93.21089,-93.21089,-2075.766,0
40.268,4033,51,NOERROR,2,1,,,-89.82101,-3.517728,-5.580256,8.001373,3.18323,,,,,,,,3.055731,-2.076957,4.042699,5.693692,1,,-93.21089,-93.21089,-2075.766,0
40.276,4034,51,NOERROR,2,1,,,-89.82101,-3.517728,-5.580256,8.001373,3.18278,,,,,,,,3.055731,-2.076957,4.042699,5.693692,1,,-93.21089,-93.21089,-2075.766,0
40.283,4035,51,NOERROR,2,1,,,-89.82101,-3.517728,-5.580256,8.001373,3.18278,,,,,,,,3.055731,-2.076957,4.042699,5.693692,1,,-93.21089,-93.21089,-2075.766,0
40.291,4036,51,NOERROR,2,1,,,-89.82101,-3.517728,-5.580256,8.001373,3.181881,,,,,,,,3.055731,-2.076957,4.042699,5.693692,1,,-93.21089,-93.21089,-2075.766,0
40.298,4037,51,NOERROR,2,1,,,-89.82101,-3.517728,-5.580256,8.001373,3.181881,,,,,,,,3.055731,-2.076957,4.042699,5.693692,1,,-93.21089,-93.21089,-2075.766,0
40.305,4038,51,NOERROR,2,1,,,-89.82101,-3.517728,-5.580256,8.001373,3.178584,,,,,,,,3.055731,-2.076957,4.042699,5.693692,1,,-93.21089,-93.21089,-2075.766,0
40.313,4039,51,NOERROR,2,1,,,-89.82101,-3.517728,-5.580256,8.001373,3.175437,,,,,,,,3.055731,-2.076957,4.042699,5.693692,1,,-93.21089,-93.21089,-2075.766,0
40.32,4040,51,NOERROR,2,1,,,-89.82101,-3.517728,-5.580256,8.001373,3.175437,,,,,,,,3.055731,-2.076957,4.042699,5.693692,1,,-93.21089,-93.21089,-2075.766,0
40.328,4041,51,NOERROR,2,1,,,-89.82101,-3.517728,-5.492366,8.001373,3.173189,,,,,,,,3.055731,-2.076957,4.042699,5.693692,1,,-93.21089,-93.21089,-2075.766,0
40.335,4042,51,NOERROR,2,1,,,-89.82101,-3.517728,-5.492366,8.001373,3.174538,,,,,,,,3.055731,-2.076957,4.042699,5.693692,1,,-93.21089,-93.21089,-2075.766,0
40.343,4043,51,NOERROR,2,1,,,-89.82101,-3.517728,-5.492366,8.001373,3.174538,,,,,,,,3.055731,-2.076957,4.042699,5.693692,1,,-93.21089,-93.21089,-2075.766,0
40.35,4044,51,NOERROR,2,1,,,-89.82101,-3.517728,-5.492366,8.001373,3.177385,,,,,,,,3.055731,-2.076957,4.042699,5.693692,1,,-93.21089,-93.21089,-2075.766,0
40.358,4045,51,NOERROR,2,1,,,-89.82101,-3.517728,-5.492366,8.001373,3.177385,,,,,,,,3.055731,-2.076957,4.042699,5.693692,1,,-93.21089,-93.21089,-2075.766,0
40.365,4046,51,NOERROR,2,1,,,-89.82101,-3.517728,-5.492366,8.001373,3.180083,,,,,,,,3.055731,-2.076957,4.042699,5.693692,1,,-93.21089,-93.21089,-2075.766,0
40.373,4047,51,NOERROR,2,1,,,-89.82101,-3.517728,-5.492366,8.001373,3.183829,,,,,,,,3.055731,-2.076957,4.042699,5.693692,1,,-93.21089,-93.21089,-2075.766,0
40.38,4048,51,NOERROR,2,1,,,-89.82101,-3.517728,-5.492366,8.001373,3.183829,,,,,,,,3.055731,-2.076957,4.042699,5.693692,1,,-93.21089,-93.21089,-2075.766,0
40.388,4049,51,NOERROR,2,1,,,-89.82101,-3.605618,-5.492366,8.001373,3.185927,,,,,,,,3.055731,-2.076957,4.042699,5.693692,1,,-93.21089,-93.21089,-2075.766,0
40.395,4050,51,NOERROR,2,1,,,-89.82101,-3.605618,-5.492366,8.001373,3.187276,,,,,,,,3.055731,-2.076957,4.042699,5.693692,1,,-93.21089,-93.21089,-2075.766,0
40.403,4051,51,NOERROR,2,1,,,-89.82101,-3.605618,-5.492366,8.001373,3.187276,,,,,,,,3.055731,-2.076957,4.042699,5.693692,1,,-93.21089,-93.21089,-2075.766,0
40.41,4052,51,NOERROR,2,1,,,-89.82101,-3.605618,-5.492366,8.001373,3.188325,,,,,,,,3.055731,-2.076957,4.042699,5.693692,1,,-93.21089,-93.21089,-2075.766,0
40.418,4053,51,NOERROR,2,1,,,-89.82101,-3.605618,-5.492366,8.001373,3.188325,,,,,,,,3.055731,-2.076957,4.042699,5.693692,1,,-93.21089,-93.21089,-2075.766,0
40.425,4054,51,NOERROR,2,1,,,-89.82101,-3.605618,-5.492366,8.001373,3.187726,,,,,,,,3.055731,-2.076957,4.042699,5.693692,1,,-93.21089,-93.21089,-2075.766,0
40.432,4055,51,NOERROR,2,1,,,-89.82101,-3.605618,-5.492366,8.001373,3.185927,,,,,,,,3.055731,-2.076957,4.042699,5.693692,1,,-93.21089,-93.21089,-2075.766,0
40.44,4056,51,NOERROR,2,1,,,-89.82101,-3.605618,-5.492366,8.001373,3.185927,,,,,,,,3.055731,-2.076957,4.042699,5.693692,1,,-93.21089,-93.21089,-2075.766,0
40.447,4057,51,NOERROR,2,1,,,-89.82101,-3.605618,-5.492366,8.001373,3.182181,,,,,,,,3.055731,-2.076957,4.042699,5.693692,1,,-93.21089,-93.21089,-2075.766,0
40.455,4058,51,NOERROR,2,1,,,-89.82101,-3.605618,-5.492366,8.001373,3.178434,,,,,,,,3.055731,-2.076957,4.042699,5.693692,1,,-93.21089,-93.21089,-2075.766,0
40.462,4059,51,NOERROR,2,1,,,-89.82101,-3.605618,-5.492366,8.001373,3.178434,,,,,,,,3.055731,-2.076957,4.042699,5.693692,1,,-93.21089,-93.21089,-2075.766,0
40.47,4060,51,NOERROR,2,1,,,-89.82101,-3.605618,-5.492366,8.001373,3.176036,,,,,,,,3.055731,-2.076957,4.042699,5.693692,1,,-93.21089,-93.21089,-2075.766,0
40.477,4061,51,NOERROR,2,1,,,-89.82101,-3.605618,-5.492366,8.001373,3.176036,,,,,,,,3.055731,-2.076957,4.042699,5.693692,1,,-93.21089,-93.21089,-2075.766,0
40.485,4062,51,NOERROR,2,1,,,-89.82101,-3.605618,-5.492366,8.001373,3.174687,,,,,,,,3.055731,-2.076957,4.042699,5.693692,1,,-93.21089,-93.21089,-2075.766,0
40.492,4063,51,NOERROR,2,1,,,-89.82101,-3.605618,-5.492366,8.001373,3.176186,,,,,,,,3.055731,-2.076957,4.042699,5.693692,1,,-93.21089,-93.21089,-2075.766,0
40.5,4064,51,NOERROR,2,1,,,-89.82101,-3.605618,-5.492366,8.001373,3.176186,,,,,,,,3.055731,-2.076957,4.042699,5.693692,1,,-93.21089,-93.21089,-2075.766,0
40.507,4065,51,NOERROR,2,1,,,-89.82101,-3.605618,-5.580256,8.001373,3.174987,,,,,,,,3.055731,-2.076957,4.042699,5.693692,1,,-93.21089,-93.21089,-2075.766,0
40.515,4066,51,NOERROR,2,1,,,-89.82101,-3.605618,-5.580256,8.001373,3.174987,,,,,,,,3.055731,-2.076957,4.042699,5.693692,1,,-93.21089,-93.21089,-2075.766,0
40.522,4067,51,NOERROR,2,1,,,-89.82101,-3.605618,-5.580256,8.001373,3.174987,,,,,,,,3.055731,-2.076957,4.042699,5.693692,1,,-93.21089,-93.21089,-2075.766,0
40.53,4068,51,NOERROR,2,1,,,-89.82101,-3.605618,-5.580256,8.001373,3.175137,,,,,,,,3.055731,-2.076957,4.042699,5.693692,1,,-93.21089,-93.21089,-2075.766,0
40.537,4069,51,NOERROR,2,1,,,-89.82101,-3.605618,-5.580256,8.001373,3.175137,,,,,,,,3.055731,-2.076957,4.042699,5.693692,1,,-93.21089,-93.21089,-2075.766,0
40.544,4070,51,NOERROR,2,1,,,-89.82101,-3.605618,-5.580256,8.001373,3.174538,,,,,,,,3.055731,-2.076957,4.042699,5.693692,1,,-93.21089,-93.21089,-2075.766,0
40.552,4071,51,NOERROR,2,1,,,-89.82101,-3.605618,-5.580256,8.001373,3.174837,,,,,,,,3.055731,-2.076957,4.042699,5.693692,1,,-93.21089,-93.21089,-2075.766,0
40.559,4072,51,NOERROR,2,1,,,-89.82101,-3.605618,-5.580256,8.001373,3.174837,,,,,,,,3.055731,-2.076957,4.042699,5.693692,1,,-93.21089,-93.21089,-2075.766,0
40.567,4073,51,NOERROR,2,1,,,-89.82101,-3.605618,-5.580256,8.001373,3.17229,,,,,,,,3.055731,-2.076957,4.042699,5.693692,1,,-93.21089,-93.21089,-2075.766,0
40.574,4074,51,NOERROR,2,1,,,-89.82101,-3.605618,-5.580256,8.001373,3.17229,,,,,,,,3.055731,-2.076957,4.042699,5.693692,1,,-93.21089,-93.21089,-2075.766,0
40.582,4075,51,NOERROR,2,1,,,-89.82101,-3.605618,-5.580256,8.001373,3.169742,,,,,,,,3.055731,-2.076957,4.042699,5.693692,1,,-93.21089,-93.21089,-2075.766,0
40.589,4076,51,NOERROR,2,1,,,-89.82101,-3.605618,-5.580256,8.001373,3.167944,,,,,,,,3.055731,-2.076957,4.042699,5.693692,1,,-93.21089,-93.21089,-2075.766,0
40.597,4077,51,NOERROR,2,1,,,-89.82101,-3.605618,-5.668147,8.001373,3.167944,,,,,,,,3.055731,-2.076957,4.042699,5.693692,1,,-93.21089,-93.21089,-2075.766,0
40.604,4078,51,NOERROR,2,1,,,-89.82101,-3.605618,-5.668147,8.001373,3.164947,,,,,,,,3.055731,-2.076957,4.042699,5.693692,1,,-93.21089,-93.21089,-2075.766,0
40.612,4079,51,NOERROR,2,1,,,-89.82101,-3.605618,-5.668147,8.001373,3.165846,,,,,,,,3.055731,-2.076957,4.042699,5.693692,1,,-93.21089,-93.21089,-2075.766,0
40.619,4080,51,NOERROR,2,1,,,-89.82101,-3.605618,-5.668147,8.001373,3.165846,,,,,,,,3.055731,-2.076957,4.042699,5.693692,1,,-93.21089,-93.21089,-2075.766,0
40.627,4081,51,NOERROR,2,1,,,-89.82101,-3.605618,-5.668147,8.001373,3.167194,,,,,,,,3.055731,-2.076957,4.042699,5.693692,1,,-93.21089,-93.21089,-2075.766,0
40.634,4082,51,NOERROR,2,1,,,-89.82101,-3.605618,-5.668147,8.001373,3.167194,,,,,,,,3.055731,-2.076957,4.042699,5.693692,1,,-93.21089,-93.21089,-2075.766,0
40.642,4083,51,NOERROR,2,1,,,-89.82101,-3.605618,-5.668147,8.001373,3.170491,,,,,,,,3.055731,-2.076957,4.042699,5.693692,1,,-93.21089,-93.21089,-2075.766,0
40.649,4084,51,NOERROR,2,1,,,-89.82101,-3.605618,-5.668147,8.001373,3.174088,,,,,,,,3.055731,-2.076957,4.042699,5.693692,1,,-93.21089,-93.21089,-2075.766,0
40.656,4085,51,NOERROR,2,1,,,-89.82101,-3.605618,-5.668147,8.001373,3.174088,,,,,,,,3.055731,-2.076957,4.042699,5.693692,1,,-93.21089,-93.21089,-2075.766,0
40.664,4086,51,NOERROR,2,1,,,-89.82101,-3.605618,-5.668147,8.001373,3.175287,,,,,,,,3.055731,-2.076957,4.042699,5.693692,1,,-93.21089,-93.21089,-2075.766,0
40.671,4087,51,NOERROR,2,1,,,-89.82101,-3.605618,-5.668147,8.001373,3.177235,,,,,,,,3.055731,-2.076957,4.042699,5.693692,1,,-93.21089,-93.21089,-2075.766,0
40.679,4088,51,NOERROR,2,1,,,-89.82101,-3.605618,-5.668147,8.001373,3.177235,,,,,,,,3.055731,-2.076957,4.042699,5.693692,1,,-93.21089,-93.21089,-2075.766,0
40.686,4089,51,NOERROR,2,1,,,-89.82101,-3.517728,-5.668147,8.001373,3.178734,,,,,,,,3.055731,-2.076957,4.042699,5.693692,1,,-93.21089,-93.21089,-2075.766,0
40.694,4090,51,NOERROR,2,1,,,-89.82101,-3.517728,-5.668147,8.001373,3.178734,,,,,,,,3.055731,-2.076957,4.042699,5.693692,1,,-93.21089,-93.21089,-2075.766,0
40.701,4091,51,NOERROR,2,1,,,-89.82101,-3.517728,-5.668147,8.001373,3.179633,,,,,,,,3.055731,-2.076957,4.042699,5.693692,1,,-93.21089,-93.21089,-2075.766,0
40.709,4092,51,NOERROR,2,1,,,-89.82101,-3.517728,-5.668147,8.001373,3.178884,,,,,,,,3.055731,-2.076957,4.042699,5.693692,1,,-93.21089,-93.21089,-2075.766,0
40.716,4093,51,NOERROR,2,1,,,-89.82101,-3.517728,-5.668147,8.001373,3.178884,,,,,,,,3.055731,-2.076957,4.042699,5.693692,1,,-93.21089,-93.21089,-2075.766,0
40.724,4094,51,NOERROR,2,1,,,-89.82101,-3.517728,-5.668147,8.001373,3.180083,,,,,,,,3.055731,-2.076957,4.042699,5.693692,1,,-93.21089,-93.21089,-2075.766,0
40.731,4095,51,NOERROR,2,1,,,-89.82101,-3.517728,-5.668147,8.001373,3.180083,,,,,,,,3.055731,-2.076957,4.042699,5.693692,1,,-93.21089,-93.21089,-2075.766,0
40.739,4096,51,NOERROR,2,1,,,-89.82101,-3.517728,-5.668147,8.001373,3.18338,,,,,,,,3.055731,-2.076957,4.042699,5.693692,1,,-93.21089,-93.21089,-2075.766,0
40.746,4097,51,NOERROR,2,1,,,-89.82101,-3.517728,-5.668147,8.001373,3.186077,,,,,,,,3.055731,-2.076957,4.042699,5.693692,1,,-93.21089,-93.21089,-2075.766,0
40.754,4098,51,NOERROR,2,1,,,-89.82101,-3.517728,-5.668147,8.001373,3.186077,,,,,,,,3.055731,-2.076957,4.042699,5.693692,1,,-93.21089,-93.21089,-2075.766,0
40.761,4099,51,NOERROR,2,1,,,-89.82101,-3.517728,-5.668147,8.001373,3.187576,,,,,,,,3.055731,-2.076957,4.042699,5.693692,1,,-93.21089,-93.21089,-2075.766,0
40.768,4100,51,NOERROR,2,1,,,-89.82101,-3.517728,-5.668147,8.001373,3.187726,,,,,,,,3.055731,-2.076957,4.042699,5.693692,1,,-93.21089,-93.21089,-2075.766,0
40.776,4101,51,NOERROR,2,1,,,-89.82101,-3.517728,-5.580256,8.001373,3.187726,,,,,,,,3.055731,-2.076957,4.042699,5.693692,1,,-93.21089,-93.21089,-2075.766,0
40.783,4102,51,NOERROR,2,1,,,-89.82101,-3.517728,-5.580256,8.001373,3.187876,,,,,,,,3.055731,-2.076957,4.042699,5.693692,1,,-93.21089,-93.21089,-2075.766,0
40.791,4103,51,NOERROR,2,1,,,-89.82101,-3.517728,-5.580256,8.001373,3.187876,,,,,,,,3.055731,-2.076957,4.042699,5.693692,1,,-93.21089,-93.21089,-2075.766,0
40.798,4104,51,NOERROR,2,1,,,-89.82101,-3.517728,-5.580256,8.001373,3.189224,,,,,,,,3.055731,-2.076957,4.042699,5.693692,1,,-93.21089,-93.21089,-2075.766,0
40.806,4105,51,NOERROR,2,1,,,-89.82101,-3.517728,-5.580256,8.001373,3.189674,,,,,,,,3.055731,-2.076957,4.042699,5.693692,1,,-93.21089,-93.21089,-2075.766,0
40.813,4106,51,NOERROR,2,1,,,-89.82101,-3.517728,-5.580256,8.001373,3.189674,,,,,,,,3.055731,-2.076957,4.042699,5.693692,1,,-93.21089,-93.21089,-2075.766,0
40.821,4107,51,NOERROR,2,1,,,-89.82101,-3.517728,-5.580256,8.001373,3.190723,,,,,,,,3.055731,-2.076957,4.042699,5.693692,1,,-93.21089,-93.21089,-2075.766,0
40.828,4108,51,NOERROR,2,1,,,-89.82101,-3.517728,-5.580256,8.001373,3.192072,,,,,,,,3.055731,-2.076957,4.042699,5.693692,1,,-93.21089,-93.21089,-2075.766,0
40.836,4109,51,NOERROR,2,1,,,-89.82101,-3.517728,-5.580256,8.001373,3.192072,,,,,,,,3.055731,-2.076957,4.042699,5.693692,1,,-93.21089,-93.21089,-2075.766,0
40.843,4110,51,NOERROR,2,1,,,-89.82101,-3.517728,-5.580256,8.001373,3.191172,,,,,,,,3.055731,-2.076957,4.042699,5.693692,1,,-93.21089,-93.21089,-2075.766,0
40.851,4111,51,NOERROR,2,1,,,-89.82101,-3.517728,-5.580256,8.001373,3.191172,,,,,,,,3.055731,-2.076957,4.042699,5.693692,1,,-93.21089,-93.21089,-2075.766,0
40.858,4112,51,NOERROR,2,1,,,-89.82101,-3.517728,-5.580256,8.001373,3.190573,,,,,,,,3.055731,-2.076957,4.042699,5.693692,1,,-93.21089,-93.21089,-2075.766,0
40.866,4113,51,NOERROR,2,1,,,-89.82101,-3.517728,-5.580256,8.001373,3.189674,,,,,,,,3.055731,-2.076957,4.042699,5.693692,1,,-93.21089,-93.21089,-2075.766,0
40.873,4114,51,NOERROR,2,1,,,-89.82101,-3.517728,-5.492366,8.001373,3.189674,,,,,,,,3.055731,-2.076957,4.042699,5.693692,1,,-93.21089,-93.21089,-2075.766,0
40.88,4115,51,NOERROR,2,1,,,-89.82101,-3.517728,-5.492366,8.001373,3.189674,,,,,,,,3.055731,-2.076957,4.042699,5.693692,1,,-93.21089,-93.21089,-2075.766,0
40.888,4116,51,NOERROR,2,1,,,-89.82101,-3.517728,-5.492366,8.001373,3.190723,,,,,,,,3.055731,-2.076957,4.042699,5.693692,1,,-93.21089,-93.21089,-2075.766,0
40.895,4117,51,NOERROR,2,1,,,-89.82101,-3.429837,-5.492366,8.001373,3.190723,,,,,,,,3.055731,-2.076957,4.042699,5.693692,1,,-93.21089,-93.21089,-2075.766,0
40.903,4118,51,NOERROR,2,1,,,-89.82101,-3.429837,-5.492366,8.001373,3.188925,,,,,,,,3.055731,-2.076957,4.042699,5.693692,1,,-93.21089,-93.21089,-2075.766,1
40.91,4119,51,NOERROR,2,1,,,-89.82101,-3.429837,-5.492366,8.001373,3.188925,,,,,,,,3.055731,-2.076957,4.042699,5.693692,1,,-93.21089,-93.21089,-2075.766,0
40.918,4120,51,NOERROR,2,1,,,-89.82101,-3.429837,-5.492366,8.001373,3.188025,,,,,,,,3.055731,-2.076957,4.042699,5.693692,1,,-93.21089,-93.21089,-2075.766,0
40.925,4121,48,ANG1JUMPERR,0,0,,,-89.82101,-3.429837,-5.492366,8.001373,3.187126,,,,,,,,3.055731,-2.076957,4.042699,5.693692,1,,999,999,-3686,0
40.933,4122,48,ANG1JUMPERR,0,0,,,89.82143,3.429837,5.492366,-8.001373,3.187126,,,,,,,,-88.6663,87.61405,-158.9304,-44.28588,1,,999,999,3686,0
40.945,4123,48,ANG1JUMPERR,0,0,,,89.74383,3.429837,5.404475,-8.001373,3.186826,,,,,,,,-87.7485,148.8912,-261.1671,-35.18236,1,,999,999,-33.45958,0
40.958,4124,48,ANG1JUMPERR,0,0,,,89.62472,3.517728,5.404475,-8.001373,3.187126,,,,,,,,-88.4262,25.34617,-93.86938,-1.551211,1,,999,999,-67.15842,0
40.97,4125,48,ANG1JUMPERR,0,0,,,89.49898,3.517728,5.404475,-8.001373,3.184728,,,,,,,,-87.55377,94.50219,-175.0399,-9.462325,1,,999,999,-87.83643,0
40.982,4126,48,ANG1JUMPERR,0,0,,,89.37531,3.517728,5.404475,-8.001373,3.180682,,,,,,,,-88.1222,53.82637,-164.8405,22.20758,1,,999,999,-84.9716,0
40.995,4127,48,ANG1JUMPERR,0,0,,,89.25496,3.517728,5.316585,-8.001373,3.144865,,,,,,,,-87.95719,140.1282,-251.233,-1.257055,1,,999,999,-68.55942,0
41.007,4128,48,ANG1JUMPERR,0,0,,,89.13461,3.517728,5.316585,-8.001373,3.075928,,,,,,,,-89.35556,104.3493,-204.6542,-11.27506,1,,999,999,-80.47231,0
41.02,4129,48,ANG1JUMPERR,0,0,,,89.0043,3.517728,5.316585,-8.001373,2.98661,,,,,,,,-89.14811,135.744,-195.1069,-34.75208,1,,999,999,-80.38206,0
41.032,4130,48,ANG1JUMPERR,0,0,,,88.86485,3.429837,5.316585,-8.001373,2.945997,,,,,,,,-88.43016,24.10224,-59.75082,-23.67413,1,,999,999,-108.0233,0
41.045,4131,48,ANG1JUMPERR,0,0,,,88.70923,3.429837,5.316585,-8.001373,2.943,,,,,,,,-87.99864,41.98722,-65.4252,-18.65118,1,,999,999,-114.6459,0
41.057,4132,48,ANG1JUMPERR,0,0,,,88.53825,3.429837,5.316585,-8.001373,2.943,,,,,,,,-86.0048,31.40516,-37.36626,-17.34858,1,,999,999,-162.402,0
41.069,4133,48,ANG1JUMPERR,0,0,,,88.35856,3.429837,5.316585,-8.001373,2.965479,,,,,,,,-84.69491,27.27878,-41.1804,-17.7163,1,,999,999,-179.3908,0
41.082,4134,48,ANG1JUMPERR,0,0,,,88.17429,3.517728,5.228694,-8.001373,3.009089,,,,,,,,-83.81971,8.884401,-22.58191,-18.66035,1,,999,999,-160.7273,0
41.094,4135,48,ANG1JUMPERR,0,0,,,87.99294,3.517728,5.228694,-8.001373,3.049103,,,,,,,,-84.47617,10.41383,-29.63156,-22.12187,1,,999,999,-182.7116,0
41.107,4136,48,ANG1JUMPERR,0,0,,,87.82237,3.517728,5.140803,-8.001373,3.061242,,,,,,,,-85.51341,-0.183053,-40.70344,-16.66445,1,,999,999,-137.7243,0
41.119,4137,48,ANG1JUMPERR,0,0,,,87.66177,3.605618,5.140803,-8.001373,3.051651,,,,,,,,-87.79117,-15.78075,-36.59301,-4.579915,1,,999,999,-143.2887,0
41.131,4138,48,ANG1JUMPERR,0,0,,,87.51154,3.605618,5.052913,-8.001373,3.031119,,,,,,,,-87.36966,-28.51125,-36.10939,-9.670721,1,,999,999,-125.3843,0
41.144,4139,48,ANG1JUMPERR,0,0,,,87.36089,3.605618,5.052913,-8.001373,3.000397,,,,,,,,-87.52265,-86.11551,17.85088,-10.42544,1,,999,999,-107.434,0
41.156,4140,48,ANG1JUMPERR,0,0,,,87.21191,3.605618,5.052913,-8.001373,2.966528,,,,,,,,-87.27961,-56.14899,-9.519771,-18.09416,1,,999,999,-123.3044,0
41.169,4141,48,ANG1JUMPERR,0,0,,,87.05628,3.517728,5.052913,-8.001373,2.945398,,,,,,,,-86.50295,-64.69862,11.98592,-22.69403,1,,999,999,-114.6572,0
41.181,4142,48,ANG1JUMPERR,0,0,,,86.89153,3.517728,5.052913,-8.001373,2.935957,,,,,,,,-85.14537,-39.56492,-11.31524,-9.322246,1,,999,999,-150.7905,0
41.194,4143,48,ANG1JUMPERR,0,0,,,86.71972,3.517728,5.052913,-8.001373,2.947196,,,,,,,,-83.9623,-15.10314,-15.90047,-18.2809,1,,999,999,-139.7398,0
41.206,4144,48,ANG1JUMPERR,0,0,,,86.54459,3.429837,5.140803,-8.001373,2.98676,,,,,,,,-82.93134,-3.583315,-29.19243,-10.01438,1,,999,999,-170.3823,0
41.218,4145,48,ANG1JUMPERR,0,0,,,86.36946,3.341947,5.140803,-8.001373,3.065887,,,,,,,,-82.3415,-0.5305013,-25.22865,-16.16877,1,,999,999,-170.3971,0
41.231,4146,48,ANG1JUMPERR,0,0,,,86.19225,3.341947,5.228694,-8.001373,3.162699,,,,,,,,-82.5808,0.6510603,-25.57953,-8.89361,1,,999,999,-148.6516,0
41.243,4147,48,ANG1JUMPERR,0,0,,,86.02169,3.254056,5.228694,-8.001373,3.20496,,,,,,,,-83.66763,-0.3924307,-32.17701,-17.69942,1,,999,999,-161.6203,0
41.256,4148,48,ANG1JUMPERR,0,0,,,85.84905,3.166165,5.316585,-8.001373,3.230886,,,,,,,,-85.14693,-4.097284,-33.05676,-18.92162,1,,999,999,-141.0833,0
41.268,4149,48,ANG1JUMPERR,0,0,,,85.67766,3.078275,5.316585,-8.001373,3.228488,,,,,,,,-87.22276,-15.9454,-36.13688,-13.5159,1,,999,999,-163.2001,0
41.28,4150,48,ANG1JUMPERR,0,0,,,85.50169,2.990384,5.404475,-8.001373,3.20436,,,,,,,,-86.46282,-4.744899,-42.65352,-17.86584,1,,999,999,-172.0192,0
41.293,4151,48,ANG1JUMPERR,0,0,,,85.32574,2.902493,5.404475,-8.001373,3.156854,,,,,,,,-86.63579,-1.438086,-44.23201,-12.95925,1,,999,999,-146.5598,0
41.305,4152,48,ANG1JUMPERR,0,0,,,85.15019,2.814603,5.492366,-8.001373,3.110696,,,,,,,,-85.02725,1.784843,-36.5197,-17.43565,1,,999,999,-171.1997,0
41.318,4153,48,ANG1JUMPERR,0,0,,,84.97548,2.726712,5.492366,-8.001373,3.101705,,,,,,,,-84.32744,8.867249,-36.01693,-15.3039,1,,999,999,-144.4955,0
41.33,4154,48,ANG1JUMPERR,0,0,,,84.80283,2.638822,5.492366,-8.001373,3.089715,,,,,,,,-81.3,12.33623,-30.77118,-14.62087,1,,999,999,-165.5916,0
41.342,4155,48,ANG1JUMPERR,0,0,,,84.6302,2.550931,5.492366,-8.001373,3.091514,,,,,,,,-82.09295,13.98612,-28.90229,-19.25637,1,,999,999,-165.577,0
41.355,4156,48,ANG1JUMPERR,0,0,,,84.45714,2.46304,5.492366,-8.001373,3.103803,,,,,,,,-80.49802,12.77452,-28.26054,-13.79816,1,,999,999,-141.77,0
41.367,4157,48,ANG1JUMPERR,0,0,,,84.27994,2.37515,5.492366,-8.001373,3.133176,,,,,,,,-82.02735,14.98986,-31.2827,-17.58231,1,,999,999,-174.4442,0
41.38,4158,48,ANG1JUMPERR,0,0,,,84.10232,2.287259,5.404475,-8.001373,3.152058,,,,,,,,-82.12901,13.23479,-28.34766,-16.01474,1,,999,999,-149.3436,0
41.392,4159,48,ANG1JUMPERR,0,0,,,83.92179,2.199368,5.316585,-8.001373,3.156704,,,,,,,,-83.62639,13.36934,-30.2851,-16.3355,1,,999,999,-181.055,0
41.405,4160,48,ANG1JUMPERR,0,0,,,83.74043,2.111478,5.228694,-8.001373,3.168094,,,,,,,,-83.56441,13.59095,-30.98781,-18.49179,1,,999,999,-155.6963,0
41.417,4161,48,ANG1JUMPERR,0,0,,,83.55908,2.111478,5.140803,-8.001373,3.163898,,,,,,,,-84.65195,14.25465,-32.05457,-13.54723,1,,999,999,-182.7116,0
41.429,4162,48,ANG1JUMPERR,0,0,,,83.38395,2.023587,5.052913,-8.001373,3.160001,,,,,,,,-83.38306,11.04961,-27.28845,-16.31548,1,,999,999,-170.3971,0
41.442,4163,48,ANG1JUMPERR,0,0,,,83.21048,1.935697,4.965022,-8.001373,3.154906,,,,,,,,-83.00399,12.09476,-28.34719,-10.16264,1,,999,999,-142.4458,0
41.454,4164,48,ANG1JUMPERR,0,0,,,83.03992,1.847806,4.789241,-8.001373,3.14981,,,,,,,,-81.28185,13.72437,-24.65549,-14.81839,1,,999,999,-161.6203,0
41.467,4165,48,ANG1JUMPERR,0,0,,,82.86893,1.847806,4.70135,-8.001373,3.13887,,,,,,,,-80.87789,13.44287,-24.89582,-13.76504,1,,999,999,-138.3904,0
41.479,4166,48,ANG1JUMPERR,0,0,,,82.70252,1.759915,4.525569,-8.001373,3.137372,,,,,,,,-79.75495,12.43622,-22.51228,-15.41069,1,,999,999,-153.8504,0
41.491,4167,48,ANG1JUMPERR,0,0,,,82.53154,1.759915,4.349788,-8.001373,3.141568,,,,,,,,-80.00256,12.3167,-23.51817,-12.05714,1,,999,999,-162.4165,0
41.504,4168,48,ANG1JUMPERR,0,0,,,82.35973,1.672025,4.174006,-8.001373,3.13992,,,,,,,,-80.07002,14.60445,-24.62421,-15.91853,1,,999,999,-139.7274,0
41.516,4169,48,ANG1JUMPERR,0,0,,,82.18668,1.672025,3.998225,-8.001373,3.141418,,,,,,,,-80.9267,12.56744,-22.38254,-13.45104,1,,999,999,-166.3829,0
41.529,4170,48,ANG1JUMPERR,0,0,,,82.01486,1.584134,3.734553,-8.001373,3.15011,,,,,,,,-81.14041,11.98636,-26.40495,-11.97057,1,,999,999,-139.7398,0
41.541,4171,48,ANG1JUMPERR,0,0,,,81.84513,1.584134,3.470881,-8.001373,3.151609,,,,,,,,-82.19259,12.323,-24.49135,-12.57446,1,,999,999,-160.0481,0
41.554,4172,48,ANG1JUMPERR,0,0,,,81.6729,1.584134,3.2951,-8.001373,3.158203,,,,,,,,-81.86877,12.11475,-23.09657,-15.70566,1,,999,999,-140.4108,0
41.566,4173,48,ANG1JUMPERR,0,0,,,81.50483,1.584134,3.031428,-8.001373,3.166595,,,,,,,,-81.85821,9.041779,-23.25553,-7.503892,1,,999,999,-156.9411,0
41.578,4174,48,ANG1JUMPERR,0,0,,,81.3351,1.496243,2.767756,-8.001373,3.175437,,,,,,,,-80.60291,9.78531,-22.18549,-9.18379,1,,999,999,-160.0481,0
41.591,4175,48,ANG1JUMPERR,0,0,,,81.16619,1.496243,2.504084,-8.001373,3.174837,,,,,,,,-79.18822,10.58164,-20.76053,-10.2151,1,,999,999,-135.0515,0
41.603,4176,48,ANG1JUMPERR,0,0,,,80.9977,1.496243,2.240412,-8.001373,3.166895,,,,,,,,-79.0733,7.698048,-17.16037,-8.653307,1,,999,999,-157.7114,0
41.616,4177,48,ANG1JUMPERR,0,0,,,80.82963,1.496243,1.976741,-8.001373,3.157454,,,,,,,,0,0,-7.014559,-11.2058,1,,999,999,-133.7249,0
41.628,4178,48,ANG1JUMPERR,0,0,,,80.66155,1.496243,1.625178,-8.001373,3.142767,,,,,,,,-78.73917,7.749206,-13.87992,-8.442204,1,,999,999,-156.9411,0
41.64,4179,48,ANG1JUMPERR,0,0,,,80.49098,1.496243,1.361506,-8.001373,3.133026,,,,,,,,-79.15092,9.289261,-15.36172,-12.54467,1,,999,999,-161.6348,0
41.653,4180,48,ANG1JUMPERR,0,0,,,80.31793,1.408353,1.097834,-8.001373,3.124034,,,,,,,,-78.92265,10.01629,-17.95682,-5.466532,1,,999,999,-141.7575,0
41.665,4181,48,ANG1JUMPERR,0,0,,,80.14197,1.408353,0.7462718,-8.001373,3.120288,,,,,,,,-79.67995,8.484322,-13.82738,-10.11973,1,,999,999,-172.0192,0
41.678,4182,48,ANG1JUMPERR,0,0,,,79.96186,1.408353,0.3947093,-8.001373,3.127481,,,,,,,,-79.71237,10.24224,-16.56712,-5.419965,1,,999,999,-153.5554,0
41.69,4183,48,ANG1JUMPERR,0,0,,,79.78133,1.496243,0.1310375,-8.001373,3.138571,,,,,,,,-79.4586,10.02604,-15.55574,-9.528,1,,999,999,-181.055,0
41.702,4184,48,ANG1JUMPERR,0,0,,,79.6004,1.496243,-0.220525,-8.001373,3.142617,,,,,,,,-78.79817,9.999567,-14.9062,-8.022838,1,,999,999,-181.8824,0
41.715,4185,48,ANG1JUMPERR,0,0,,,79.42153,1.496243,-0.4841969,-8.001373,3.13947,,,,,,,,0,0,-4.467158,-6.643508,1,,999,999,-151.4422,0
41.727,4186,48,ANG1JUMPERR,0,0,,,79.24682,1.496243,-0.8357594,-8.001373,3.134824,,,,,,,,-77.57035,10.81459,-17.60076,-2.869612,1,,999,999,-169.5816,0
41.74,4187,48,ANG1JUMPERR,0,0,,,79.07044,1.496243,-1.187322,-8.001373,3.124783,,,,,,,,-77.34513,10.74445,-14.05398,-5.337685,1,,999,999,-147.2597,0
41.752,4188,48,ANG1JUMPERR,0,0,,,78.8949,1.496243,-1.538884,-8.001373,3.107249,,,,,,,,-76.85523,8.759888,-12.97463,-5.028718,1,,999,999,-171.1997,0
41.764,4189,48,ANG1JUMPERR,0,0,,,78.71561,1.584134,-1.802556,-8.001373,3.097059,,,,,,,,-77.09008,7.393046,-12.68631,-5.720176,1,,999,999,-178.5691,0
41.777,4190,48,ANG1JUMPERR,0,0,,,78.5326,1.584134,-2.154119,-8.001373,3.090765,,,,,,,,-77.11666,6.076344,-11.32573,-1.070123,1,,999,999,-158.5519,0
41.789,4191,48,ANG1JUMPERR,0,0,,,78.34792,1.672025,-2.505681,-8.001373,3.083271,,,,,,,,-77.81561,3.243517,-8.167609,-4.377408,1,,999,999,-189.4758,0
41.802,4192,48,ANG1JUMPERR,0,0,,,78.16076,1.672025,-2.769353,-8.001373,3.084171,,,,,,,,-77.35771,2.011758,-8.789707,-0.03885353,1,,999,999,-165.8247,0
41.814,4193,48,ANG1JUMPERR,0,0,,,77.97526,1.672025,-3.033025,-8.001373,3.083571,,,,,,,,-77.44962,-0.9145641,-6.362911,-1.066416,1,,999,999,-191.1703,0
41.827,4194,48,ANG1JUMPERR,0,0,,,77.79141,1.759915,-3.296697,-8.001373,3.090765,,,,,,,,-77.33264,1.756604,-5.271867,-6.978546,1,,999,999,-159.9961,0
41.839,4195,48,ANG1JUMPERR,0,0,,,77.60964,1.759915,-3.560369,-8.001373,3.103503,,,,,,,,-77.28146,-0.06459498,-5.240911,-3.04245,1,,999,999,-183.558,0
41.851,4196,48,ANG1JUMPERR,0,0,,,77.42995,1.759915,-3.824041,-8.001373,3.111445,,,,,,,,-76.32431,0.05876489,-7.20434,1.114289,1,,999,999,-179.3908,0
41.864,4197,48,ANG1JUMPERR,0,0,,,77.24942,1.759915,-4.087712,-8.001373,3.109947,,,,,,,,-75.59975,0.7448032,-5.312304,-2.912788,1,,999,999,-154.2717,0
41.876,4198,48,ANG1JUMPERR,0,0,,,77.06641,1.847806,-4.263494,-8.001373,3.113993,,,,,,,,-75.58006,0.3897612,-6.24316,1.09926,1,,999,999,-186.0783,0
41.889,4199,48,ANG1JUMPERR,0,0,,,76.8863,1.847806,-4.439275,-8.001373,3.112944,,,,,,,,-74.97837,2.023937,-8.719103,-1.503354,1,,999,999,-153.5554,0
41.901,4200,48,ANG1JUMPERR,0,0,,,76.70494,1.847806,-4.615056,-8.001373,3.103053,,,,,,,,-75.34406,1.586584,-7.251135,0.4227315,1,,999,999,-182.7269,0
41.913,4201,48,ANG1JUMPERR,0,0,,,76.52691,1.847806,-4.702947,-8.001373,3.09601,,,,,,,,-75.5062,2.723668,-8.018392,-0.9798914,1,,999,999,-176.0854,0
41.926,4202,48,ANG1JUMPERR,0,0,,,76.35094,1.847806,-4.878728,-8.001373,3.099607,,,,,,,,-75.54475,0.1660743,-5.521899,0.3936605,1,,999,999,-146.5726,0
41.938,4203,48,ANG1JUMPERR,0,0,,,76.17499,1.847806,-4.966619,-8.001373,3.103353,,,,,,,,-75.18361,1.289743,-5.271309,-3.034095,1,,999,999,-172.0043,0
41.951,4204,48,ANG1JUMPERR,0,0,,,75.99986,1.847806,-5.054509,-8.001373,3.1065,,,,,,,,-75.70506,3.412423,-7.439971,-0.8833202,1,,999,999,-145.1904,0
41.963,4205,48,ANG1JUMPERR,0,0,,,75.8214,1.847806,-5.054509,-8.001373,3.118939,,,,,,,,-75.01401,1.559781,-5.900476,-4.433658,1,,999,999,-176.9164,0
41.975,4206,48,ANG1JUMPERR,0,0,,,75.64213,1.935697,-5.1424,-8.001373,3.129129,,,,,,,,-74.9968,1.580548,-6.593661,-1.537613,1,,999,999,-178.5539,0
41.988,4207,48,ANG1JUMPERR,0,0,,,75.46658,1.935697,-5.1424,-8.001373,3.129279,,,,,,,,-73.64931,1.204992,-6.412621,-1.420074,1,,999,999,-145.8743,0
42,4208,48,ANG1JUMPERR,0,0,,,75.29104,1.935697,-5.1424,-8.001373,3.122835,,,,,,,,-73.749,2.16108,-5.122851,-3.390489,1,,999,999,-171.1997,0
42.013,4209,48,ANG1JUMPERR,0,0,,,75.11757,1.935697,-5.1424,-8.001373,3.118489,,,,,,,,-73.22669,3.144418,-8.368633,-3.048062,1,,999,999,-142.4458,0
42.025,4210,48,ANG1JUMPERR,0,0,,,74.94742,1.935697,-5.1424,-8.001373,3.106051,,,,,,,,-73.55989,2.318809,-6.098762,-4.682588,1,,999,999,-160.8404,0
42.038,4211,48,ANG1JUMPERR,0,0,,,74.77436,1.847806,-5.054509,-8.001373,3.097358,,,,,,,,-73.15483,2.342178,-8.331626,-4.239189,1,,999,999,-141.77,0
42.05,4212,48,ANG1JUMPERR,0,0,,,74.5984,1.847806,-4.966619,-8.001373,3.088816,,,,,,,,-73.5174,1.652305,-7.222214,-3.148576,1,,999,999,-172.0043,0
42.062,4213,48,ANG1JUMPERR,0,0,,,74.41995,1.847806,-4.878728,-8.001373,3.086119,,,,,,,,-73.69806,2.997548,-9.960333,-4.422661,1,,999,999,-176.9164,0
42.075,4214,48,ANG1JUMPERR,0,0,,,74.23652,1.847806,-4.790837,-8.001373,3.08492,,,,,,,,-73.37369,2.894793,-8.506476,-6.030563,1,,999,999,-159.2798,0
42.087,4215,48,ANG1JUMPERR,0,0,,,74.05267,1.847806,-4.702947,-8.001373,3.087168,,,,,,,,-73.47075,4.358338,-10.23122,-6.025437,1,,999,999,-187.7732,0
42.1,4216,48,ANG1JUMPERR,0,0,,,73.87257,1.847806,-4.615056,-8.001373,3.090765,,,,,,,,-72.44785,4.927939,-10.44285,-5.936213,1,,999,999,-153.5554,0
42.112,4217,48,ANG1JUMPERR,0,0,,,73.69163,1.847806,-4.439275,-8.001373,3.092113,,,,,,,,-72.61285,4.597491,-10.98017,-5.062663,1,,999,999,-181.8824,0
42.124,4218,48,ANG1JUMPERR,0,0,,,73.51484,1.847806,-4.351384,-8.001373,3.091664,,,,,,,,-71.8999,5.625346,-10.6728,-4.826601,1,,999,999,-173.634,0
42.137,4219,48,ANG1JUMPERR,0,0,,,73.33472,1.847806,-4.175603,-8.001373,3.085819,,,,,,,,-72.26328,4.513989,-10.19553,-6.033027,1,,999,999,-153.5684,0
42.149,4220,48,ANG1JUMPERR,0,0,,,73.15877,1.847806,-4.087712,-8.001373,3.078176,,,,,,,,-71.81911,4.459854,-10.41922,-6.031868,1,,999,999,-172.0043,0
42.162,4221,48,ANG1JUMPERR,0,0,,,72.977,1.759915,-3.911931,-8.001373,3.071882,,,,,,,,-72.30991,4.149134,-8.888206,-5.26639,1,,999,999,-156.4045,0
42.174,4222,48,ANG1JUMPERR,0,0,,,72.79647,1.759915,-3.73615,-8.001373,3.061991,,,,,,,,-71.17911,4.332995,-10.20492,-5.660809,1,,999,999,-181.055,0
42.187,4223,48,ANG1JUMPERR,0,0,,,72.61304,1.759915,-3.560369,-8.001373,3.054798,,,,,,,,-71.89494,3.998042,-9.28659,-7.53105,1,,999,999,-159.2666,0
42.199,4224,48,ANG1JUMPERR,0,0,,,72.43002,1.759915,-3.472478,-8.001373,3.045956,,,,,,,,-71.32748,2.696396,-9.876931,-4.898656,1,,999,999,-186.0938,0
42.211,4225,48,ANG1JUMPERR,0,0,,,72.24867,1.759915,-3.296697,-8.001373,3.037414,,,,,,,,-71.82669,3.759499,-10.68409,-6.369465,1,,999,999,-182.7116,0
42.224,4226,48,ANG1JUMPERR,0,0,,,72.07188,1.759915,-3.120916,-8.001373,3.043858,,,,,,,,-70.56407,4.128475,-10.38905,-6.810972,1,,999,999,-147.9485,0
42.236,4227,48,ANG1JUMPERR,0,0,,,71.89384,1.759915,-2.945134,-8.001373,3.048203,,,,,,,,-70.96686,4.150619,-10.95265,-6.677155,1,,999,999,-176.1004,0
42.249,4228,48,ANG1JUMPERR,0,0,,,71.71374,1.759915,-2.769353,-8.001373,3.051201,,,,,,,,-70.15945,2.935673,-9.949801,-6.571863,1,,999,999,-153.5554,0
42.261,4229,48,ANG1JUMPERR,0,0,,,71.53653,1.759915,-2.593572,-8.001373,3.058844,,,,,,,,-70.61424,3.088504,-9.618273,-7.130835,1,,999,999,-174.4592,0
42.273,4230,48,ANG1JUMPERR,0,0,,,71.35767,1.759915,-2.417791,-8.001373,3.072631,,,,,,,,-69.75187,4.33911,-10.3002,-8.836415,1,,999,999,-177.7342,0
42.286,4231,48,ANG1JUMPERR,0,0,,,71.18088,1.759915,-2.242009,-8.001373,3.068135,,,,,,,,-70.30899,4.959014,-12.03592,-6.989401,1,,999,999,-147.9485,0
42.298,4232,48,ANG1JUMPERR,0,0,,,71.00699,1.759915,-2.066228,-8.001373,3.060043,,,,,,,,-70.04523,4.853097,-10.86819,-6.831207,1,,999,999,-167.9858,0
42.311,4233,48,ANG1JUMPERR,0,0,,,70.83559,1.759915,-1.978338,-8.001373,3.058544,,,,,,,,-69.93222,5.524991,-10.82057,-8.248482,1,,999,999,-139.0581,0
42.323,4234,48,ANG1JUMPERR,0,0,,,70.66752,1.759915,-1.802556,-8.001373,3.053149,,,,,,,,-70.04112,4.288127,-10.6857,-9.919897,1,,999,999,-156.9411,0
42.336,4235,48,ANG1JUMPERR,0,0,,,70.50235,1.759915,-1.714666,-8.001373,3.043408,,,,,,,,-70.21135,4.085617,-9.627661,-7.953691,1,,999,999,-129.1395,0
42.348,4236,48,ANG1JUMPERR,0,0,,,70.33386,1.847806,-1.538884,-8.001373,3.045056,,,,,,,,-69.53455,3.444018,-9.764309,-9.646327,1,,999,999,-157.7114,0
42.36,4237,48,ANG1JUMPERR,0,0,,,70.16952,1.847806,-1.450994,-8.001373,3.055247,,,,,,,,-35.26439,135,-142.0756,-7.707609,1,,999,999,-150.0512,0
42.371,4238,48,ANG1JUMPERR,0,0,,,70.02261,1.847806,-1.275213,-8.001373,3.06259,,,,,,,,-69.37276,4.315297,-11.40487,-7.720111,1,,999,999,-142.6829,0
42.4,4239,48,ANG1JUMPERR,0,0,,,69.64247,1.847806,-1.011541,-8.001373,3.061392,,,,,,,,-68.57877,4.220959,-10.62897,-9.122164,1,,999,999,-137.4631,0
42.412,4240,48,ANG1JUMPERR,0,0,,,69.48145,1.935697,-0.92365,-8.001373,3.063939,,,,,,,,-67.86459,2.729867,-10.1114,-7.729514,1,,999,999,-144.0384,0
42.425,4241,48,ANG1JUMPERR,0,0,,,69.32333,1.935697,-0.8357594,-8.001373,3.059443,,,,,,,,-68.32726,3.301866,-8.980725,-11.56745,1,,999,999,-118.3512,0
42.437,4242,48,ANG1JUMPERR,0,0,,,69.1648,1.935697,-0.7478688,-8.001373,3.056446,,,,,,,,-67.99979,2.509067,-8.415208,-9.500688,1,,999,999,-139.623,0
42.45,4243,48,ANG1JUMPERR,0,0,,,69.00586,1.935697,-0.6599782,-8.001373,3.056746,,,,,,,,-68.60268,3.501965,-10.54813,-10.97774,1,,999,999,-119.5879,0
42.462,4244,48,ANG1JUMPERR,0,0,,,68.84525,2.023587,-0.6599782,-8.001373,3.054048,,,,,,,,-68.03332,3.215484,-10.94562,-7.429227,1,,999,999,-143.3023,0
42.474,4245,48,ANG1JUMPERR,0,0,,,68.6834,2.023587,-0.5720875,-8.001373,3.048803,,,,,,,,-67.41824,3.097007,-9.539155,-9.800731,1,,999,999,-145.5301,0
42.487,4246,48,ANG1JUMPERR,0,0,,,68.52073,2.023587,-0.4841969,-8.001373,3.042359,,,,,,,,-67.36208,3.118089,-11.33193,-6.586296,1,,999,999,-125.2677,0
42.499,4247,48,ANG1JUMPERR,0,0,,,68.35722,2.111478,-0.4841969,-8.001373,3.037863,,,,,,,,-66.99298,5.550499,-10.46929,-9.709638,1,,999,999,-148.5365,0
42.512,4248,48,ANG1JUMPERR,0,0,,,68.19412,2.111478,-0.3963063,-8.001373,3.026324,,,,,,,,-66.83772,4.965037,-9.547131,-9.551098,1,,999,999,-125.9149,0
42.524,4249,48,ANG1JUMPERR,0,0,,,68.03393,2.111478,-0.3963063,-8.001373,3.01943,,,,,,,,-66.85273,5.229333,-9.556078,-9.006832,1,,999,999,-142.568,0
42.536,4250,48,ANG1JUMPERR,0,0,,,67.87333,2.199368,-0.3963063,-8.001373,3.018231,,,,,,,,-66.47549,4.766571,-8.513925,-10.41836,1,,999,999,-143.2887,0
42.549,4251,48,ANG1JUMPERR,0,0,,,67.7123,2.199368,-0.3963063,-8.001373,3.017632,,,,,,,,-67.25903,4.098301,-8.337178,-10.5876,1,,999,999,-122.7426,0
42.561,4252,48,ANG1JUMPERR,0,0,,,67.54921,2.287259,-0.3963063,-8.001373,3.013585,,,,,,,,-66.35601,4.552835,-10.1081,-8.851734,1,,999,999,-147.775,0
42.574,4253,48,ANG1JUMPERR,0,0,,,67.38404,2.287259,-0.3963063,-8.001373,3.009539,,,,,,,,-66.71665,2.588274,-8.170879,-8.67443,1,,999,999,-129.1395,0
42.586,4254,48,ANG1JUMPERR,0,0,,,67.22095,2.287259,-0.4841969,-8.001373,3.003994,,,,,,,,-66.07316,2.518411,-8.665542,-8.292835,1,,999,999,-147.775,0
42.599,4255,48,ANG1JUMPERR,0,0,,,67.05619,2.37515,-0.4841969,-8.001373,2.994553,,,,,,,,-65.83135,4.194862,-8.71582,-9.072988,1,,999,999,-128.496,0
42.611,4256,48,ANG1JUMPERR,0,0,,,66.89227,2.37515,-0.5720875,-8.001373,2.985861,,,,,,,,-65.56541,3.871,-9.256052,-8.379102,1,,999,999,-149.2859,0
42.623,4257,48,ANG1JUMPERR,0,0,,,66.73042,2.46304,-0.5720875,-8.001373,2.975071,,,,,,,,-65.45968,4.042804,-8.144514,-9.29232,1,,999,999,-145.5301,0
42.636,4258,48,ANG1JUMPERR,0,0,,,66.5694,2.46304,-0.6599782,-8.001373,2.968177,,,,,,,,-65.12097,3.62445,-8.830359,-7.869886,1,,999,999,-122.731,0
42.648,4259,48,ANG1JUMPERR,0,0,,,66.40796,2.550931,-0.7478688,-8.001373,2.963531,,,,,,,,-65.67037,2.721518,-7.66779,-8.399099,1,,999,999,-144.7902,0
42.661,4260,48,ANG1JUMPERR,0,0,,,66.24238,2.550931,-0.7478688,-8.001373,2.964131,,,,,,,,-64.9891,2.150943,-6.611111,-8.759354,1,,999,999,-129.7845,0
42.673,4261,48,ANG1JUMPERR,0,0,,,66.0797,2.638822,-0.8357594,-8.001373,2.958436,,,,,,,,-65.54605,2.340032,-7.00177,-7.442528,1,,999,999,-147.0294,0
42.685,4262,48,ANG1JUMPERR,0,0,,,65.91453,2.638822,-0.92365,-8.001373,2.952891,,,,,,,,-64.32635,2.177247,-6.7909,-8.295734,1,,999,999,-151.5596,0
42.698,4263,48,ANG1JUMPERR,0,0,,,65.74853,2.726712,-0.92365,-8.001373,2.951542,,,,,,,,-65.19975,2.410683,-8.475801,-6.034246,1,,999,999,-130.4432,0
42.71,4264,48,ANG1JUMPERR,0,0,,,65.58211,2.726712,-1.011541,-8.001373,2.949594,,,,,,,,-64.1147,2.226502,-7.145066,-8.028691,1,,999,999,-153.8645,0
42.723,4265,48,ANG1JUMPERR,0,0,,,65.41736,2.726712,-1.099431,-8.001373,2.941052,,,,,,,,-64.52402,2.686769,-7.500007,-8.58221,1,,999,999,-128.4842,0
42.735,4266,48,ANG1JUMPERR,0,0,,,65.25675,2.814603,-1.187322,-8.001373,2.940003,,,,,,,,-63.80711,2.403281,-7.586618,-8.71091,1,,999,999,-143.3023,0
42.748,4267,48,ANG1JUMPERR,0,0,,,65.09531,2.814603,-1.187322,-8.001373,2.945098,,,,,,,,-64.43785,2.493718,-6.869141,-8.953976,1,,999,999,-123.3715,0
42.76,4268,48,ANG1JUMPERR,0,0,,,64.93513,2.814603,-1.275213,-8.001373,2.940902,,,,,,,,-63.98521,3.172794,-7.496835,-9.25601,1,,999,999,-142.5544,0
42.772,4269,48,ANG1JUMPERR,0,0,,,64.77369,2.814603,-1.363103,-8.001373,2.934008,,,,,,,,-63.7629,2.458078,-7.375927,-7.229952,1,,999,999,-144.7902,0
42.785,4270,48,ANG1JUMPERR,0,0,,,64.61184,2.902493,-1.450994,-8.001373,2.933709,,,,,,,,-63.37656,2.468118,-6.805777,-8.06435,1,,999,999,-124.002,0
42.797,4271,48,ANG1JUMPERR,0,0,,,64.45373,2.902493,-1.450994,-8.001373,2.936856,,,,,,,,-63.31247,3.442913,-8.176732,-7.013669,1,,999,999,-138.8848,0
42.81,4272,48,ANG1JUMPERR,0,0,,,64.2952,2.902493,-1.538884,-8.001373,2.933709,,,,,,,,-63.45043,2.109617,-5.903833,-7.821453,1,,999,999,-118.9687,0
42.822,4273,48,ANG1JUMPERR,0,0,,,64.13874,2.902493,-1.626775,-8.001373,2.928613,,,,,,,,-63.28819,2.850034,-7.275868,-7.504344,1,,999,999,-135.9915,0
42.834,4274,48,ANG1JUMPERR,0,0,,,63.98228,2.990384,-1.626775,-8.001373,2.931611,,,,,,,,-63.14373,2.428708,-6.832004,-7.325822,1,,999,999,-135.9915,0
42.847,4275,48,ANG1JUMPERR,0,0,,,63.82749,2.990384,-1.714666,-8.001373,2.938354,,,,,,,,-62.70404,1.68109,-6.634348,-6.975212,1,,999,999,-113.4239,0
42.859,4276,48,ANG1JUMPERR,0,0,,,63.67767,2.990384,-1.714666,-8.001373,2.935507,,,,,,,,-62.74562,2.518898,-6.458022,-8.414822,1,,999,999,-124.6975,0
42.872,4277,48,ANG1JUMPERR,0,0,,,63.52496,2.990384,-1.802556,-8.001373,2.929513,,,,,,,,-61.95132,2.087984,-5.971405,-7.444505,1,,999,999,-110.4031,0
42.884,4278,48,ANG1JUMPERR,0,0,,,63.37182,2.990384,-1.802556,-8.001373,2.926366,,,,,,,,-62.45755,2.534092,-6.999446,-8.086235,1,,999,999,-130.2833,0
42.897,4279,48,ANG1JUMPERR,0,0,,,63.21536,2.990384,-1.890447,-8.001373,2.923069,,,,,,,,-61.73393,1.968767,-6.420284,-6.419147,1,,999,999,-115.8745,0
42.909,4280,48,ANG1JUMPERR,0,0,,,63.0614,2.990384,-1.890447,-8.001373,2.915126,,,,,,,,-62.28304,2.147585,-5.75966,-8.060448,1,,999,999,-131.6891,0
42.921,4281,48,ANG1JUMPERR,0,0,,,62.90743,2.990384,-1.978338,-8.001373,2.906584,,,,,,,,-61.31386,2.538254,-6.69274,-6.923293,1,,999,999,-131.7022,0
42.934,4282,48,ANG1JUMPERR,0,0,,,62.75181,2.990384,-1.978338,-8.001373,2.905085,,,,,,,,-61.80592,2.034885,-5.531014,-7.905166,1,,999,999,-114.6459,0
42.946,4283,48,ANG1JUMPERR,0,0,,,62.59992,2.990384,-2.066228,-8.001373,2.903436,,,,,,,,-61.88299,2.652619,-5.656389,-8.346058,1,,999,999,-128.1631,0
42.959,4284,48,ANG1JUMPERR,0,0,,,62.44554,2.990384,-2.066228,-8.001373,2.895494,,,,,,,,-61.48516,2.6738,-6.484178,-6.737489,1,,999,999,-112.821,0
42.971,4285,48,ANG1JUMPERR,0,0,,,62.29365,2.990384,-2.066228,-8.001373,2.891298,,,,,,,,-61.79682,3.207824,-7.207225,-7.642644,1,,999,999,-128.176,0
42.983,4286,48,ANG1JUMPERR,0,0,,,62.13885,2.990384,-2.154119,-8.001373,2.893096,,,,,,,,-60.97784,2.909863,-7.229557,-5.956337,1,,999,999,-133.1156,0
42.996,4287,48,ANG1JUMPERR,0,0,,,61.98158,2.990384,-2.154119,-8.001373,2.890548,,,,,,,,-61.04507,3.174985,-5.389431,-9.17433,1,,999,999,-117.0982,0
43.008,4288,48,ANG1JUMPERR,0,0,,,61.82594,2.990384,-2.154119,-8.001373,2.878559,,,,,,,,-60.11168,2.480983,-5.076027,-7.045216,1,,999,999,-134.5629,0
43.021,4289,48,ANG1JUMPERR,0,0,,,61.66742,2.990384,-2.154119,-8.001373,2.870317,,,,,,,,-60.55456,3.725088,-6.402337,-8.277724,1,,999,999,-118.9572,0
43.033,4290,48,ANG1JUMPERR,0,0,,,61.51013,2.902493,-2.242009,-8.001373,2.865971,,,,,,,,-60.14445,4.277937,-6.938364,-6.388782,1,,999,999,-137.441,0
43.045,4291,48,ANG1JUMPERR,0,0,,,61.35243,2.902493,-2.242009,-8.001373,2.858178,,,,,,,,-60.40654,4.110169,-6.306438,-8.869096,1,,999,999,-138.162,0
43.058,4292,48,ANG1JUMPERR,0,0,,,61.19598,2.902493,-2.3299,-8.001373,2.847688,,,,,,,,-60.55577,4.852567,-7.214507,-7.67864,1,,999,999,-115.8745,0
43.07,4293,48,ANG1JUMPERR,0,0,,,61.04284,2.902493,-2.3299,-8.001373,2.836298,,,,,,,,-59.63166,4.266234,-5.251699,-9.448421,1,,999,999,-130.2769,0
43.083,4294,48,ANG1JUMPERR,0,0,,,60.88721,2.902493,-2.3299,-8.001373,2.8345,,,,,,,,-60.50265,4.119299,-5.462762,-8.645165,1,,999,999,-114.6515,0
43.095,4295,48,ANG1JUMPERR,0,0,,,60.72993,2.902493,-2.417791,-8.001373,2.837946,,,,,,,,-59.29364,4.943602,-6.815002,-7.871962,1,,999,999,-137.4344,0
43.108,4296,48,ANG1JUMPERR,0,0,,,60.57099,2.902493,-2.417791,-8.001373,2.8339,,,,,,,,-60.15859,4.970942,-6.6212,-8.547114,1,,999,999,-119.5879,0
43.12,4297,48,ANG1JUMPERR,0,0,,,60.4108,2.902493,-2.505681,-8.001373,2.835848,,,,,,,,-59.14072,4.820766,-7.065462,-7.062551,1,,999,999,-142.5613,0
43.132,4298,48,ANG1JUMPERR,0,0,,,60.25227,2.902493,-2.593572,-8.001373,2.841094,,,,,,,,-59.59571,4.991095,-6.98712,-7.803327,1,,999,999,-139.623,0
43.145,4299,48,ANG1JUMPERR,0,0,,,60.09373,2.990384,-2.593572,-8.001373,2.841094,,,,,,,,-58.50497,4.248455,-6.048284,-7.586354,1,,999,999,-118.9687,0
43.157,4300,48,ANG1JUMPERR,0,0,,,59.93811,2.990384,-2.681463,-8.001373,2.830453,,,,,,,,-59.32491,4.570651,-6.099582,-7.467764,1,,999,999,-134.5497,0
43.17,4301,48,ANG1JUMPERR,0,0,,,59.78415,2.990384,-2.769353,-8.001373,2.82296,,,,,,,,-58.01123,4.249055,-6.657634,-6.155778,1,,999,999,-112.2141,0
43.182,4302,48,ANG1JUMPERR,0,0,,,59.63018,2.990384,-2.857244,-8.001373,2.821012,,,,,,,,-58.80726,3.746002,-6.514134,-6.341454,1,,999,999,-131.6957,0
43.194,4303,48,ANG1JUMPERR,0,0,,,59.47787,2.990384,-2.857244,-8.001373,2.813219,,,,,,,,-58.70562,4.12374,-6.159951,-8.128583,1,,999,999,-128.8722,0
43.207,4304,48,ANG1JUMPERR,0,0,,,59.32267,3.078275,-2.945134,-8.001373,2.805127,,,,,,,,-58.63189,3.616114,-5.921051,-6.671877,1,,999,999,-114.0341,0
43.219,4305,48,ANG1JUMPERR,0,0,,,59.1658,3.078275,-3.033025,-8.001373,2.799881,,,,,,,,-58.29456,3.06032,-5.593879,-7.735878,1,,999,999,-136.7087,0
43.232,4306,48,ANG1JUMPERR,0,0,,,59.00893,3.078275,-3.120916,-8.001373,2.804227,,,,,,,,-57.79889,3.64166,-6.340132,-6.905544,1,,999,999,-116.4912,0
43.244,4307,48,ANG1JUMPERR,0,0,,,58.8533,3.078275,-3.120916,-8.001373,2.807674,,,,,,,,-57.856,3.485791,-5.605943,-7.193658,1,,999,999,-134.5497,0
43.257,4308,48,ANG1JUMPERR,0,0,,,58.69809,3.078275,-3.208806,-8.001373,2.800781,,,,,,,,-57.69175,3.672819,-5.060161,-8.64911,1,,999,999,-114.0397,0
43.269,4309,48,ANG1JUMPERR,0,0,,,58.54869,3.166165,-3.208806,-8.001373,2.80123,,,,,,,,-57.7154,3.693914,-5.983508,-6.891995,1,,999,999,-124,0
43.281,4310,48,ANG1JUMPERR,0,0,,,58.40137,3.166165,-3.296697,-8.001373,2.804977,,,,,,,,-57.57869,3.658236,-5.809527,-8.019075,1,,999,999,-120.5791,0
43.294,4311,48,ANG1JUMPERR,0,0,,,58.25363,3.166165,-3.296697,-8.001373,2.802879,,,,,,,,-57.48179,3.783073,-6.550879,-6.803988,1,,999,999,-103.3228,0
43.306,4312,48,ANG1JUMPERR,0,0,,,58.10921,3.166165,-3.384588,-8.001373,2.797034,,,,,,,,-57.42585,3.085117,-4.925608,-7.672875,1,,999,999,-115.874,0
43.319,4313,48,ANG1JUMPERR,0,0,,,57.95856,3.166165,-3.384588,-8.001373,2.794936,,,,,,,,-56.93188,3.077456,-5.338284,-7.905725,1,,999,999,-107.4286,0
43.331,4314,48,ANG1JUMPERR,0,0,,,57.81124,3.254056,-3.384588,-8.001373,2.797933,,,,,,,,-56.98787,2.929805,-5.926977,-5.906704,1,,999,999,-120.5791,0
43.343,4315,48,ANG1JUMPERR,0,0,,,57.66225,3.254056,-3.384588,-8.001373,2.793138,,,,,,,,-56.16649,3.188315,-6.267092,-6.484232,1,,999,999,-123.3171,0
43.356,4316,48,ANG1JUMPERR,0,0,,,57.51368,3.254056,-3.384588,-8.001373,2.782198,,,,,,,,-56.81671,3.447387,-6.356963,-7.053541,1,,999,999,-104.4838,0
43.368,4317,48,ANG1JUMPERR,0,0,,,57.36802,3.254056,-3.384588,-8.001373,2.773206,,,,,,,,-55.30396,2.150708,-5.956676,-6.015257,1,,999,999,-117.8843,0
43.381,4318,48,ANG1JUMPERR,0,0,,,57.22318,3.254056,-3.384588,-8.001373,2.774105,,,,,,,,-56.34747,2.493973,-6.119505,-5.739936,1,,999,999,-99.29697,0
43.393,4319,48,ANG1JUMPERR,0,0,,,57.07835,3.254056,-3.384588,-8.001373,2.773955,,,,,,,,-55.77826,2.389051,-6.017467,-6.12893,1,,999,999,-116.5422,0
43.406,4320,48,ANG1JUMPERR,0,0,,,56.93932,3.254056,-3.296697,-8.001373,2.766312,,,,,,,,-56.66286,2.894369,-4.831288,-7.623989,1,,999,999,-91.49039,0
43.418,4321,48,ANG1JUMPERR,0,0,,,56.79366,3.254056,-3.296697,-8.001373,2.759868,,,,,,,,-55.51798,2.980699,-5.874138,-7.428898,1,,999,999,-117.8843,0
43.43,4322,48,ANG1JUMPERR,0,0,,,56.64882,3.254056,-3.208806,-8.001373,2.759568,,,,,,,,-56.26406,2.744267,-5.572882,-6.947734,1,,999,999,-116.536,0
43.443,4323,48,ANG1JUMPERR,0,0,,,56.50108,3.254056,-3.208806,-8.001373,2.761067,,,,,,,,-55.03381,3.568716,-6.338931,-7.677431,1,,999,999,-103.3228,0
43.455,4324,48,ANG1JUMPERR,0,0,,,56.35085,3.254056,-3.120916,-8.001373,2.750127,,,,,,,,-55.75671,3.459136,-6.422952,-7.368064,1,,999,999,-125.3843,0
43.468,4325,48,ANG1JUMPERR,0,0,,,56.20228,3.254056,-3.120916,-8.001373,2.737389,,,,,,,,-54.7201,4.345067,-6.875699,-8.405637,1,,999,999,-104.4892,0
43.48,4326,48,ANG1JUMPERR,0,0,,,56.05413,3.254056,-3.033025,-8.001373,2.734391,,,,,,,,-55.45088,3.704268,-7.057985,-6.79908,1,,999,999,-121.9443,0
43.492,4327,48,ANG1JUMPERR,0,0,,,55.90722,3.254056,-3.033025,-8.001373,2.729146,,,,,,,,-54.47518,3.814075,-6.495648,-9.091632,1,,999,999,-119.9057,0
43.505,4328,48,ANG1JUMPERR,0,0,,,55.76114,3.254056,-2.945134,-8.001373,2.720904,,,,,,,,-54.99942,3.696142,-6.852112,-7.770204,1,,999,999,-101.0148,0
43.517,4329,48,ANG1JUMPERR,0,0,,,55.61464,3.166165,-2.945134,-8.001373,2.713411,,,,,,,,-54.93738,2.83459,-5.856058,-8.23089,1,,999,999,-119.2217,0
43.53,4330,48,ANG1JUMPERR,0,0,,,55.47064,3.166165,-2.857244,-8.001373,2.706217,,,,,,,,-54.18882,4.003695,-7.001943,-8.068392,1,,999,999,-98.16514,0
43.542,4331,48,ANG1JUMPERR,0,0,,,55.32456,3.166165,-2.857244,-8.001373,2.698724,,,,,,,,-55.12996,3.645563,-5.997586,-9.114755,1,,999,999,-118.5521,0
43.555,4332,48,ANG1JUMPERR,0,0,,,55.17765,3.166165,-2.857244,-8.001373,2.69228,,,,,,,,-54.04446,3.322967,-6.077656,-8.536558,1,,999,999,-102.1682,0
43.567,4333,48,ANG1JUMPERR,0,0,,,55.03032,3.166165,-2.769353,-8.001373,2.686286,,,,,,,,-54.73917,3.11474,-5.645631,-9.59543,1,,999,999,-120.5791,0
43.579,4334,48,ANG1JUMPERR,0,0,,,54.87802,3.166165,-2.769353,-8.001373,2.684787,,,,,,,,-53.545,3.359419,-6.263238,-8.316772,1,,999,999,-128.8722,0
43.592,4335,48,ANG1JUMPERR,0,0,,,54.72903,3.166165,-2.769353,-8.001373,2.686136,,,,,,,,-53.91866,3.803084,-6.717444,-8.950029,1,,999,999,-105.0749,0
43.604,4336,48,ANG1JUMPERR,0,0,,,54.58129,3.166165,-2.769353,-8.001373,2.685986,,,,,,,,-53.0477,3.181147,-6.072416,-8.986391,1,,999,999,-121.2608,0
43.617,4337,48,ANG1JUMPERR,0,0,,,54.43438,3.166165,-2.769353,-8.001373,2.68134,,,,,,,,-53.51949,4.166039,-7.992371,-7.821583,1,,999,999,-102.1628,0
43.629,4338,48,ANG1JUMPERR,0,0,,,54.28747,3.166165,-2.769353,-8.001373,2.680291,,,,,,,,-52.57341,4.019457,-6.991718,-8.277423,1,,999,999,-119.9057,0
43.641,4339,48,ANG1JUMPERR,0,0,,,54.14264,3.166165,-2.769353,-8.001373,2.676095,,,,,,,,-53.75255,3.771504,-6.707178,-8.309129,1,,999,999,-116.5422,0
43.654,4340,48,ANG1JUMPERR,0,0,,,53.99614,3.166165,-2.769353,-8.001373,2.667403,,,,,,,,-52.72502,3.271802,-6.281023,-8.155659,1,,999,999,-101.5854,0
43.666,4341,48,ANG1JUMPERR,0,0,,,53.85006,3.166165,-2.769353,-8.001373,2.65916,,,,,,,,-53.59377,3.525395,-7.039933,-7.859228,1,,999,999,-118.5521,0
43.679,4342,48,ANG1JUMPERR,0,0,,,53.70108,3.166165,-2.769353,-8.001373,2.658861,,,,,,,,-52.58168,3.267864,-6.690781,-7.905144,1,,999,999,-105.0749,0
43.691,4343,48,ANG1JUMPERR,0,0,,,53.55085,3.166165,-2.769353,-8.001373,2.662158,,,,,,,,-53.03243,3.274433,-6.270774,-8.327043,1,,999,999,-125.3843,0
43.704,4344,48,ANG1JUMPERR,0,0,,,53.40186,3.078275,-2.769353,-8.001373,2.662008,,,,,,,,-52.09056,2.286955,-5.093761,-8.156701,1,,999,999,-105.0695,0
43.716,4345,48,ANG1JUMPERR,0,0,,,53.25329,3.078275,-2.857244,-8.001373,2.654515,,,,,,,,-52.52504,3.511942,-5.919223,-9.028419,1,,999,999,-122.6297,0
43.728,4346,48,ANG1JUMPERR,0,0,,,53.10846,3.078275,-2.857244,-8.001373,2.64882,,,,,,,,-51.13358,3.106201,-6.303144,-7.954527,1,,999,999,-116.5422,0
43.741,4347,48,ANG1JUMPERR,0,0,,,52.96196,3.078275,-2.857244,-8.001373,2.650319,,,,,,,,-52.4073,3.187458,-6.435116,-8.089211,1,,999,999,-101.5907,0
43.753,4348,48,ANG1JUMPERR,0,0,,,52.82045,3.078275,-2.945134,-8.001373,2.648221,,,,,,,,-51.39668,2.409373,-5.31351,-8.685199,1,,999,999,-111.2565,0
43.766,4349,48,ANG1JUMPERR,0,0,,,52.67893,3.078275,-2.945134,-8.001373,2.636531,,,,,,,,-52.09867,2.966738,-5.883885,-8.405865,1,,999,999,-94.79839,0
43.778,4350,48,ANG1JUMPERR,0,0,,,52.53617,3.078275,-2.945134,-8.001373,2.629338,,,,,,,,-51.77033,2.296006,-5.63049,-7.882342,1,,999,999,-113.2265,0
43.79,4351,48,ANG1JUMPERR,0,0,,,52.39424,3.078275,-3.033025,-8.001373,2.625591,,,,,,,,-52.13134,2.497369,-5.602556,-8.291648,1,,999,999,-111.9112,0
43.803,4352,48,ANG1JUMPERR,0,0,,,52.25148,2.990384,-3.033025,-8.001373,2.626641,,,,,,,,-51.84118,1.491976,-4.567074,-8.049753,1,,999,999,-96.47703,0
43.815,4353,48,ANG1JUMPERR,0,0,,,52.10872,2.990384,-3.033025,-8.001373,2.622144,,,,,,,,-51.40057,2.157306,-5.36235,-7.218673,1,,999,999,-113.2204,0
43.828,4354,48,ANG1JUMPERR,0,0,,,51.96638,2.990384,-3.033025,-8.001373,2.613752,,,,,,,,-51.02617,2.773097,-6.250524,-7.613284,1,,999,999,-95.91582,0
43.84,4355,48,ANG1JUMPERR,0,0,,,51.82611,2.990384,-3.120916,-8.001373,2.613003,,,,,,,,-51.09625,3.006937,-6.381014,-7.233277,1,,999,999,-109.3097,0
43.853,4356,48,ANG1JUMPERR,0,0,,,51.68708,2.902493,-3.120916,-8.001373,2.615551,,,,,,,,-50.45732,2.850179,-6.24692,-7.987267,1,,999,999,-91.49541,0
43.865,4357,48,ANG1JUMPERR,0,0,,,51.54972,2.902493,-3.120916,-8.001373,2.615401,,,,,,,,-50.71387,2.431012,-6.299369,-7.014728,1,,999,999,-104.8262,0
43.877,4358,48,ANG1JUMPERR,0,0,,,51.4136,2.902493,-3.120916,-8.001373,2.610755,,,,,,,,-50.50182,1.942234,-5.106549,-8.180222,1,,999,999,-102.9367,0
43.89,4359,48,ANG1JUMPERR,0,0,,,51.27789,2.814603,-3.120916,-8.001373,2.60536,,,,,,,,-50.34967,2.056337,-4.80375,-7.935078,1,,999,999,-87.17438,0
43.902,4360,48,ANG1JUMPERR,0,0,,,51.14177,2.814603,-3.120916,-8.001373,2.597717,,,,,,,,-50.27694,2.404136,-6.40298,-6.574679,1,,999,999,-102.9367,0
43.915,4361,48,ANG1JUMPERR,0,0,,,51.00607,2.814603,-3.120916,-8.001373,2.591123,,,,,,,,-50.17809,2.053895,-5.783021,-7.318023,1,,999,999,-87.17928,0
43.927,4362,48,ANG1JUMPERR,0,0,,,50.86746,2.726712,-3.120916,-8.001373,2.582581,,,,,,,,-50.0142,2.129219,-5.331387,-7.461711,1,,999,999,-106.7328,0
43.939,4363,48,ANG1JUMPERR,0,0,,,50.72968,2.726712,-3.120916,-8.001373,2.578385,,,,,,,,-49.86564,2.123502,-5.380213,-7.959308,1,,999,999,-105.4676,0
43.952,4364,48,ANG1JUMPERR,0,0,,,50.59273,2.638822,-3.120916,-8.001373,2.576286,,,,,,,,-49.77744,2.75018,-5.824223,-8.456257,1,,999,999,-88.77943,0
43.964,4365,48,ANG1JUMPERR,0,0,,,50.45287,2.638822,-3.120916,-8.001373,2.573589,,,,,,,,-49.33509,2.570209,-5.129913,-8.042804,1,,999,999,-108.6626,0
43.977,4366,48,ANG1JUMPERR,0,0,,,50.31509,2.550931,-3.120916,-8.001373,2.568194,,,,,,,,-49.20248,2.579928,-5.901965,-7.621132,1,,999,999,-89.86588,0
43.989,4367,48,ANG1JUMPERR,0,0,,,50.17648,2.550931,-3.120916,-8.001373,2.565646,,,,,,,,-48.75272,2.036325,-4.998698,-8.2725,1,,999,999,-106.7328,0
44.002,4368,48,ANG1JUMPERR,0,0,,,50.03995,2.46304,-3.120916,-8.001373,2.558903,,,,,,,,-48.95954,3.611173,-7.056051,-7.426716,1,,999,999,-88.24606,0
44.014,4369,48,ANG1JUMPERR,0,0,,,49.90507,2.46304,-3.120916,-8.001373,2.547513,,,,,,,,-48.96385,2.438,-5.137852,-8.576786,1,,999,999,-101.0645,0
44.026,4370,48,ANG1JUMPERR,0,0,,,49.7702,2.37515,-3.120916,-8.001373,2.538521,,,,,,,,-49.05741,2.618021,-5.39759,-8.089635,1,,999,999,-101.0645,0
44.039,4371,48,ANG1JUMPERR,0,0,,,49.62993,2.287259,-3.120916,-8.001373,2.531178,,,,,,,,-48.83257,2.399199,-5.746259,-7.592207,1,,999,999,-93.13452,0
44.051,4372,48,ANG1JUMPERR,0,0,,,49.49256,2.287259,-3.120916,-8.001373,2.526532,,,,,,,,-49.12653,1.997633,-4.964952,-8.400139,1,,999,999,-104.832,0
44.064,4373,48,ANG1JUMPERR,0,0,,,49.35105,2.199368,-3.120916,-8.001373,2.524434,,,,,,,,-48.00898,2.976194,-6.438193,-7.46301,1,,999,999,-94.79839,0
44.076,4374,48,ANG1JUMPERR,0,0,,,49.21244,2.199368,-3.120916,-8.001373,2.523385,,,,,,,,-48.79524,2.830534,-6.166779,-7.424035,1,,999,999,-106.7387,0
44.088,4375,48,ANG1JUMPERR,0,0,,,49.07507,2.111478,-3.120916,-8.001373,2.514843,,,,,,,,-47.31726,2.283973,-5.51863,-7.570209,1,,999,999,-104.8262,0
44.101,4376,48,ANG1JUMPERR,0,0,,,48.93729,2.111478,-3.120916,-8.001373,2.509748,,,,,,,,-48.41477,2.763422,-5.85748,-7.905456,1,,999,999,-89.86588,0
44.113,4377,48,ANG1JUMPERR,0,0,,,48.79951,2.023587,-3.208806,-8.001373,2.504652,,,,,,,,-47.48188,3.087306,-6.376316,-7.688347,1,,999,999,-105.4617,0
44.126,4378,48,ANG1JUMPERR,0,0,,,48.66256,2.023587,-3.208806,-8.001373,2.49656,,,,,,,,-48.23587,2.778965,-6.292893,-7.110928,1,,999,999,-88.77943,0
44.138,4379,48,ANG1JUMPERR,0,0,,,48.52727,1.935697,-3.208806,-8.001373,2.488917,,,,,,,,-47.47482,2.405093,-5.433791,-7.874831,1,,999,999,-101.6886,0
44.151,4380,48,ANG1JUMPERR,0,0,,,48.39074,1.935697,-3.208806,-8.001373,2.478876,,,,,,,,-48.60983,1.837514,-5.22766,-7.196799,1,,999,999,-88.24606,0
44.163,4381,48,ANG1JUMPERR,0,0,,,48.25337,1.847806,-3.208806,-8.001373,2.475429,,,,,,,,-47.37718,1.830844,-4.782038,-8.212075,1,,999,999,-104.8262,0
44.175,4382,48,ANG1JUMPERR,0,0,,,48.1131,1.847806,-3.208806,-8.001373,2.472582,,,,,,,,-48.23293,2.012494,-4.744535,-7.800057,1,,999,999,-109.3097,0
44.188,4383,48,ANG1JUMPERR,0,0,,,47.97159,1.759915,-3.208806,-8.001373,2.470034,,,,,,,,-46.58286,1.899628,-4.536648,-8.744443,1,,999,999,-94.79839,0
44.2,4384,48,ANG1JUMPERR,0,0,,,47.83422,1.759915,-3.296697,-8.001373,2.468985,,,,,,,,-47.34701,1.905703,-4.76406,-7.933721,1,,999,999,-104.832,0
44.213,4385,48,ANG1JUMPERR,0,0,,,47.69644,1.672025,-3.296697,-8.001373,2.461042,,,,,,,,-46.60177,1.691962,-4.81229,-8.00012,1,,999,999,-89.86092,0
44.225,4386,48,ANG1JUMPERR,0,0,,,47.56115,1.672025,-3.296697,-8.001373,2.456996,,,,,,,,-46.72878,2.014905,-4.906175,-7.092,1,,999,999,-101.6828,0
44.237,4387,48,ANG1JUMPERR,0,0,,,47.42462,1.584134,-3.296697,-8.001373,2.451301,,,,,,,,-46.21155,2.618347,-5.145925,-8.513851,1,,999,999,-103.5666,0
44.25,4388,48,ANG1JUMPERR,0,0,,,47.28808,1.584134,-3.296697,-8.001373,2.442909,,,,,,,,-46.83624,2.347206,-4.965978,-7.539029,1,,999,999,-88.24606,0
44.262,4389,48,ANG1JUMPERR,0,0,,,47.15362,1.496243,-3.296697,-8.001373,2.437664,,,,,,,,-45.71492,2.17398,-4.517308,-8.417232,1,,999,999,-100.4423,0
44.275,4390,48,ANG1JUMPERR,0,0,,,47.01667,1.496243,-3.296697,-8.001373,2.427473,,,,,,,,-46.90999,2.232228,-5.044219,-7.329775,1,,999,999,-88.78436,0
44.287,4391,48,ANG1JUMPERR,0,0,,,46.87972,1.408353,-3.296697,-8.001373,2.41968,,,,,,,,-45.41524,2.197226,-4.707907,-8.177558,1,,999,999,-104.1925,0
44.299,4392,48,ANG1JUMPERR,0,0,,,46.74568,1.408353,-3.296697,-8.001373,2.415484,,,,,,,,-46.71511,2.295438,-5.245809,-7.249624,1,,999,999,-99.82204,0
44.312,4393,48,ANG1JUMPERR,0,0,,,46.61122,1.320462,-3.296697,-8.001373,2.414735,,,,,,,,-44.96279,1.983217,-4.727234,-7.964313,1,,999,999,-85.58395,0
44.324,4394,48,ANG1JUMPERR,0,0,,,46.47634,1.320462,-3.296697,-8.001373,2.416383,,,,,,,,-46.07296,1.470839,-4.007478,-8.440205,1,,999,999,-101.0645,0
44.337,4395,48,ANG1JUMPERR,0,0,,,46.34313,1.232572,-3.296697,-8.001373,2.413985,,,,,,,,-45.04331,1.968704,-4.638087,-7.818442,1,,999,999,-84.00337,0
44.349,4396,48,ANG1JUMPERR,0,0,,,46.21074,1.232572,-3.296697,-8.001373,2.412637,,,,,,,,-45.54485,1.843776,-4.968724,-6.868026,1,,999,999,-97.36586,0
44.362,4397,48,ANG1JUMPERR,0,0,,,46.07919,1.144681,-3.296697,-8.001373,2.40949,,,,,,,,-44.51925,2.726311,-5.4215,-8.141811,1,,999,999,-81.92835,0
44.374,4398,48,ANG1JUMPERR,0,0,,,45.94846,1.144681,-3.296697,-8.001373,2.40889,,,,,,,,-45.67402,1.769422,-3.95701,-7.939183,1,,999,999,-94.93476,0
44.386,4399,48,ANG1JUMPERR,0,0,,,45.81898,1.05679,-3.296697,-8.001373,2.400648,,,,,,,,-44.65071,1.619656,-4.557787,-7.839634,1,,999,999,-93.14252,0
44.399,4400,48,ANG1JUMPERR,0,0,,,45.69241,1.05679,-3.296697,-8.001373,2.391656,,,,,,,,-45.74512,2.517093,-6.189306,-6.923385,1,,999,999,-75.84071,0
44.411,4401,48,ANG1JUMPERR,0,0,,,45.56459,1.05679,-3.296697,-8.001373,2.391656,,,,,,,,-44.51775,1.85333,-5.263894,-7.213971,1,,999,999,-90.76507,0
44.424,4402,48,ANG1JUMPERR,0,0,,,45.43552,0.9688997,-3.296697,-8.001373,2.386111,,,,,,,,-45.06791,2.160339,-5.12292,-7.536743,1,,999,999,-78.85516,0
44.436,4403,48,ANG1JUMPERR,0,0,,,45.3077,0.9688997,-3.296697,-8.001373,2.380716,,,,,,,,-44.1221,2.179213,-4.286839,-8.743278,1,,999,999,-90.76507,0
44.448,4404,48,ANG1JUMPERR,0,0,,,45.17781,0.9688997,-3.296697,-8.001373,2.378018,,,,,,,,-44.6026,1.777709,-4.144433,-7.999364,1,,999,999,-93.73619,0
44.461,4405,48,ANG1JUMPERR,0,0,,,45.04791,0.8810091,-3.384588,-8.001373,2.380566,,,,,,,,-43.8118,1.693366,-4.504826,-7.750207,1,,999,999,-79.86991,0
44.473,4406,48,ANG1JUMPERR,0,0,,,44.92134,0.8810091,-3.384588,-8.001373,2.377569,,,,,,,,-43.82146,2.003077,-4.176118,-8.214865,1,,999,999,-89.00748,0
44.486,4407,48,ANG1JUMPERR,0,0,,,44.79393,0.8810091,-3.384588,-8.001373,2.372174,,,,,,,,-43.44199,1.623174,-4.227462,-8.419911,1,,999,999,-76.84053,0
44.498,4408,48,ANG1JUMPERR,0,0,,,44.66736,0.8810091,-3.384588,-8.001373,2.364231,,,,,,,,-43.81369,1.56803,-3.950826,-7.952928,1,,999,999,-89.00214,0
44.51,4409,48,ANG1JUMPERR,0,0,,,44.54078,0.7931185,-3.384588,-8.001373,2.357487,,,,,,,,-43.95327,1.321826,-3.716402,-8.000861,1,,999,999,-89.00748,0
44.523,4410,48,ANG1JUMPERR,0,0,,,44.41545,0.7931185,-3.384588,-8.001373,2.350144,,,,,,,,-43.91761,1.824461,-4.362173,-8.458647,1,,999,999,-74.35778,0
44.535,4411,48,ANG1JUMPERR,0,0,,,44.28929,0.7931185,-3.384588,-8.001373,2.344,,,,,,,,-44.01069,1.932323,-4.106589,-8.218709,1,,999,999,-88.42368,0
44.548,4412,48,ANG1JUMPERR,0,0,,,44.16313,0.7931185,-3.384588,-8.001373,2.340103,,,,,,,,-43.84223,2.039862,-3.902792,-9.081394,1,,999,999,-75.34325,0
44.56,4413,48,ANG1JUMPERR,0,0,,,44.03448,0.7931185,-3.384588,-8.001373,2.336357,,,,,,,,-43.80751,1.638779,-4.163513,-7.871042,1,,999,999,-91.94998,0
44.573,4414,48,ANG1JUMPERR,0,0,,,43.90459,0.7931185,-3.384588,-8.001373,2.333509,,,,,,,,-42.98402,1.979569,-5.267295,-7.113787,1,,999,999,-79.86991,0
44.585,4415,48,ANG1JUMPERR,0,0,,,43.77552,0.7931185,-3.472478,-8.001373,2.329463,,,,,,,,-43.00377,2.026984,-4.694347,-7.912632,1,,999,999,-92.5453,0
44.597,4416,48,ANG1JUMPERR,0,0,,,43.64936,0.7931185,-3.472478,-8.001373,2.325567,,,,,,,,-42.41999,1.842043,-4.919901,-7.206503,1,,999,999,-88.42368,0
44.61,4417,48,ANG1JUMPERR,0,0,,,43.52154,0.7931185,-3.472478,-8.001373,2.317024,,,,,,,,-42.56272,1.426866,-4.172852,-7.832774,1,,999,999,-77.33828,0
44.622,4418,48,ANG1JUMPERR,0,0,,,43.39704,0.7931185,-3.472478,-8.001373,2.309681,,,,,,,,-42.27676,1.732246,-4.6903,-6.984431,1,,999,999,-86.11288,0
44.635,4419,48,ANG1JUMPERR,0,0,,,43.26922,0.7931185,-3.472478,-8.001373,2.302788,,,,,,,,-42.48561,2.031856,-4.953331,-7.658732,1,,999,999,-77.33828,0
44.647,4420,48,ANG1JUMPERR,0,0,,,43.14472,0.7931185,-3.472478,-8.001373,2.293796,,,,,,,,-42.75608,1.409253,-3.475251,-8.166224,1,,999,999,-86.11288,0
44.66,4421,48,ANG1JUMPERR,0,0,,,43.02271,0.7931185,-3.560369,-8.001373,2.286602,,,,,,,,-42.47995,1.378308,-3.805898,-7.939636,1,,999,999,-70.46753,0
44.672,4422,48,ANG1JUMPERR,0,0,,,42.89572,0.7931185,-3.560369,-8.001373,2.282106,,,,,,,,-42.49799,1.135171,-4.026254,-7.197313,1,,999,999,-89.59325,0
44.684,4423,48,ANG1JUMPERR,0,0,,,42.76873,0.7931185,-3.560369,-8.001373,2.277011,,,,,,,,-42.38701,1.077714,-3.4744,-7.867425,1,,999,999,-89.59325,0
44.697,4424,48,ANG1JUMPERR,0,0,,,42.64299,0.7931185,-3.560369,-8.001373,2.273414,,,,,,,,-42.14315,1.675829,-4.648132,-7.241669,1,,999,999,-74.84743,0
44.709,4425,48,ANG1JUMPERR,0,0,,,42.51351,0.7931185,-3.560369,-8.001373,2.276112,,,,,,,,-41.90516,1.723658,-5.403741,-6.589687,1,,999,999,-93.13705,0
44.722,4426,48,ANG1JUMPERR,0,0,,,42.38652,0.7931185,-3.560369,-8.001373,2.282106,,,,,,,,-41.25736,0.9745151,-4.061183,-6.807894,1,,999,999,-76.33981,0
44.734,4427,48,ANG1JUMPERR,0,0,,,42.25911,0.7931185,-3.560369,-8.001373,2.286153,,,,,,,,-41.3749,1.033091,-4.030515,-7.707254,1,,999,999,-90.17552,0
44.746,4428,48,ANG1JUMPERR,0,0,,,42.1342,0.7931185,-3.560369,-8.001373,2.280158,,,,,,,,-41.27066,1.104586,-3.788361,-7.442842,1,,999,999,-86.68902,0
44.759,4429,48,ANG1JUMPERR,0,0,,,42.00845,0.8810091,-3.560369,-8.001373,2.267869,,,,,,,,-40.50698,1.148726,-3.355529,-8.003384,1,,999,999,-74.84743,0
44.771,4430,48,ANG1JUMPERR,0,0,,,41.88437,0.8810091,-3.560369,-8.001373,2.257379,,,,,,,,-40.83789,1.410301,-4.211864,-7.602798,1,,999,999,-85.54391,0
44.784,4431,48,ANG1JUMPERR,0,0,,,41.76028,0.8810091,-3.472478,-8.001373,2.247638,,,,,,,,-41.3056,1.424136,-3.702996,-8.450192,1,,999,999,-72.88499,0
44.796,4432,48,ANG1JUMPERR,0,0,,,41.63578,0.8810091,-3.472478,-8.001373,2.238197,,,,,,,,-40.98601,0.9982767,-3.864281,-7.561851,1,,999,999,-86.11288,0
44.808,4433,48,ANG1JUMPERR,0,0,,,41.51253,0.8810091,-3.472478,-8.001373,2.226807,,,,,,,,-41.63614,1.529514,-4.637791,-7.536427,1,,999,999,-84.39594,0
44.821,4434,48,ANG1JUMPERR,0,0,,,41.38761,0.8810091,-3.472478,-8.001373,2.219464,,,,,,,,-40.63454,2.069141,-5.367161,-6.842921,1,,999,999,-73.8652,0
44.833,4435,48,ANG1JUMPERR,0,0,,,41.26187,0.9688997,-3.472478,-8.001373,2.219014,,,,,,,,-41.33182,1.429313,-4.801093,-7.266888,1,,999,999,-87.8418,0
44.846,4436,48,ANG1JUMPERR,0,0,,,41.1382,0.9688997,-3.384588,-8.001373,2.22336,,,,,,,,-40.51804,0.7752177,-3.699269,-6.901226,1,,999,999,-72.39735,0
44.858,4437,48,ANG1JUMPERR,0,0,,,41.01079,0.9688997,-3.384588,-8.001373,2.225758,,,,,,,,-40.5742,1.317754,-4.119202,-7.791248,1,,999,999,-90.1809,0
44.871,4438,48,ANG1JUMPERR,0,0,,,40.88712,0.9688997,-3.384588,-8.001373,2.219164,,,,,,,,-40.20543,1.487153,-4.684103,-7.479406,1,,999,999,-72.39735,0
44.883,4439,48,ANG1JUMPERR,0,0,,,40.76636,1.05679,-3.296697,-8.001373,2.21332,,,,,,,,-39.7846,0.8526608,-3.948167,-7.336317,1,,999,999,-81.02419,0
44.895,4440,48,ANG1JUMPERR,0,0,,,40.64435,1.05679,-3.296697,-8.001373,2.207775,,,,,,,,-39.67496,1.564373,-5.184274,-7.052211,1,,999,999,-82.70145,0
44.908,4441,48,ANG1JUMPERR,0,0,,,40.52483,1.05679,-3.296697,-8.001373,2.20208,,,,,,,,-40.01138,1.487867,-4.249531,-7.567322,1,,999,999,-67.62381,0
44.92,4442,48,ANG1JUMPERR,0,0,,,40.40697,1.05679,-3.208806,-8.001373,2.195036,,,,,,,,-40.63824,1.295645,-4.061234,-7.895822,1,,999,999,-77.17065,0
44.933,4443,48,ANG1JUMPERR,0,0,,,40.29118,1.144681,-3.208806,-8.001373,2.182897,,,,,,,,-39.97264,1.18824,-3.986117,-7.36252,1,,999,999,-63.45971,0
44.945,4444,48,ANG1JUMPERR,0,0,,,40.17457,1.144681,-3.208806,-8.001373,2.174205,,,,,,,,-40.026,1.67226,-4.317002,-8.418859,1,,999,999,-75.5507,0
44.957,4445,48,ANG1JUMPERR,0,0,,,40.05712,1.144681,-3.120916,-8.001373,2.173756,,,,,,,,-40.10052,1.822023,-4.766374,-7.610608,1,,999,999,-76.63208,0
44.97,4446,48,ANG1JUMPERR,0,0,,,39.94383,1.232572,-3.120916,-8.001373,2.176903,,,,,,,,-39.19227,1.939338,-4.55071,-8.695046,1,,999,999,-60.75851,0
44.982,4447,48,ANG1JUMPERR,0,0,,,39.8268,1.232572,-3.120916,-8.001373,2.182298,,,,,,,,-39.14958,1.557453,-4.640455,-7.358716,1,,999,999,-76.09043,0
44.995,4448,48,ANG1JUMPERR,0,0,,,39.70811,1.232572,-3.033025,-8.001373,2.1796,,,,,,,,-38.46702,2.164789,-5.321156,-7.901255,1,,999,999,-66.68607,0
45.007,4449,48,ANG1JUMPERR,0,0,,,39.5944,1.320462,-3.033025,-8.001373,2.174505,,,,,,,,-38.51679,1.634013,-4.452181,-8.614921,1,,999,999,-71.83123,0
45.02,4450,48,ANG1JUMPERR,0,0,,,39.47944,1.320462,-3.033025,-8.001373,2.169859,,,,,,,,-38.1432,1.600125,-4.817194,-8.08585,1,,999,999,-62.55555,0
45.032,4451,48,ANG1JUMPERR,0,0,,,39.362,1.320462,-3.033025,-8.001373,2.165663,,,,,,,,-38.34351,1.400684,-4.051373,-8.125229,1,,999,999,-76.63208,0
45.044,4452,48,ANG1JUMPERR,0,0,,,39.24953,1.408353,-3.033025,-8.001373,2.156821,,,,,,,,-37.9269,2.161416,-5.034251,-8.07062,1,,999,999,-70.26863,0
45.057,4453,48,ANG1JUMPERR,0,0,,,39.13499,1.408353,-3.033025,-8.001373,2.144982,,,,,,,,-38.62185,1.663132,-4.550141,-8.105876,1,,999,999,-62.10383,0
45.069,4454,48,ANG1JUMPERR,0,0,,,39.01838,1.496243,-3.033025,-8.001373,2.129996,,,,,,,,-38.91366,1.661852,-3.835926,-8.734507,1,,999,999,-75.5507,0
45.082,4455,48,ANG1JUMPERR,0,0,,,38.90633,1.496243,-3.033025,-8.001373,2.121454,,,,,,,,-39.09501,1.140773,-3.709001,-8.140612,1,,999,999,-59.43196,0
45.094,4456,48,ANG1JUMPERR,0,0,,,38.79179,1.496243,-3.033025,-8.001373,2.119506,,,,,,,,-38.34809,2.259795,-4.644269,-9.184808,1,,999,999,-72.88575,0
45.106,4457,48,ANG1JUMPERR,0,0,,,38.67434,1.584134,-3.033025,-8.001373,2.119655,,,,,,,,-38.44871,1.932778,-5.085567,-7.268122,1,,999,999,-76.6271,0
45.119,4458,48,ANG1JUMPERR,0,0,,,38.55814,1.584134,-3.033025,-8.001373,2.118157,,,,,,,,-37.78064,1.905001,-5.160105,-7.220889,1,,999,999,-63.91631,0
45.131,4459,48,ANG1JUMPERR,0,0,,,38.44153,1.672025,-3.033025,-8.001373,2.11456,,,,,,,,-37.77207,1.69768,-4.761683,-7.396704,1,,999,999,-75.5507,0
45.144,4460,48,ANG1JUMPERR,0,0,,,38.3245,1.672025,-3.033025,-8.001373,2.108865,,,,,,,,-36.88984,1.4188,-4.525499,-7.456942,1,,999,999,-64.83444,0
45.156,4461,48,ANG1JUMPERR,0,0,,,38.20664,1.759915,-3.033025,-8.001373,2.107816,,,,,,,,-37.14045,1.664597,-4.562732,-7.583083,1,,999,999,-77.17065,0
45.169,4462,48,ANG1JUMPERR,0,0,,,38.09044,1.759915,-3.033025,-8.001373,2.104369,,,,,,,,-36.76545,1.624976,-4.663012,-7.9277,1,,999,999,-63.91631,0
45.181,4463,48,ANG1JUMPERR,0,0,,,37.97797,1.759915,-3.120916,-8.001373,2.089833,,,,,,,,-36.7923,1.780642,-4.586843,-7.343163,1,,999,999,-70.26863,0
45.193,4464,48,ANG1JUMPERR,0,0,,,37.86219,1.847806,-3.120916,-8.001373,2.075896,,,,,,,,-36.4551,1.808555,-3.97677,-8.212936,1,,999,999,-74.48193,0
45.206,4465,48,ANG1JUMPERR,0,0,,,37.74682,1.847806,-3.120916,-8.001373,2.063757,,,,,,,,-37.44571,1.174145,-3.721642,-7.70279,1,,999,999,-63.00473,0
45.218,4466,48,ANG1JUMPERR,0,0,,,37.63394,1.847806,-3.120916,-8.001373,2.058062,,,,,,,,-37.8019,1.38078,-3.180962,-9.212023,1,,999,999,-70.78919,0
45.231,4467,48,ANG1JUMPERR,0,0,,,37.5194,1.935697,-3.120916,-8.001373,2.055514,,,,,,,,-38.09008,1.043234,-3.068873,-8.622993,1,,999,999,-62.10383,0
45.243,4468,48,ANG1JUMPERR,0,0,,,37.4061,1.935697,-3.120916,-8.001373,2.055964,,,,,,,,-37.10742,1.400596,-4.086789,-8.791001,1,,999,999,-71.31166,0
45.256,4469,48,ANG1JUMPERR,0,0,,,37.29032,2.023587,-3.120916,-8.001373,2.056563,,,,,,,,-36.98283,1.921956,-5.803382,-6.313943,1,,999,999,-63.45971,0
45.268,4470,48,ANG1JUMPERR,0,0,,,37.17495,2.023587,-3.120916,-8.001373,2.055215,,,,,,,,-36.25783,1.836441,-4.78949,-7.311959,1,,999,999,-73.94794,0
45.28,4471,48,ANG1JUMPERR,0,0,,,37.05958,2.023587,-3.120916,-8.001373,2.057163,,,,,,,,-36.5447,1.446468,-4.229489,-7.577494,1,,999,999,-73.94305,0
45.293,4472,48,ANG1JUMPERR,0,0,,,36.94379,2.023587,-3.120916,-8.001373,2.057163,,,,,,,,-36.06268,1.866731,-4.949176,-7.581909,1,,999,999,-63.46388,0
45.305,4473,48,ANG1JUMPERR,0,0,,,36.82884,2.111478,-3.120916,-8.001373,2.054166,,,,,,,,-36.20022,1.42342,-4.022857,-8.164774,1,,999,999,-73.41102,0
45.318,4474,48,ANG1JUMPERR,0,0,,,36.71471,2.111478,-3.120916,-8.001373,2.044574,,,,,,,,-35.02084,1.693319,-4.631191,-7.877149,1,,999,999,-61.65787,0
45.33,4475,48,ANG1JUMPERR,0,0,,,36.60017,2.111478,-3.120916,-8.001373,2.030637,,,,,,,,-35.34644,2.529908,-4.979297,-7.795109,1,,999,999,-72.88089,0
45.342,4476,48,ANG1JUMPERR,0,0,,,36.48812,2.111478,-3.120916,-8.001373,2.0164,,,,,,,,-35.14302,1.774843,-4.521989,-7.54545,1,,999,999,-69.75475,0
45.355,4477,48,ANG1JUMPERR,0,0,,,36.37234,2.111478,-3.120916,-8.001373,2.00591,,,,,,,,-36.0092,1.97017,-4.774045,-7.726297,1,,999,999,-63.45971,0
45.367,4478,48,ANG1JUMPERR,0,0,,,36.25614,2.199368,-3.120916,-8.001373,2.000365,,,,,,,,-35.5883,1.485872,-3.424528,-8.831333,1,,999,999,-75.01291,0
45.38,4479,48,ANG1JUMPERR,0,0,,,36.14367,2.199368,-3.120916,-8.001373,1.993771,,,,,,,,-35.82515,1.737267,-4.335975,-8.121264,1,,999,999,-59.87386,0
45.392,4480,48,ANG1JUMPERR,0,0,,,36.0283,2.199368,-3.120916,-8.001373,1.985379,,,,,,,,-35.43343,2.093789,-4.684895,-7.690757,1,,999,999,-73.94794,0
45.405,4481,48,ANG1JUMPERR,0,0,,,35.91293,2.199368,-3.120916,-8.001373,1.986877,,,,,,,,-35.83742,2.277609,-4.794116,-8.164335,1,,999,999,-63.00473,0
45.417,4482,48,ANG1JUMPERR,0,0,,,35.80088,2.199368,-3.120916,-8.001373,1.991223,,,,,,,,-34.92916,1.894373,-4.338849,-8.165741,1,,999,999,-69.75475,0
45.429,4483,48,ANG1JUMPERR,0,0,,,35.68676,2.199368,-3.120916,-8.001373,1.996618,,,,,,,,-35.1529,1.689198,-4.244752,-8.152192,1,,999,999,-72.35753,0
45.442,4484,48,ANG1JUMPERR,0,0,,,35.57471,2.199368,-3.120916,-8.001373,1.995569,,,,,,,,-34.34989,2.253769,-4.884473,-8.556271,1,,999,999,-59.43196,0
45.454,4485,48,ANG1JUMPERR,0,0,,,35.46058,2.199368,-3.120916,-8.001373,1.989425,,,,,,,,-34.61258,1.97846,-4.167471,-8.628611,1,,999,999,-72.35753,0
45.467,4486,48,ANG1JUMPERR,0,0,,,35.34895,2.287259,-3.120916,-8.001373,1.977885,,,,,,,,-34.54102,1.788315,-4.174259,-8.72054,1,,999,999,-58.99571,0
45.479,4487,48,ANG1JUMPERR,0,0,,,35.23648,2.287259,-3.120916,-8.001373,1.965597,,,,,,,,-34.07045,2.070235,-4.545893,-8.675266,1,,999,999,-70.26863,0
45.491,4488,48,ANG1JUMPERR,0,0,,,35.12692,2.287259,-3.120916,-8.001373,1.955106,,,,,,,,-34.40373,1.923897,-4.669311,-8.045276,1,,999,999,-66.68321,0
45.504,4489,48,ANG1JUMPERR,0,0,,,35.01778,2.287259,-3.120916,-8.001373,1.946115,,,,,,,,-34.25195,1.778275,-3.977033,-8.338115,1,,999,999,-56.3923,0
45.516,4490,48,ANG1JUMPERR,0,0,,,34.90614,2.287259,-3.120916,-8.001373,1.93982,,,,,,,,-34.83041,2.127394,-5.012978,-7.83241,1,,999,999,-69.2333,0
45.529,4491,48,ANG1JUMPERR,0,0,,,34.79658,2.287259,-3.120916,-8.001373,1.934875,,,,,,,,-34.66184,2.127917,-4.975533,-7.282961,1,,999,999,-56.8228,0
45.541,4492,48,ANG1JUMPERR,0,0,,,34.68993,2.287259,-3.120916,-8.001373,1.933077,,,,,,,,-34.48433,2.168104,-4.733848,-7.523343,1,,999,999,-63.1962,0
45.554,4493,48,ANG1JUMPERR,0,0,,,34.58203,2.287259,-3.120916,-8.001373,1.933077,,,,,,,,-34.29488,1.985369,-4.548153,-7.885033,1,,999,999,-55.11068,0
45.566,4494,48,ANG1JUMPERR,0,0,,,34.47413,2.287259,-3.120916,-8.001373,1.944766,,,,,,,,-34.13873,1.936069,-4.484546,-7.545392,1,,999,999,-64.6785,0
45.578,4495,48,ANG1JUMPERR,0,0,,,34.36872,2.287259,-3.120916,-8.001373,1.95136,,,,,,,,-33.69169,1.571644,-3.819329,-8.232217,1,,999,999,-61.73106,0
45.591,4496,48,ANG1JUMPERR,0,0,,,34.26331,2.287259,-3.120916,-8.001373,1.95121,,,,,,,,-33.08952,2.167096,-3.561444,-9.50826,1,,999,999,-52.59924,0
45.603,4497,48,ANG1JUMPERR,0,0,,,34.15748,2.199368,-3.120916,-8.001373,1.946115,,,,,,,,-33.38761,1.883387,-4.528232,-7.746755,1,,999,999,-62.21454,0
45.616,4498,48,ANG1JUMPERR,0,0,,,34.0529,2.199368,-3.120916,-8.001373,1.939671,,,,,,,,-32.6654,1.571186,-3.53765,-8.57158,1,,999,999,-51.77259,0
45.628,4499,48,ANG1JUMPERR,0,0,,,33.9533,2.199368,-3.120916,-8.001373,1.932927,,,,,,,,-32.90618,1.904661,-4.211852,-8.346227,1,,999,999,-55.11393,0
45.641,4500,48,ANG1JUMPERR,0,0,,,33.84955,2.199368,-3.120916,-8.001373,1.923036,,,,,,,,-32.91429,1.949671,-3.894507,-8.688011,1,,999,999,-50.95249,0
45.653,4501,48,ANG1JUMPERR,0,0,,,33.74539,2.199368,-3.208806,-8.001373,1.912246,,,,,,,,-33.26266,1.991657,-4.199998,-8.015454,1,,999,999,-60.27869,0
45.665,4502,48,ANG1JUMPERR,0,0,,,33.64247,2.199368,-3.208806,-8.001373,1.901156,,,,,,,,-33.1652,2.240502,-4.189139,-9.043637,1,,999,999,-58.84797,0
45.678,4503,48,ANG1JUMPERR,0,0,,,33.54038,2.199368,-3.208806,-8.001373,1.889616,,,,,,,,-32.79986,1.619414,-4.072046,-7.67608,1,,999,999,-49.33561,0
45.69,4504,48,ANG1JUMPERR,0,0,,,33.43704,2.111478,-3.208806,-8.001373,1.882273,,,,,,,,-32.88772,2.138889,-4.35905,-7.288735,1,,999,999,-59.32444,0
45.703,4505,48,ANG1JUMPERR,0,0,,,33.33288,2.111478,-3.208806,-8.001373,1.882123,,,,,,,,-32.95044,2.069227,-3.787585,-8.406892,1,,999,999,-51.36172,0
45.715,4506,48,ANG1JUMPERR,0,0,,,33.23162,2.111478,-3.208806,-8.001373,1.88572,,,,,,,,-33.28524,1.664623,-2.980023,-9.218125,1,,999,999,-56.96565,0
45.727,4507,48,ANG1JUMPERR,0,0,,,33.13202,2.111478,-3.208806,-8.001373,1.888717,,,,,,,,-32.67664,1.751874,-3.52233,-8.894119,1,,999,999,-55.10971,0
45.74,4508,48,ANG1JUMPERR,0,0,,,33.02785,2.111478,-3.208806,-8.001373,1.887069,,,,,,,,-32.43649,1.97265,-4.065092,-8.65791,1,,999,999,-51.36549,0
45.752,4509,48,ANG1JUMPERR,0,0,,,32.92493,2.023587,-3.296697,-8.001373,1.882123,,,,,,,,-31.83066,2.179128,-4.707641,-7.989958,1,,999,999,-58.84797,0
45.765,4510,48,ANG1JUMPERR,0,0,,,32.82492,2.023587,-3.296697,-8.001373,1.876728,,,,,,,,-31.92307,1.746788,-4.61574,-7.20224,1,,999,999,-47.35028,0
45.777,4511,48,ANG1JUMPERR,0,0,,,32.72158,2.023587,-3.296697,-8.001373,1.871783,,,,,,,,-31.74162,2.270741,-4.950716,-7.883225,1,,999,999,-59.32444,0
45.789,4512,48,ANG1JUMPERR,0,0,,,32.617,2.023587,-3.296697,-8.001373,1.859344,,,,,,,,-31.72533,2.018836,-4.396591,-7.646487,1,,999,999,-60.76089,0
45.802,4513,48,ANG1JUMPERR,0,0,,,32.5145,2.023587,-3.296697,-8.001373,1.850053,,,,,,,,-31.7351,1.745679,-4.246515,-7.939192,1,,999,999,-49.73832,0
45.814,4514,48,ANG1JUMPERR,0,0,,,32.41407,1.935697,-3.296697,-8.001373,1.840611,,,,,,,,-31.44125,1.676952,-4.065601,-7.432206,1,,999,999,-56.03384,0
45.827,4515,48,ANG1JUMPERR,0,0,,,32.31073,1.935697,-3.296697,-8.001373,1.83162,,,,,,,,-32.02891,2.222205,-4.654718,-7.575467,1,,999,999,-50.54489,0
45.839,4516,48,ANG1JUMPERR,0,0,,,32.20574,1.935697,-3.296697,-8.001373,1.824726,,,,,,,,-31.38552,1.622537,-3.858757,-7.912036,1,,999,999,-61.24502,0
45.852,4517,48,ANG1JUMPERR,0,0,,,32.10282,1.847806,-3.384588,-8.001373,1.823078,,,,,,,,-31.76536,1.75142,-3.977922,-7.760513,1,,999,999,-50.14266,0
45.864,4518,48,ANG1JUMPERR,0,0,,,32.00156,1.847806,-3.384588,-8.001373,1.822778,,,,,,,,-31.43122,2.198219,-4.254519,-8.61003,1,,999,999,-56.96565,0
45.876,4519,48,ANG1JUMPERR,0,0,,,31.89781,1.847806,-3.384588,-8.001373,1.824127,,,,,,,,-31.59277,2.061758,-4.740214,-7.382493,1,,999,999,-59.79842,0
45.889,4520,48,ANG1JUMPERR,0,0,,,31.79323,1.847806,-3.384588,-8.001373,1.824576,,,,,,,,-31.23378,1.795518,-3.512753,-8.625105,1,,999,999,-51.77259,0
45.901,4521,48,ANG1JUMPERR,0,0,,,31.69155,1.759915,-3.384588,-8.001373,1.825176,,,,,,,,-31.24333,1.503524,-3.421883,-8.542289,1,,999,999,-57.43445,0
45.914,4522,48,ANG1JUMPERR,0,0,,,31.59112,1.759915,-3.384588,-8.001373,1.823377,,,,,,,,-30.49774,1.483002,-3.134228,-8.606047,1,,999,999,-47.74481,0
45.926,4523,48,ANG1JUMPERR,0,0,,,31.48779,1.759915,-3.384588,-8.001373,1.816334,,,,,,,,-30.6537,1.684204,-4.045245,-7.789397,1,,999,999,-59.32005,0
45.938,4524,48,ANG1JUMPERR,0,0,,,31.38528,1.759915,-3.384588,-8.001373,1.816334,,,,,,,,-30.29192,1.766128,-3.838269,-8.239905,1,,999,999,-58.37778,0
45.951,4525,48,ANG1JUMPERR,0,0,,,31.28527,1.672025,-3.384588,-8.001373,1.806593,,,,,,,,-30.39935,1.714442,-3.796714,-7.984851,1,,999,999,-47.35028,0
45.963,4526,48,ANG1JUMPERR,0,0,,,31.18235,1.672025,-3.384588,-8.001373,1.795802,,,,,,,,-30.38836,1.974934,-3.977467,-8.335625,1,,999,999,-58.84797,0
45.976,4527,48,ANG1JUMPERR,0,0,,,31.07818,1.672025,-3.384588,-8.001373,1.784413,,,,,,,,-30.48322,1.990109,-4.417534,-7.653173,1,,999,999,-51.36172,0
45.988,4528,48,ANG1JUMPERR,0,0,,,30.979,1.584134,-3.384588,-8.001373,1.77632,,,,,,,,-30.59813,1.854889,-4.183741,-7.64163,1,,999,999,-54.65473,0
46.001,4529,48,ANG1JUMPERR,0,0,,,30.87774,1.584134,-3.384588,-8.001373,1.772724,,,,,,,,-30.5603,1.756889,-3.957648,-7.850197,1,,999,999,-48.53513,0
46.013,4530,48,ANG1JUMPERR,0,0,,,30.77565,1.584134,-3.384588,-8.001373,1.773323,,,,,,,,-30.43661,1.874172,-4.284698,-7.669367,1,,999,999,-57.90516,0
46.025,4531,48,ANG1JUMPERR,0,0,,,30.67314,1.496243,-3.384588,-8.001373,1.775571,,,,,,,,-30.95628,1.950294,-4.283991,-7.849958,1,,999,999,-58.37344,0
46.038,4532,48,ANG1JUMPERR,0,0,,,30.57147,1.496243,-3.384588,-8.001373,1.774972,,,,,,,,-30.39959,1.977727,-4.234203,-8.275675,1,,999,999,-48.93456,0
46.05,4533,48,ANG1JUMPERR,0,0,,,30.47187,1.496243,-3.384588,-8.001373,1.773923,,,,,,,,-29.67734,2.160175,-4.802233,-7.705668,1,,999,999,-55.11393,0
46.063,4534,48,ANG1JUMPERR,0,0,,,30.37144,1.496243,-3.384588,-8.001373,1.773773,,,,,,,,-29.66479,1.6771,-4.278213,-7.359259,1,,999,999,-47.74481,0
46.075,4535,48,ANG1JUMPERR,0,0,,,30.27059,1.408353,-3.384588,-8.001373,1.772724,,,,,,,,-29.6553,1.99601,-4.475211,-7.559229,1,,999,999,-56.49879,0
46.087,4536,48,ANG1JUMPERR,0,0,,,30.17099,1.408353,-3.384588,-8.001373,1.768677,,,,,,,,-29.35736,1.670856,-3.91597,-7.932015,1,,999,999,-55.10971,0
46.1,4537,48,ANG1JUMPERR,0,0,,,30.07098,1.408353,-3.384588,-8.001373,1.760285,,,,,,,,-29.38033,1.525599,-3.531247,-8.29349,1,,999,999,-47.35389,0
46.112,4538,48,ANG1JUMPERR,0,0,,,29.97262,1.408353,-3.384588,-8.001373,1.748746,,,,,,,,-28.86823,2.123477,-4.636663,-7.785951,1,,999,999,-53.74208,0
46.125,4539,48,ANG1JUMPERR,0,0,,,29.87219,1.320462,-3.384588,-8.001373,1.738555,,,,,,,,-29.12221,1.681886,-3.68784,-8.273413,1,,999,999,-47.74481,0
46.137,4540,48,ANG1JUMPERR,0,0,,,29.77342,1.320462,-3.384588,-8.001373,1.726416,,,,,,,,-29.00836,1.997131,-4.199729,-7.927654,1,,999,999,-54.19745,0
46.15,4541,48,ANG1JUMPERR,0,0,,,29.67507,1.320462,-3.384588,-8.001373,1.717275,,,,,,,,-29.41882,1.600472,-3.526451,-8.058101,1,,999,999,-45.79207,0
46.162,4542,48,ANG1JUMPERR,0,0,,,29.57547,1.320462,-3.384588,-8.001373,1.71083,,,,,,,,-29.34918,1.706932,-3.857281,-8.140237,1,,999,999,-55.11393,0
46.174,4543,48,ANG1JUMPERR,0,0,,,29.47794,1.232572,-3.384588,-8.001373,1.71113,,,,,,,,-29.89898,1.949606,-3.80591,-8.489923,1,,999,999,-52.83714,0
46.187,4544,48,ANG1JUMPERR,0,0,,,29.37793,1.232572,-3.384588,-8.001373,1.713978,,,,,,,,-28.61854,1.435684,-3.052095,-8.558301,1,,999,999,-47.35389,0
46.199,4545,48,ANG1JUMPERR,0,0,,,29.28206,1.232572,-3.384588,-8.001373,1.715177,,,,,,,,-29.24579,1.784388,-3.938898,-8.094054,1,,999,999,-51.05433,0
46.212,4546,48,ANG1JUMPERR,0,0,,,29.18578,1.232572,-3.384588,-8.001373,1.713828,,,,,,,,-29.26013,1.390944,-3.13235,-8.509459,1,,999,999,-43.88011,0
46.224,4547,48,ANG1JUMPERR,0,0,,,29.0895,1.232572,-3.384588,-8.001373,1.709482,,,,,,,,-28.5395,1.946892,-3.557763,-9.137142,1,,999,999,-51.50023,0
46.237,4548,48,ANG1JUMPERR,0,0,,,28.99447,1.232572,-3.384588,-8.001373,1.703487,,,,,,,,-28.32953,1.810744,-4.059546,-7.655629,1,,999,999,-42.75388,0
46.249,4549,48,ANG1JUMPERR,0,0,,,28.89902,1.232572,-3.384588,-8.001373,1.70004,,,,,,,,-28.11508,1.690309,-4.277215,-7.410996,1,,999,999,-50.61443,0
46.261,4550,48,ANG1JUMPERR,0,0,,,28.80481,1.232572,-3.472478,-8.001373,1.695395,,,,,,,,-28.24603,1.578304,-3.859485,-7.701148,1,,999,999,-49.30414,0
46.274,4551,48,ANG1JUMPERR,0,0,,,28.71144,1.232572,-3.472478,-8.001373,1.6897,,,,,,,,-28.17556,1.431301,-3.614448,-7.863434,1,,999,999,-41.2722,0
46.286,4552,48,ANG1JUMPERR,0,0,,,28.61931,1.144681,-3.472478,-8.001373,1.681308,,,,,,,,-27.96772,2.103539,-3.859182,-8.33291,1,,999,999,-47.15588,0
46.299,4553,48,ANG1JUMPERR,0,0,,,28.52635,1.144681,-3.472478,-8.001373,1.672915,,,,,,,,-28.28079,1.843512,-4.268115,-7.4722,1,,999,999,-40.90544,0
46.311,4554,48,ANG1JUMPERR,0,0,,,28.43463,1.144681,-3.472478,-8.001373,1.665722,,,,,,,,-27.66143,1.456627,-3.855622,-7.742303,1,,999,999,-46.73119,0
46.323,4555,48,ANG1JUMPERR,0,0,,,28.34333,1.144681,-3.472478,-8.001373,1.663774,,,,,,,,-28.11997,1.07496,-3.807916,-7.298622,1,,999,999,-46.31037,0
46.336,4556,48,ANG1JUMPERR,0,0,,,28.25494,1.144681,-3.472478,-8.001373,1.663024,,,,,,,,-27.63537,1.342871,-3.114341,-8.303258,1,,999,999,-36.98712,0
46.348,4557,48,ANG1JUMPERR,0,0,,,28.16364,1.144681,-3.472478,-8.001373,1.663324,,,,,,,,-28.14922,1.296564,-3.330805,-7.816065,1,,999,999,-46.31037,0
46.361,4558,48,ANG1JUMPERR,0,0,,,28.07192,1.144681,-3.472478,-8.001373,1.665122,,,,,,,,-27.32619,1.672164,-4.378393,-7.389797,1,,999,999,-39.81829,0
46.373,4559,48,ANG1JUMPERR,0,0,,,27.98187,1.144681,-3.472478,-8.001373,1.661226,,,,,,,,-27.57038,1.954836,-3.969592,-7.827003,1,,999,999,-45.05548,0
46.386,4560,48,ANG1JUMPERR,0,0,,,27.89181,1.144681,-3.472478,-8.001373,1.658528,,,,,,,,-27.0825,1.510363,-3.29636,-8.164901,1,,999,999,-38.38884,0
46.398,4561,48,ANG1JUMPERR,0,0,,,27.80549,1.144681,-3.472478,-8.001373,1.651635,,,,,,,,-28.22925,1.873196,-3.532119,-8.331882,1,,999,999,-41.39608,0
46.41,4562,48,ANG1JUMPERR,0,0,,,27.71627,1.144681,-3.472478,-8.001373,1.64579,,,,,,,,-26.53881,1.440403,-3.232769,-8.778886,1,,999,999,-44.22909,0
46.423,4563,48,ANG1JUMPERR,0,0,,,27.62746,1.144681,-3.472478,-8.001373,1.639496,,,,,,,,-27.07375,1.420008,-3.843861,-7.554287,1,,999,999,-37.3359,0
46.435,4564,48,ANG1JUMPERR,0,0,,,27.54238,1.232572,-3.472478,-8.001373,1.633651,,,,,,,,-26.05525,1.101101,-3.470289,-7.507276,1,,999,999,-40.20831,0
46.448,4565,48,ANG1JUMPERR,0,0,,,27.45357,1.232572,-3.472478,-8.001373,1.624959,,,,,,,,-27.06721,1.596354,-4.394356,-6.838091,1,,999,999,-37.3359,0
46.46,4566,48,ANG1JUMPERR,0,0,,,27.36393,1.232572,-3.472478,-8.001373,1.615968,,,,,,,,-26.39417,1.91073,-4.274027,-7.549456,1,,999,999,-44.64228,0
46.472,4567,48,ANG1JUMPERR,0,0,,,27.27554,1.232572,-3.472478,-8.001373,1.607126,,,,,,,,-27.04753,1.080629,-3.6168,-7.481733,1,,999,999,-43.40849,0
46.485,4568,48,ANG1JUMPERR,0,0,,,27.18797,1.232572,-3.472478,-8.001373,1.599633,,,,,,,,-26.3553,1.611997,-3.712938,-8.274251,1,,999,999,-36.29603,0
46.497,4569,48,ANG1JUMPERR,0,0,,,27.0975,1.232572,-3.472478,-8.001373,1.592439,,,,,,,,-26.74048,1.299463,-3.592549,-7.555286,1,,999,999,-45.4725,0
46.51,4570,48,ANG1JUMPERR,0,0,,,27.00828,1.232572,-3.472478,-8.001373,1.590041,,,,,,,,-26.80818,1.376586,-3.334919,-7.75478,1,,999,999,-37.68472,0
46.522,4571,48,ANG1JUMPERR,0,0,,,26.91822,1.232572,-3.472478,-8.001373,1.588543,,,,,,,,-25.91859,1.646428,-3.770393,-8.090695,1,,999,999,-45.05548,0
46.535,4572,48,ANG1JUMPERR,0,0,,,26.82817,1.232572,-3.472478,-8.001373,1.582698,,,,,,,,-26.52621,1.480785,-3.470601,-8.208367,1,,999,999,-38.39047,0
46.547,4573,48,ANG1JUMPERR,0,0,,,26.74185,1.320462,-3.472478,-8.001373,1.575655,,,,,,,,-25.58176,1.482398,-3.705022,-7.860684,1,,999,999,-41.39424,0
46.559,4574,48,ANG1JUMPERR,0,0,,,26.65179,1.320462,-3.384588,-8.001373,1.568311,,,,,,,,-26.57493,1.587252,-3.701496,-7.962636,1,,999,999,-45.05548,0
46.572,4575,48,ANG1JUMPERR,0,0,,,26.56008,1.320462,-3.384588,-8.001373,1.564715,,,,,,,,-25.34738,1.274066,-3.02747,-8.802921,1,,999,999,-39.81829,0
46.584,4576,48,ANG1JUMPERR,0,0,,,26.47293,1.320462,-3.384588,-8.001373,1.560519,,,,,,,,-26.48927,1.471978,-3.853446,-7.789768,1,,999,999,-42.19569,0
46.597,4577,48,ANG1JUMPERR,0,0,,,26.38702,1.320462,-3.384588,-8.001373,1.55917,,,,,,,,-25.02862,1.444126,-3.788616,-7.884403,1,,999,999,-34.93341,0
46.609,4578,48,ANG1JUMPERR,0,0,,,26.29738,1.320462,-3.384588,-8.001373,1.555873,,,,,,,,-26.70474,1.667279,-4.009611,-7.796978,1,,999,999,-44.64039,0
46.622,4579,48,ANG1JUMPERR,0,0,,,26.21023,1.320462,-3.384588,-8.001373,1.552276,,,,,,,,-25.17992,1.266431,-3.566912,-8.066771,1,,999,999,-35.95372,0
46.634,4580,48,ANG1JUMPERR,0,0,,,26.12184,1.408353,-3.384588,-8.001373,1.549728,,,,,,,,-26.08063,1.390027,-3.669025,-7.807968,1,,999,999,-43.40849,0
46.646,4581,48,ANG1JUMPERR,0,0,,,26.03427,1.408353,-3.296697,-8.001373,1.545832,,,,,,,,-24.98546,1.587252,-3.974478,-7.701884,1,,999,999,-42.59742,0
46.659,4582,48,ANG1JUMPERR,0,0,,,25.94754,1.408353,-3.296697,-8.001373,1.543734,,,,,,,,-25.66849,1.715397,-3.783768,-8.038599,1,,999,999,-35.61146,0
46.671,4583,48,ANG1JUMPERR,0,0,,,25.85748,1.408353,-3.296697,-8.001373,1.541486,,,,,,,,-24.99872,1.702886,-4.008853,-7.993377,1,,999,999,-45.05548,0
46.684,4584,48,ANG1JUMPERR,0,0,,,25.76618,1.408353,-3.296697,-8.001373,1.538938,,,,,,,,-24.72132,1.434795,-3.940269,-7.945866,1,,999,999,-39.45972,0
46.696,4585,48,ANG1JUMPERR,0,0,,,25.68028,1.496243,-3.296697,-8.001373,1.538938,,,,,,,,-24.95534,1.471978,-3.824857,-7.967155,1,,999,999,-40.99823,0
46.708,4586,48,ANG1JUMPERR,0,0,,,25.59147,1.496243,-3.296697,-8.001373,1.536241,,,,,,,,-24.49474,1.712806,-4.023594,-8.013191,1,,999,999,-43.81784,0
46.721,4587,48,ANG1JUMPERR,0,0,,,25.501,1.496243,-3.296697,-8.001373,1.528298,,,,,,,,-25.31919,1.637459,-3.601292,-8.466462,1,,999,999,-38.74416,0
46.733,4588,48,ANG1JUMPERR,0,0,,,25.41343,1.496243,-3.296697,-8.001373,1.522753,,,,,,,,-24.53106,1.361718,-2.996985,-8.905661,1,,999,999,-42.59742,0
46.746,4589,48,ANG1JUMPERR,0,0,,,25.32587,1.496243,-3.296697,-8.001373,1.517957,,,,,,,,-25.60415,1.740369,-3.531227,-8.504404,1,,999,999,-36.29761,0
46.758,4590,48,ANG1JUMPERR,0,0,,,25.23664,1.584134,-3.296697,-8.001373,1.514511,,,,,,,,-24.46016,1.469594,-3.483963,-8.51115,1,,999,999,-44.22721,0
46.77,4591,48,ANG1JUMPERR,0,0,,,25.14991,1.584134,-3.296697,-8.001373,1.512712,,,,,,,,-25.92737,1.579221,-3.673365,-8.322104,1,,999,999,-41.794,0
46.783,4592,48,ANG1JUMPERR,0,0,,,25.06027,1.584134,-3.296697,-8.001373,1.510464,,,,,,,,-23.10189,1.939159,-4.446314,-8.274295,1,,999,999,-38.03678,0
46.795,4593,48,ANG1JUMPERR,0,0,,,24.97312,1.584134,-3.296697,-8.001373,1.506268,,,,,,,,-25.39225,1.934207,-4.679885,-7.078513,1,,999,999,-42.19569,0
46.808,4594,48,ANG1JUMPERR,0,0,,,24.88763,1.672025,-3.296697,-8.001373,1.499824,,,,,,,,-23.79961,1.671491,-4.007863,-8.11686,1,,999,999,-34.59759,0
46.82,4595,48,ANG1JUMPERR,0,0,,,24.80338,1.672025,-3.296697,-8.001373,1.492181,,,,,,,,-24.94875,1.606861,-3.904202,-7.815558,1,,999,999,-39.42786,0
46.833,4596,48,ANG1JUMPERR,0,0,,,24.71582,1.672025,-3.296697,-8.001373,1.485287,,,,,,,,-23.10224,1.546916,-3.448973,-8.485043,1,,999,999,-36.29603,0
46.845,4597,48,ANG1JUMPERR,0,0,,,24.62867,1.672025,-3.296697,-8.001373,1.479593,,,,,,,,-24.52659,1.39793,-3.189738,-8.214422,1,,999,999,-42.19569,0
46.857,4598,48,ANG1JUMPERR,0,0,,,24.54318,1.672025,-3.296697,-8.001373,1.474048,,,,,,,,-23.0603,1.771152,-3.633404,-8.266707,1,,999,999,-40.60413,0
46.87,4599,48,ANG1JUMPERR,0,0,,,24.45976,1.759915,-3.296697,-8.001373,1.467604,,,,,,,,-24.36697,2.011977,-4.072637,-8.200714,1,,999,999,-32.93684,0
46.882,4600,48,ANG1JUMPERR,0,0,,,24.37261,1.759915,-3.296697,-8.001373,1.462958,,,,,,,,-23.60271,1.037467,-3.566475,-8.069194,1,,999,999,-42.19569,0
46.895,4601,48,ANG1JUMPERR,0,0,,,24.28339,1.759915,-3.296697,-8.001373,1.453816,,,,,,,,-23.55844,1.255345,-3.146856,-8.200926,1,,999,999,-37.68472,0
46.907,4602,48,ANG1JUMPERR,0,0,,,24.19831,1.759915,-3.296697,-8.001373,1.446473,,,,,,,,-23.83027,1.470764,-3.691941,-7.785915,1,,999,999,-40.21011,0
46.919,4603,48,ANG1JUMPERR,0,0,,,24.11573,1.759915,-3.296697,-8.001373,1.439579,,,,,,,,-23.58926,1.739401,-3.696183,-8.292676,1,,999,999,-37.8899,0
46.932,4604,48,ANG1JUMPERR,0,0,,,24.0319,1.759915,-3.296697,-8.001373,1.441378,,,,,,,,-24.2526,1.596254,-4.167238,-7.708045,1,,999,999,-33.26754,0
46.944,4605,48,ANG1JUMPERR,0,0,,,23.94558,1.847806,-3.296697,-8.001373,1.444225,,,,,,,,-23.08085,2.012226,-4.491277,-7.738958,1,,999,999,-41.39424,0
46.957,4606,48,ANG1JUMPERR,0,0,,,23.86133,1.847806,-3.296697,-8.001373,1.446023,,,,,,,,-24.34593,1.383834,-3.398131,-8.11463,1,,999,999,-33.59685,0
46.969,4607,48,ANG1JUMPERR,0,0,,,23.77833,1.847806,-3.296697,-8.001373,1.444675,,,,,,,,-22.56402,1.630052,-4.087076,-8.113324,1,,999,999,-38.27238,0
46.981,4608,48,ANG1JUMPERR,0,0,,,23.69575,1.847806,-3.296697,-8.001373,1.437631,,,,,,,,-23.89373,1.604589,-3.878949,-7.86403,1,,999,999,-37.8899,0
46.994,4609,48,ANG1JUMPERR,0,0,,,23.61524,1.847806,-3.296697,-8.001373,1.431637,,,,,,,,-22.5676,1.694557,-3.654427,-8.446326,1,,999,999,-30.68274,0
47.006,4610,48,ANG1JUMPERR,0,0,,,23.5339,1.847806,-3.296697,-8.001373,1.425942,,,,,,,,-23.75901,1.801832,-3.956946,-8.066081,1,,999,999,-36.75735,0
47.019,4611,48,ANG1JUMPERR,0,0,,,23.45422,1.847806,-3.296697,-8.001373,1.423844,,,,,,,,-22.6659,1.724612,-3.440996,-8.538156,1,,999,999,-30.05359,0
47.031,4612,48,ANG1JUMPERR,0,0,,,23.37495,1.847806,-3.296697,-8.001373,1.421896,,,,,,,,-22.69322,1.634848,-4.00259,-7.75693,1,,999,999,-34.90575,0
47.043,4613,48,ANG1JUMPERR,0,0,,,23.2961,1.935697,-3.296697,-8.001373,1.418449,,,,,,,,-22.3798,1.686471,-3.857782,-7.917593,1,,999,999,-34.5405,0
47.056,4614,48,ANG1JUMPERR,0,0,,,23.21642,1.935697,-3.296697,-8.001373,1.414852,,,,,,,,-22.69582,1.913705,-4.07705,-8.093335,1,,999,999,-30.05359,0
47.068,4615,48,ANG1JUMPERR,0,0,,,23.13467,1.935697,-3.296697,-8.001373,1.408408,,,,,,,,-22.33003,1.763794,-4.025485,-8.071502,1,,999,999,-37.13239,0
47.081,4616,48,ANG1JUMPERR,0,0,,,23.05499,1.935697,-3.296697,-8.001373,1.402413,,,,,,,,-22.59718,1.959754,-4.192495,-7.859072,1,,999,999,-30.05503,0
47.093,4617,48,ANG1JUMPERR,0,0,,,22.97572,1.935697,-3.296697,-8.001373,1.397618,,,,,,,,-22.0659,1.757732,-3.724905,-8.266187,1,,999,999,-34.90406,0
47.106,4618,48,ANG1JUMPERR,0,0,,,22.89604,1.935697,-3.296697,-8.001373,1.39552,,,,,,,,-22.21742,1.844686,-3.824788,-8.063457,1,,999,999,-30.05503,0
47.118,4619,48,ANG1JUMPERR,0,0,,,22.81636,1.935697,-3.296697,-8.001373,1.393721,,,,,,,,-22.53984,2.08531,-4.283885,-8.039103,1,,999,999,-35.27123,0
47.13,4620,48,ANG1JUMPERR,0,0,,,22.7371,1.935697,-3.296697,-8.001373,1.392073,,,,,,,,-22.57909,2.196777,-3.980135,-8.390265,1,,999,999,-34.90575,0
47.143,4621,48,ANG1JUMPERR,0,0,,,22.66074,1.935697,-3.296697,-8.001373,1.390125,,,,,,,,-22.77232,1.526116,-3.660467,-8.03814,1,,999,999,-27.60078,0
47.155,4622,48,ANG1JUMPERR,0,0,,,22.58604,1.935697,-3.296697,-8.001373,1.383681,,,,,,,,-22.26156,1.992618,-4.035366,-8.215195,1,,999,999,-31.00159,0
47.168,4623,48,ANG1JUMPERR,0,0,,,22.50968,1.935697,-3.296697,-8.001373,1.378885,,,,,,,,-22.75532,2.289406,-4.034597,-8.387918,1,,999,999,-27.60078,0
47.18,4624,48,ANG1JUMPERR,0,0,,,22.43083,1.935697,-3.296697,-8.001373,1.37364,,,,,,,,-21.622,2.236861,-4.281204,-8.214734,1,,999,999,-34.5405,0
47.192,4625,48,ANG1JUMPERR,0,0,,,22.35488,1.935697,-3.296697,-8.001373,1.369743,,,,,,,,-22.89431,1.692167,-3.803361,-8.228311,1,,999,999,-32.04237,0
47.205,4626,48,ANG1JUMPERR,0,0,,,22.28267,1.935697,-3.296697,-8.001373,1.369893,,,,,,,,-21.53855,2.093234,-4.164891,-8.582974,1,,999,999,-24.68321,0
47.217,4627,48,ANG1JUMPERR,0,0,,,22.21171,1.935697,-3.296697,-8.001373,1.365697,,,,,,,,-21.93906,1.784759,-3.959314,-8.150288,1,,999,999,-27.9778,0
47.23,4628,48,ANG1JUMPERR,0,0,,,22.14074,1.935697,-3.296697,-8.001373,1.363899,,,,,,,,-21.18118,2.135005,-4.094594,-8.459778,1,,999,999,-23.83908,0
47.242,4629,48,ANG1JUMPERR,0,0,,,22.06936,1.935697,-3.296697,-8.001373,1.358953,,,,,,,,-21.64311,1.863598,-4.134508,-7.743145,1,,999,999,-28.30663,0
47.254,4630,48,ANG1JUMPERR,0,0,,,21.99508,1.935697,-3.296697,-8.001373,1.355207,,,,,,,,-21.11436,1.710262,-3.366007,-8.790203,1,,999,999,-30.65742,0
47.267,4631,48,ANG1JUMPERR,0,0,,,21.92619,1.935697,-3.296697,-8.001373,1.351011,,,,,,,,-21.16323,1.792262,-3.49466,-8.251604,1,,999,999,-22.46523,0
47.279,4632,48,ANG1JUMPERR,0,0,,,21.85564,1.847806,-3.296697,-8.001373,1.345016,,,,,,,,-20.98728,1.956409,-3.677733,-8.543587,1,,999,999,-27.6509,0
47.292,4633,48,ANG1JUMPERR,0,0,,,21.78218,1.847806,-3.296697,-8.001373,1.34097,,,,,,,,-21.18237,1.826684,-4.019538,-7.928153,1,,999,999,-25.54204,0
47.304,4634,48,ANG1JUMPERR,0,0,,,21.71205,1.847806,-3.296697,-8.001373,1.336923,,,,,,,,-20.9099,1.740704,-3.51248,-8.573315,1,,999,999,-27.32741,0
47.317,4635,48,ANG1JUMPERR,0,0,,,21.63735,1.847806,-3.296697,-8.001373,1.335425,,,,,,,,-21.02565,1.636577,-3.365061,-8.503059,1,,999,999,-26.4142,0
47.329,4636,48,ANG1JUMPERR,0,0,,,21.56514,1.847806,-3.296697,-8.001373,1.333177,,,,,,,,-21.13297,1.527526,-3.771812,-7.804136,1,,999,999,-28.9685,0
47.341,4637,48,ANG1JUMPERR,0,0,,,21.49127,1.847806,-3.296697,-8.001373,1.328831,,,,,,,,-20.81114,1.572841,-3.707193,-8.030636,1,,999,999,-30.31519,0
47.354,4638,48,ANG1JUMPERR,0,0,,,21.4203,1.847806,-3.296697,-8.001373,1.324035,,,,,,,,-21.14427,2.251034,-4.165167,-7.963776,1,,999,999,-23.83908,0
47.366,4639,48,ANG1JUMPERR,0,0,,,21.34851,1.847806,-3.384588,-8.001373,1.318191,,,,,,,,-21.0302,1.685561,-3.481498,-8.420009,1,,999,999,-28.63736,0
47.379,4640,48,ANG1JUMPERR,0,0,,,21.27298,1.847806,-3.384588,-8.001373,1.314594,,,,,,,,-21.0748,1.327311,-3.084208,-8.293571,1,,999,999,-27.00424,0
47.391,4641,48,ANG1JUMPERR,0,0,,,21.19828,1.759915,-3.384588,-8.001373,1.309798,,,,,,,,-20.81972,1.840856,-3.825486,-8.200974,1,,999,999,-31.00001,0
47.403,4642,48,ANG1JUMPERR,0,0,,,21.12731,1.759915,-3.384588,-8.001373,1.304104,,,,,,,,-20.5525,1.542091,-3.571116,-8.17262,1,,999,999,-27.9793,0
47.416,4643,48,ANG1JUMPERR,0,0,,,21.05344,1.759915,-3.384588,-8.001373,1.298709,,,,,,,,-20.61707,1.466117,-3.283002,-7.985227,1,,999,999,-25.83069,0
47.428,4644,48,ANG1JUMPERR,0,0,,,20.98123,1.759915,-3.384588,-8.001373,1.294513,,,,,,,,-20.6796,2.233703,-3.92187,-8.187192,1,,999,999,-28.9685,0
47.441,4645,48,ANG1JUMPERR,0,0,,,20.90653,1.759915,-3.384588,-8.001373,1.291215,,,,,,,,-19.74413,1.916133,-3.720011,-8.642895,1,,999,999,-26.4142,0
47.453,4646,48,ANG1JUMPERR,0,0,,,20.83764,1.759915,-3.384588,-8.001373,1.28627,,,,,,,,-20.60294,1.507047,-3.641214,-7.810316,1,,999,999,-26.36544,0
47.466,4647,48,ANG1JUMPERR,0,0,,,20.76875,1.759915,-3.384588,-8.001373,1.281175,,,,,,,,-20.03494,1.607406,-3.663371,-7.922698,1,,999,999,-22.46523,0
47.478,4648,48,ANG1JUMPERR,0,0,,,20.69779,1.672025,-3.384588,-8.001373,1.276978,,,,,,,,-20.88291,1.587022,-3.40275,-8.040576,1,,999,999,-27.9778,0
47.49,4649,48,ANG1JUMPERR,0,0,,,20.62558,1.672025,-3.384588,-8.001373,1.274131,,,,,,,,-19.72219,1.286657,-3.254962,-8.039675,1,,999,999,-28.9685,0
47.503,4650,48,ANG1JUMPERR,0,0,,,20.5542,1.672025,-3.384588,-8.001373,1.271284,,,,,,,,-20.41491,1.743829,-3.919697,-7.73504,1,,999,999,-24.11926,0
47.515,4651,48,ANG1JUMPERR,0,0,,,20.48074,1.672025,-3.384588,-8.001373,1.267537,,,,,,,,-19.8352,1.521165,-3.601854,-7.907646,1,,999,999,-29.97487,0
47.528,4652,48,ANG1JUMPERR,0,0,,,20.41185,1.672025,-3.384588,-8.001373,1.266488,,,,,,,,-19.86534,1.329442,-3.165596,-8.166677,1,,999,999,-22.46647,0
47.54,4653,48,ANG1JUMPERR,0,0,,,20.34172,1.672025,-3.384588,-8.001373,1.262742,,,,,,,,-19.5505,1.659633,-3.710306,-7.993486,1,,999,999,-27.32741,0
47.552,4654,48,ANG1JUMPERR,0,0,,,20.26743,1.672025,-3.384588,-8.001373,1.257347,,,,,,,,-20.13061,1.718059,-3.348288,-8.167764,1,,999,999,-30.65585,0
47.565,4655,48,ANG1JUMPERR,0,0,,,20.19647,1.584134,-3.384588,-8.001373,1.2536,,,,,,,,-19.33765,1.612914,-3.327137,-8.623609,1,,999,999,-23.83908,0
47.577,4656,48,ANG1JUMPERR,0,0,,,20.12384,1.584134,-3.384588,-8.001373,1.248355,,,,,,,,-19.35225,1.653593,-3.884576,-7.889017,1,,999,999,-29.30306,0
47.59,4657,48,ANG1JUMPERR,0,0,,,20.05288,1.584134,-3.384588,-8.001373,1.243559,,,,,,,,-19.26357,1.568949,-3.520126,-7.987752,1,,999,999,-23.83908,0
47.602,4658,48,ANG1JUMPERR,0,0,,,19.98357,1.584134,-3.384588,-8.001373,1.236665,,,,,,,,-19.6718,1.734358,-3.497201,-8.106116,1,,999,999,-26.68467,0
47.615,4659,48,ANG1JUMPERR,0,0,,,19.91136,1.584134,-3.384588,-8.001373,1.230371,,,,,,,,-19.6349,1.557776,-3.48605,-7.746729,1,,999,999,-24.68321,0
47.627,4660,48,ANG1JUMPERR,0,0,,,19.83957,1.584134,-3.384588,-8.001373,1.227973,,,,,,,,-19.36533,1.781104,-3.635355,-8.09127,1,,999,999,-28.63584,0
47.639,4661,48,ANG1JUMPERR,0,0,,,19.76487,1.496243,-3.384588,-8.001373,1.223478,,,,,,,,-19.67614,1.575051,-3.569841,-7.879864,1,,999,999,-31.00001,0
47.652,4662,48,ANG1JUMPERR,0,0,,,19.69515,1.496243,-3.384588,-8.001373,1.22033,,,,,,,,-19.29043,1.668916,-3.935415,-7.859209,1,,999,999,-23.00963,0
47.664,4663,48,ANG1JUMPERR,0,0,,,19.62501,1.496243,-3.472478,-8.001373,1.217183,,,,,,,,-19.16657,1.433204,-3.451989,-8.08309,1,,999,999,-27.32741,0
47.677,4664,48,ANG1JUMPERR,0,0,,,19.5528,1.496243,-3.472478,-8.001373,1.212987,,,,,,,,-19.19517,1.724449,-3.680131,-8.304701,1,,999,999,-24.68321,0
47.689,4665,48,ANG1JUMPERR,0,0,,,19.4835,1.496243,-3.472478,-8.001373,1.211039,,,,,,,,-19.0737,1.842858,-3.745134,-8.081762,1,,999,999,-26.68467,0
47.701,4666,48,ANG1JUMPERR,0,0,,,19.41295,1.496243,-3.472478,-8.001373,1.205494,,,,,,,,-18.13371,1.814792,-3.728811,-7.908345,1,,999,999,-27.6524,0
47.714,4667,48,ANG1JUMPERR,0,0,,,19.34198,1.496243,-3.472478,-8.001373,1.200698,,,,,,,,-19.09765,1.666906,-3.795063,-7.624269,1,,999,999,-23.83908,0
47.726,4668,48,ANG1JUMPERR,0,0,,,19.27558,1.496243,-3.472478,-8.001373,1.195603,,,,,,,,-18.34454,1.548955,-3.328842,-8.27824,1,,999,999,-24.4932,0
47.739,4669,48,ANG1JUMPERR,0,0,,,19.20462,1.408353,-3.472478,-8.001373,1.190957,,,,,,,,-19.07141,1.527328,-3.857419,-7.571094,1,,999,999,-23.83908,0
47.751,4670,48,ANG1JUMPERR,0,0,,,19.1349,1.408353,-3.472478,-8.001373,1.187061,,,,,,,,-18.72415,1.779261,-3.492351,-8.155833,1,,999,999,-27.00583,0
47.764,4671,48,ANG1JUMPERR,0,0,,,19.0631,1.408353,-3.472478,-8.001373,1.186162,,,,,,,,-18.66898,1.389254,-3.084773,-8.14576,1,,999,999,-24.39977,0
47.776,4672,48,ANG1JUMPERR,0,0,,,18.99048,1.408353,-3.472478,-8.001373,1.185113,,,,,,,,-18.34376,1.612914,-3.38544,-8.206779,1,,999,999,-29.30153,0
47.788,4673,48,ANG1JUMPERR,0,0,,,18.92283,1.408353,-3.472478,-8.001373,1.182116,,,,,,,,-18.5575,1.57342,-3.265891,-8.14763,1,,999,999,-25.42214,0
47.801,4674,48,ANG1JUMPERR,0,0,,,18.85436,1.408353,-3.472478,-8.001373,1.180317,,,,,,,,-18.26383,1.733924,-3.702278,-7.942015,1,,999,999,-22.19609,0
47.813,4675,48,ANG1JUMPERR,0,0,,,18.78132,1.408353,-3.472478,-8.001373,1.176571,,,,,,,,-18.27207,2.117261,-3.854303,-8.372145,1,,999,999,-29.63802,0
47.826,4676,48,ANG1JUMPERR,0,0,,,18.71077,1.408353,-3.472478,-8.001373,1.174323,,,,,,,,-18.33587,1.559284,-3.285684,-8.302645,1,,999,999,-23.56053,0
47.838,4677,48,ANG1JUMPERR,0,0,,,18.6398,1.408353,-3.472478,-8.001373,1.171325,,,,,,,,-17.78755,1.465386,-3.365774,-8.217607,1,,999,999,-27.9778,0
47.851,4678,48,ANG1JUMPERR,0,0,,,18.56884,1.408353,-3.472478,-8.001373,1.171325,,,,,,,,-18.41055,1.604216,-3.094359,-8.486504,1,,999,999,-23.83908,0
47.863,4679,48,ANG1JUMPERR,0,0,,,18.50202,1.408353,-3.472478,-8.001373,1.167429,,,,,,,,-17.91871,1.489974,-3.193923,-8.211874,1,,999,999,-24.80234,0
47.875,4680,48,ANG1JUMPERR,0,0,,,18.43272,1.408353,-3.472478,-8.001373,1.164132,,,,,,,,-18.76511,1.506659,-3.313081,-8.133855,1,,999,999,-26.68321,0
47.888,4681,48,ANG1JUMPERR,0,0,,,18.36341,1.408353,-3.472478,-8.001373,1.162783,,,,,,,,-17.84106,1.397181,-3.105906,-8.207502,1,,999,999,-22.73724,0
47.9,4682,48,ANG1JUMPERR,0,0,,,18.29286,1.408353,-3.472478,-8.001373,1.160835,,,,,,,,-18.35697,1.652163,-3.563274,-7.922647,1,,999,999,-27.6524,0
47.913,4683,48,ANG1JUMPERR,0,0,,,18.2219,1.408353,-3.560369,-8.001373,1.158587,,,,,,,,-17.62995,1.488059,-3.615626,-7.758719,1,,999,999,-23.83908,0
47.925,4684,48,ANG1JUMPERR,0,0,,,18.15757,1.408353,-3.560369,-8.001373,1.154541,,,,,,,,-17.94914,1.33529,-3.486164,-7.720576,1,,999,999,-22.9875,0
47.937,4685,48,ANG1JUMPERR,0,0,,,18.092,1.408353,-3.560369,-8.001373,1.152743,,,,,,,,-17.4896,1.433924,-3.418341,-8.02524,1,,999,999,-23.88491,0
47.95,4686,48,ANG1JUMPERR,0,0,,,18.02809,1.408353,-3.560369,-8.001373,1.149595,,,,,,,,-17.81783,2.128156,-4.457399,-7.363047,1,,999,999,-19.33457,0
47.962,4687,48,ANG1JUMPERR,0,0,,,17.9592,1.408353,-3.560369,-8.001373,1.148846,,,,,,,,-17.34126,1.459449,-3.37198,-8.13068,1,,999,999,-26.36691,0
47.975,4688,48,ANG1JUMPERR,0,0,,,17.89156,1.408353,-3.560369,-8.001373,1.148846,,,,,,,,-17.64115,1.820886,-3.753446,-8.149321,1,,999,999,-21.66025,0
47.987,4689,48,ANG1JUMPERR,0,0,,,17.82391,1.408353,-3.560369,-8.001373,1.147947,,,,,,,,-16.9625,1.755195,-3.592464,-8.181653,1,,999,999,-25.42071,0
47.999,4690,48,ANG1JUMPERR,0,0,,,17.76125,1.408353,-3.560369,-8.001373,1.142252,,,,,,,,-17.21259,1.694212,-3.628254,-8.321275,1,,999,999,-21.81678,0
48.012,4691,48,ANG1JUMPERR,0,0,,,17.69734,1.408353,-3.560369,-8.001373,1.135658,,,,,,,,-17.19867,1.819234,-3.882792,-8.015132,1,,999,999,-19.33457,0
48.024,4692,48,ANG1JUMPERR,0,0,,,17.6326,1.408353,-3.560369,-8.001373,1.130413,,,,,,,,-17.06231,1.744138,-4.015549,-7.496205,1,,999,999,-23.28563,0
48.037,4693,48,ANG1JUMPERR,0,0,,,17.56454,1.408353,-3.560369,-8.001373,1.125467,,,,,,,,-17.00803,1.855144,-3.562129,-8.590054,1,,999,999,-21.92735,0
48.049,4694,48,ANG1JUMPERR,0,0,,,17.49565,1.408353,-3.560369,-8.001373,1.12277,,,,,,,,-16.89093,1.682963,-3.411191,-8.112178,1,,999,999,-26.36544,0
48.062,4695,48,ANG1JUMPERR,0,0,,,17.43008,1.408353,-3.560369,-8.001373,1.119623,,,,,,,,-16.89523,1.654133,-3.756452,-8.074651,1,,999,999,-20.35164,0
48.074,4696,48,ANG1JUMPERR,0,0,,,17.36741,1.408353,-3.560369,-8.001373,1.115726,,,,,,,,-17.06156,1.449661,-2.825654,-8.758327,1,,999,999,-21.81678,0
48.086,4697,48,ANG1JUMPERR,0,0,,,17.30267,1.408353,-3.560369,-8.001373,1.109732,,,,,,,,-16.8723,2.074075,-3.878528,-8.41748,1,,999,999,-23.28426,0
48.099,4698,48,ANG1JUMPERR,0,0,,,17.23586,1.496243,-3.472478,-8.001373,1.105836,,,,,,,,-16.82542,1.303617,-3.370843,-8.069724,1,,999,999,-21.13336,0
48.111,4699,48,ANG1JUMPERR,0,0,,,17.16904,1.496243,-3.472478,-8.001373,1.102688,,,,,,,,-16.68958,1.861787,-3.60674,-8.168489,1,,999,999,-24.80093,0
48.124,4700,48,ANG1JUMPERR,0,0,,,17.10306,1.496243,-3.472478,-8.001373,1.097593,,,,,,,,-16.88349,1.531998,-3.381471,-8.109903,1,,999,999,-20.61057,0
48.136,4701,48,ANG1JUMPERR,0,0,,,17.03998,1.496243,-3.472478,-8.001373,1.094446,,,,,,,,-16.51959,1.745031,-3.937031,-7.747099,1,,999,999,-22.10592,0
48.148,4702,48,ANG1JUMPERR,0,0,,,16.97648,1.496243,-3.472478,-8.001373,1.090849,,,,,,,,-17.02341,1.936517,-4.45643,-7.509912,1,,999,999,-22.39831,0
48.161,4703,48,ANG1JUMPERR,0,0,,,16.91465,1.496243,-3.472478,-8.001373,1.089051,,,,,,,,-16.21741,1.659439,-3.819699,-7.904802,1,,999,999,-18.09934,0
48.173,4704,48,ANG1JUMPERR,0,0,,,16.85032,1.496243,-3.472478,-8.001373,1.086054,,,,,,,,-16.58944,1.611889,-3.867036,-7.864987,1,,999,999,-22.9875,0
48.186,4705,48,ANG1JUMPERR,0,0,,,16.786,1.496243,-3.472478,-8.001373,1.081408,,,,,,,,-16.17751,1.294353,-3.816892,-7.282854,1,,999,999,-19.58698,0
48.198,4706,48,ANG1JUMPERR,0,0,,,16.72416,1.496243,-3.472478,-8.001373,1.076762,,,,,,,,-16.62445,1.21576,-2.922553,-8.60322,1,,999,999,-21.24158,0
48.211,4707,48,ANG1JUMPERR,0,0,,,16.66606,1.584134,-3.472478,-8.001373,1.072566,,,,,,,,-16.5147,1.537871,-3.497302,-8.06874,1,,999,999,-15.97908,0
48.223,4708,48,ANG1JUMPERR,0,0,,,16.60755,1.584134,-3.472478,-8.001373,1.071217,,,,,,,,-16.23025,1.732178,-3.538789,-8.302358,1,,999,999,-19.02261,0
48.235,4709,48,ANG1JUMPERR,0,0,,,16.54862,1.584134,-3.472478,-8.001373,1.071667,,,,,,,,-16.1678,2.174744,-4.228928,-7.660353,1,,999,999,-19.29266,0
48.248,4710,48,ANG1JUMPERR,0,0,,,16.49052,1.584134,-3.472478,-8.001373,1.074664,,,,,,,,-16.2602,2.13136,-4.167493,-8.105816,1,,999,999,-15.97908,0
48.26,4711,48,ANG1JUMPERR,0,0,,,16.42993,1.584134,-3.472478,-8.001373,1.075863,,,,,,,,-16.32025,1.604913,-3.575354,-8.190021,1,,999,999,-20.39577,0
48.273,4712,48,ANG1JUMPERR,0,0,,,16.36726,1.584134,-3.472478,-8.001373,1.074814,,,,,,,,-15.39033,1.529272,-3.440837,-8.53856,1,,999,999,-18.58945,0
48.285,4713,48,ANG1JUMPERR,0,0,,,16.30875,1.584134,-3.472478,-8.001373,1.073915,,,,,,,,-16.25332,1.641555,-3.49383,-8.363863,1,,999,999,-19.02137,0
48.297,4714,48,ANG1JUMPERR,0,0,,,16.25438,1.584134,-3.472478,-8.001373,1.070168,,,,,,,,-15.02711,1.386506,-3.48405,-8.291313,1,,999,999,-16.41984,0
48.31,4715,48,ANG1JUMPERR,0,0,,,16.1996,1.584134,-3.472478,-8.001373,1.065523,,,,,,,,-16.50216,1.852312,-3.692449,-8.16283,1,,999,999,-14.2057,0
48.322,4716,48,ANG1JUMPERR,0,0,,,16.14316,1.672025,-3.472478,-8.001373,1.059228,,,,,,,,-14.81291,1.661126,-3.63259,-8.351439,1,,999,999,-17.6961,0
48.335,4717,48,ANG1JUMPERR,0,0,,,16.08382,1.672025,-3.384588,-8.001373,1.053384,,,,,,,,-16.21324,1.566178,-3.555516,-7.98194,1,,999,999,-16.67152,0
48.347,4718,48,ANG1JUMPERR,0,0,,,16.0224,1.672025,-3.384588,-8.001373,1.052634,,,,,,,,-15.18352,1.676116,-3.423629,-8.46697,1,,999,999,-20.95817,0
48.36,4719,48,ANG1JUMPERR,0,0,,,15.96264,1.672025,-3.384588,-8.001373,1.047989,,,,,,,,-16.40861,1.800795,-3.994521,-7.949591,1,,999,999,-16.90595,0
48.372,4720,48,ANG1JUMPERR,0,0,,,15.90786,1.672025,-3.384588,-8.001373,1.04589,,,,,,,,-15.32781,1.983477,-4.23544,-7.903151,1,,999,999,-16.6708,0
48.384,4721,48,ANG1JUMPERR,0,0,,,15.85349,1.672025,-3.384588,-8.001373,1.040795,,,,,,,,-15.73988,1.542262,-3.078285,-8.688934,1,,999,999,-16.41984,0
48.397,4722,48,ANG1JUMPERR,0,0,,,15.7983,1.672025,-3.384588,-8.001373,1.034801,,,,,,,,-15.71957,1.769527,-3.772765,-8.154835,1,,999,999,-14.42117,0
48.409,4723,48,ANG1JUMPERR,0,0,,,15.73937,1.672025,-3.384588,-8.001373,1.031654,,,,,,,,-15.13276,1.583076,-3.449811,-8.480474,1,,999,999,-19.29266,0
48.422,4724,48,ANG1JUMPERR,0,0,,,15.68168,1.672025,-3.384588,-8.001373,1.026109,,,,,,,,-15.79695,1.69662,-3.695509,-8.164264,1,,999,999,-15.75222,0
48.434,4725,48,ANG1JUMPERR,0,0,,,15.62026,1.672025,-3.384588,-8.001373,1.025509,,,,,,,,-14.17465,1.553256,-3.513785,-8.203021,1,,999,999,-20.95817,0
48.447,4726,48,ANG1JUMPERR,0,0,,,15.56465,1.759915,-3.384588,-8.001373,1.019065,,,,,,,,-15.87746,1.168257,-3.198762,-8.044759,1,,999,999,-14.63826,0
48.459,4727,48,ANG1JUMPERR,0,0,,,15.51153,1.759915,-3.384588,-8.001373,1.012771,,,,,,,,-14.0659,1.501301,-3.421031,-8.241951,1,,999,999,-15.67723,0
48.471,4728,48,ANG1JUMPERR,0,0,,,15.458,1.759915,-3.384588,-8.001373,1.005877,,,,,,,,-15.98539,1.552429,-3.492212,-7.909427,1,,999,999,-15.92134,0
48.484,4729,48,ANG1JUMPERR,0,0,,,15.40529,1.759915,-3.384588,-8.001373,0.9997329,,,,,,,,-14.68789,1.419428,-3.323335,-8.305996,1,,999,999,-13.14981,0
48.496,4730,48,ANG1JUMPERR,0,0,,,15.35134,1.759915,-3.384588,-8.001373,0.9964359,,,,,,,,-15.63332,1.796244,-3.542877,-8.418381,1,,999,999,-16.16963,0
48.509,4731,48,ANG1JUMPERR,0,0,,,15.29739,1.759915,-3.384588,-8.001373,0.995237,,,,,,,,-15.04877,1.452054,-3.031128,-8.777239,1,,999,999,-13.77864,0
48.521,4732,48,ANG1JUMPERR,0,0,,,15.24178,1.759915,-3.384588,-8.001373,0.9994332,,,,,,,,-15.01304,1.654396,-3.714715,-8.060819,1,,999,999,-17.17963,0
48.533,4733,48,ANG1JUMPERR,0,0,,,15.187,1.759915,-3.384588,-8.001373,1.000332,,,,,,,,-15.0543,2.084143,-3.71249,-8.461035,1,,999,999,-16.67196,0
48.546,4734,48,ANG1JUMPERR,0,0,,,15.1343,1.759915,-3.384588,-8.001373,1.000482,,,,,,,,-14.43728,1.524623,-3.131437,-8.63625,1,,999,999,-13.14886,0
48.558,4735,48,ANG1JUMPERR,0,0,,,15.08201,1.759915,-3.384588,-8.001373,0.9979345,,,,,,,,-14.79526,1.644817,-3.712933,-7.872602,1,,999,999,-15.19022,0
48.571,4736,48,ANG1JUMPERR,0,0,,,15.02889,1.759915,-3.384588,-8.001373,0.9928392,,,,,,,,-14.03121,1.565386,-3.514452,-8.295698,1,,999,999,-13.35715,0
48.583,4737,48,ANG1JUMPERR,0,0,,,14.97494,1.759915,-3.384588,-8.001373,0.9874442,,,,,,,,-14.75554,1.433906,-3.049659,-8.34081,1,,999,999,-16.17077,0
48.596,4738,48,ANG1JUMPERR,0,0,,,14.92057,1.759915,-3.384588,-8.001373,0.9818992,,,,,,,,-13.89631,1.878824,-3.631936,-8.352903,1,,999,999,-13.99087,0
48.608,4739,48,ANG1JUMPERR,0,0,,,14.8633,1.759915,-3.384588,-8.001373,0.979951,,,,,,,,-14.47757,1.658402,-3.71407,-8.181478,1,,999,999,-18.22144,0
48.62,4740,48,ANG1JUMPERR,0,0,,,14.80852,1.759915,-3.384588,-8.001373,0.9778529,,,,,,,,-14.22334,1.839207,-3.637204,-8.279778,1,,999,999,-16.6708,0
48.633,4741,48,ANG1JUMPERR,0,0,,,14.75416,1.759915,-3.384588,-8.089264,0.9730573,,,,,,,,-11.42368,-2.146692,-11.36347,6.657458,1,,999,999,-13.99087,0
48.645,4742,48,ANG1JUMPERR,0,0,,,14.70021,1.759915,-3.384588,-8.001373,0.969011,,,,,,,,-40.10419,2.654837,-6.662558,-23.69754,1,,999,999,-16.16963,0
48.658,4743,48,ANG1JUMPERR,0,0,,,14.64833,1.847806,-3.384588,-8.001373,0.9442837,,,,,,,,-6.854496,-0.1725771,8.215637,-22.54918,1,,999,999,-12.73906,0
48.67,4744,48,ANG1JUMPERR,0,0,,,14.60517,1.847806,-3.384588,-8.089264,0.7948708,,,,,,,,-14.89391,2.972586,3.729948,-20.66978,1,,999,999,-10.34856,0
48.682,4745,48,ANG1JUMPERR,0,0,,,14.56865,1.935697,-3.384588,-8.089264,0.6884684,,,,,,,,-5.060372,5.336983,-5.323354,8.951756,1,,999,999,-7.409505,0
48.695,4746,48,ANG1JUMPERR,0,0,,,14.53794,1.935697,-3.384588,-8.001373,0.5996,,,,,,,,-12.19295,4.619923,-11.92427,-3.994226,1,,999,999,-4.464461,0
48.707,4747,48,ANG1JUMPERR,0,0,,,14.50889,1.935697,-3.384588,-8.001373,0.4432933,,,,,,,,-23.6834,1.153923,-5.27783,-15.56954,1,,999,999,-4.688614,0
48.72,4748,48,ANG1JUMPERR,0,0,,,14.48731,1.935697,-3.384588,-8.001373,0.2486219,,,,,,,,-18.71467,0.3832949,2.686409,-7.418481,1,,999,999,-2.204427,0
48.732,4749,48,ANG1JUMPERR,0,0,,,14.47154,2.023587,-3.472478,-8.001373,0.02532676,,,,,,,,-7.436491,2.832414,-4.425192,-1.979649,1,,999,999,-1.38162,0
48.745,4750,48,ANG1JUMPERR,0,0,,,14.462,2.023587,-3.472478,-8.001373,-0.226742,,,,,,,,-10.14469,2.820452,-6.808446,-11.07641,1,,999,999,-0.4312191,0
48.757,4751,48,ANG1JUMPERR,0,0,,,14.4566,2.023587,-3.472478,-8.001373,-0.4401462,,,,,,,,-17.5794,1.084241,-1.127505,-10.06993,1,,999,999,-0.1617534,0
48.769,4752,48,ANG1JUMPERR,0,0,,,14.45245,2.023587,-3.472478,-8.001373,-0.6514524,,,,,,,,-18.71045,1.584009,-2.535726,-4.41004,1,,999,999,-0.09561063,0
48.782,4753,48,ANG1JUMPERR,0,0,,,14.45121,2.023587,-3.472478,-8.001373,-0.9063686,,,,,,,,-11.11802,2.599285,-5.683757,-7.347486,1,,999,999,-0.007343276,0
48.794,4754,48,ANG1JUMPERR,0,0,,,14.45079,2.023587,-3.472478,-8.001373,-1.173424,,,,,,,,-11.19797,1.766656,-4.049185,-8.487689,1,,999,999,-0.000960507,0
48.807,4755,48,ANG1JUMPERR,0,0,,,14.45038,2.023587,-3.472478,-7.913483,-1.420697,,,,,,,,-17.91067,1.491439,-2.737748,-8.705307,1,,999,999,-0.000810929,0
48.819,4756,48,ANG1JUMPERR,0,0,,,14.45038,2.023587,-3.472478,-7.913483,-1.649837,,,,,,,,-16.34677,1.521405,-2.755364,-9.080972,1,,999,999,0,0
48.832,4757,48,ANG1JUMPERR,0,0,,,14.45038,2.023587,-3.472478,-8.001373,-1.905652,,,,,,,,-13.32831,1.59114,-2.749643,-6.623708,1,,999,999,0,0
48.844,4758,48,ANG1JUMPERR,0,0,,,14.45038,2.023587,-3.560369,-8.001373,-2.178401,,,,,,,,-12.58456,2.117898,-4.51647,-6.906441,1,,999,999,0,0
48.856,4759,48,ANG1JUMPERR,0,0,,,14.44996,2.023587,-3.560369,-8.001373,-2.416533,,,,,,,,-12.87291,1.7175,-4.066343,-10.03291,1,,999,999,-0.000960507,0
48.869,4760,48,ANG1JUMPERR,0,0,,,14.44996,2.023587,-3.560369,-8.001373,-2.570592,,,,,,,,-16.14899,1.495217,-2.462082,-9.563162,1,,999,999,0,0
48.881,4761,48,ANG1JUMPERR,0,0,,,14.44996,2.023587,-3.560369,-8.001373,-2.662607,,,,,,,,-14.90515,1.613133,-3.277989,-6.281607,1,,999,999,0,0
48.894,4762,48,ANG1JUMPERR,0,0,,,14.44996,2.023587,-3.560369,-8.001373,-2.731394,,,,,,,,-11.89519,1.695667,-4.118986,-6.258718,1,,999,999,0,0
48.906,4763,48,ANG1JUMPERR,0,0,,,14.44996,2.023587,-3.560369,-8.001373,-2.894744,,,,,,,,-14.5274,1.889153,-3.543286,-8.090947,1,,999,999,0,0
48.918,4764,48,ANG1JUMPERR,0,0,,,14.44955,2.023587,-3.560369,-7.913483,-2.984812,,,,,,,,-16.26879,1.507055,-3.192162,-9.61643,1,,999,999,-0.000951716,0
48.931,4765,48,ANG1JUMPERR,0,0,,,14.44955,2.023587,-3.560369,-7.913483,-3.017032,,,,,,,,-15.30884,1.837814,-3.899169,-9.27108,1,,999,999,0,0
48.943,4766,48,ANG1JUMPERR,0,0,,,14.44955,2.111478,-3.560369,-8.001373,-3.052849,,,,,,,,-14.82125,1.671864,-3.21924,-7.085217,1,,999,999,0,0
48.956,4767,48,ANG1JUMPERR,0,0,,,14.44955,2.111478,-3.560369,-8.001373,-3.060492,,,,,,,,-12.62006,1.826745,-3.648917,-6.872662,1,,999,999,0,0
48.968,4768,48,ANG1JUMPERR,0,0,,,14.44955,2.111478,-3.560369,-8.001373,-3.075778,,,,,,,,-14.14409,1.507817,-3.074221,-8.535715,1,,999,999,0,0
48.98,4769,48,ANG1JUMPERR,0,0,,,14.44955,2.111478,-3.560369,-8.001373,-3.113244,,,,,,,,-15.30859,1.847145,-3.583719,-8.595117,1,,999,999,0,0
48.993,4770,48,ANG1JUMPERR,0,0,,,14.44955,2.111478,-3.560369,-8.001373,-3.127031,,,,,,,,-13.24293,1.696518,-3.821865,-8.245116,1,,999,999,0,0
49.005,4771,48,ANG1JUMPERR,0,0,,,14.44955,2.111478,-3.560369,-8.001373,-3.116541,,,,,,,,-13.58421,2.27901,-4.081077,-7.468211,1,,999,999,0,0
49.018,4772,48,ANG1JUMPERR,0,0,,,14.44913,2.111478,-3.560369,-8.001373,-3.090315,,,,,,,,-14.47296,1.636991,-3.306446,-7.531245,1,,999,999,-0.00081842,0
49.03,4773,48,ANG1JUMPERR,0,0,,,14.44913,2.111478,-3.560369,-8.001373,-3.088966,,,,,,,,-14.58469,1.862035,-3.386493,-8.33828,1,,999,999,0,0
49.043,4774,48,ANG1JUMPERR,0,0,,,14.44913,2.111478,-3.560369,-8.001373,-3.103803,,,,,,,,-15.05788,1.714582,-3.850632,-7.784216,1,,999,999,0,0
49.055,4775,48,ANG1JUMPERR,0,0,,,14.44913,2.111478,-3.560369,-8.001373,-3.101555,,,,,,,,-14.42947,2.135611,-4.132987,-8.321673,1,,999,999,0,0
49.067,4776,48,ANG1JUMPERR,0,0,,,14.44913,2.111478,-3.560369,-8.001373,-3.089416,,,,,,,,-14.67741,1.861676,-3.433202,-8.24368,1,,999,999,0,0
49.08,4777,48,ANG1JUMPERR,0,0,,,14.44913,2.111478,-3.560369,-8.001373,-3.085669,,,,,,,,-14.82646,1.970441,-3.70311,-8.242032,1,,999,999,0,0
49.092,4778,48,ANG1JUMPERR,0,0,,,14.44913,2.111478,-3.560369,-8.001373,-3.097508,,,,,,,,-13.21418,1.912026,-3.809772,-7.667989,1,,999,999,0,0
49.105,4779,48,ANG1JUMPERR,0,0,,,14.44913,2.111478,-3.560369,-8.001373,-3.112644,,,,,,,,-13.80575,1.225006,-2.46069,-8.368215,1,,999,999,0,0
49.117,4780,48,ANG1JUMPERR,0,0,,,14.44913,2.111478,-3.560369,-8.001373,-3.101405,,,,,,,,-14.31804,1.866264,-3.237061,-8.468033,1,,999,999,0,0
49.129,4781,48,ANG1JUMPERR,0,0,,,14.44913,2.111478,-3.560369,-8.001373,-3.084021,,,,,,,,-14.12008,1.948085,-4.000664,-8.367487,1,,999,999,0,0
49.142,4782,48,ANG1JUMPERR,0,0,,,14.44913,2.111478,-3.560369,-8.001373,-3.090615,,,,,,,,-14.47775,2.227609,-4.577181,-7.268714,1,,999,999,0,0
49.154,4783,48,ANG1JUMPERR,0,0,,,14.44913,2.111478,-3.560369,-8.001373,-3.099756,,,,,,,,-13.9761,1.687228,-3.366007,-7.884735,1,,999,999,0,0
49.167,4784,48,ANG1JUMPERR,0,0,,,14.44913,2.111478,-3.560369,-8.001373,-3.099157,,,,,,,,-14.19897,1.389067,-3.200703,-7.870581,1,,999,999,0,0
49.179,4785,48,ANG1JUMPERR,0,0,,,14.44913,2.111478,-3.560369,-8.001373,-3.090165,,,,,,,,-15.29162,2.024104,-3.775589,-8.126632,1,,999,999,0,0
49.191,4786,48,ANG1JUMPERR,0,0,,,14.44872,2.111478,-3.560369,-8.001373,-3.084021,,,,,,,,-14.80219,1.777276,-3.612309,-8.366123,1,,999,999,-0.000960507,0
49.204,4787,48,ANG1JUMPERR,0,0,,,14.44872,2.111478,-3.560369,-8.001373,-3.093462,,,,,,,,-14.12937,2.4431,-4.531903,-7.854392,1,,999,999,0,0
49.216,4788,48,ANG1JUMPERR,0,0,,,14.44872,2.111478,-3.560369,-8.001373,-3.104702,,,,,,,,-13.94039,1.931235,-3.616759,-7.812121,1,,999,999,0,0
49.229,4789,48,ANG1JUMPERR,0,0,,,14.44872,2.111478,-3.560369,-7.913483,-3.102304,,,,,,,,-13.84111,1.461015,-2.881992,-8.254455,1,,999,999,0,0
49.241,4790,48,ANG1JUMPERR,0,0,,,14.44872,2.111478,-3.560369,-7.913483,-3.105001,,,,,,,,-14.35753,1.652305,-3.222646,-8.20525,1,,999,999,0,0
49.253,4791,48,ANG1JUMPERR,0,0,,,14.44872,2.111478,-3.560369,-7.913483,-3.104252,,,,,,,,-14.27021,2.205922,-4.054456,-8.022195,1,,999,999,0,0
49.266,4792,48,ANG1JUMPERR,0,0,,,14.44872,2.111478,-3.560369,-7.913483,-3.096759,,,,,,,,-13.89262,2.224384,-4.440807,-7.644467,1,,999,999,0,0
49.278,4793,48,ANG1JUMPERR,0,0,,,14.44872,2.111478,-3.560369,-7.913483,-3.091964,,,,,,,,-14.40835,1.87457,-3.423891,-7.995706,1,,999,999,0,0
49.291,4794,48,ANG1JUMPERR,0,0,,,14.44872,2.111478,-3.560369,-7.913483,-3.088367,,,,,,,,-14.3084,2.090159,-3.538379,-8.237811,1,,999,999,0,0
49.303,4795,48,ANG1JUMPERR,0,0,,,14.44872,2.111478,-3.560369,-7.913483,-3.085369,,,,,,,,-14.54834,1.969446,-4.351784,-7.205591,1,,999,999,0,0
49.316,4796,48,ANG1JUMPERR,0,0,,,14.44872,2.111478,-3.560369,-7.913483,-3.083271,,,,,,,,-14.86509,1.952344,-3.965931,-7.807891,1,,999,999,0,0
49.328,4797,48,ANG1JUMPERR,0,0,,,14.44872,2.111478,-3.560369,-7.913483,-3.080274,,,,,,,,-14.31787,2.064605,-4.097665,-8.092616,1,,999,999,0,0
49.34,4798,48,ANG1JUMPERR,0,0,,,14.44872,2.111478,-3.560369,-7.913483,-3.086419,,,,,,,,-14.35052,2.100725,-4.15439,-7.613434,1,,999,999,0,0
49.353,4799,48,ANG1JUMPERR,0,0,,,14.44872,2.111478,-3.560369,-7.913483,-3.09571,,,,,,,,-14.05726,1.733954,-3.800357,-7.597681,1,,999,999,0,0
49.365,4800,48,ANG1JUMPERR,0,0,,,14.44872,2.111478,-3.560369,-7.913483,-3.096159,,,,,,,,-13.77532,1.689353,-3.459044,-7.861735,1,,999,999,0,0
49.378,4801,48,ANG1JUMPERR,0,0,,,14.44872,2.111478,-3.560369,-7.913483,-3.093912,,,,,,,,-14.16777,2.01693,-3.860825,-7.847308,1,,999,999,0,0
49.39,4802,48,ANG1JUMPERR,0,0,,,14.44872,2.111478,-3.560369,-7.913483,-3.087617,,,,,,,,-14.31291,2.068116,-3.993541,-8.121431,1,,999,999,0,0
49.402,4803,48,ANG1JUMPERR,0,0,,,14.44872,2.111478,-3.560369,-7.913483,-3.087318,,,,,,,,-14.36054,2.222693,-4.342189,-7.609295,1,,999,999,0,0
49.415,4804,48,ANG1JUMPERR,0,0,,,14.44872,2.111478,-3.560369,-7.913483,-3.089416,,,,,,,,-14.39962,1.897093,-3.261363,-7.895337,1,,999,999,0,0
49.427,4805,48,ANG1JUMPERR,0,0,,,14.44872,2.111478,-3.560369,-7.913483,-3.08432,,,,,,,,-14.6612,0.4055245,-3.469177,-7.665505,1,,999,999,0,0
49.44,4806,48,ANG1JUMPERR,0,0,,,14.44872,2.111478,-3.560369,-7.913483,-3.083122,,,,,,,,-14.54756,-2.779027,-1.346357,-6.548892,1,,999,999,0,0
49.452,4807,48,ANG1JUMPERR,0,0,,,14.44872,2.023587,-3.560369,-7.913483,-3.079225,,,,,,,,-14.72892,-2.547374,-2.120656,-5.134392,1,,999,999,0,0
49.464,4808,48,ANG1JUMPERR,0,0,,,14.44872,2.023587,-3.472478,-7.913483,-3.077577,,,,,,,,-14.60755,-3.656787,-1.771896,-4.917528,1,,999,999,0,0
49.477,4809,48,ANG1JUMPERR,0,0,,,14.44872,1.935697,-3.296697,-7.913483,-3.077577,,,,,,,,-14.21174,-4.324584,-1.305099,-4.956722,1,,999,999,0,0
49.489,4810,48,ANG1JUMPERR,0,0,,,14.44872,1.847806,-3.120916,-7.825592,-3.075179,,,,,,,,-14.95876,-3.226739,-1.339175,-5.268024,1,,999,999,0,0
49.502,4811,48,ANG1JUMPERR,0,0,,,14.44872,1.759915,-2.857244,-7.737701,-3.061242,,,,,,,,-13.39605,-0.4183152,-2.936366,-5.94921,1,,999,999,0,0
49.514,4812,48,ANG1JUMPERR,0,0,,,14.44872,1.672025,-2.681463,-7.649811,-3.031868,,,,,,,,-14.19773,2.382939,-3.691425,-7.223699,1,,999,999,0,0
49.527,4813,48,ANG1JUMPERR,0,0,,,14.44872,1.584134,-2.417791,-7.47403,-2.978518,,,,,,,,-14.18969,5.654985,-6.09703,-10.3396,1,,999,999,0,0
49.539,4814,48,ANG1JUMPERR,0,0,,,14.44872,1.496243,-2.242009,-7.298248,-2.885603,,,,,,,,-14.88081,6.641223,-4.795937,-9.185389,1,,999,999,0,0
49.551,4815,48,ANG1JUMPERR,0,0,,,14.44872,1.408353,-2.154119,-7.210358,-2.748478,,,,,,,,-15.80949,10.46579,-4.438791,-12.68449,1,,999,999,0,0
49.564,4816,48,ANG1JUMPERR,0,0,,,14.44872,1.408353,-2.066228,-7.122467,-2.591573,,,,,,,,-16.03545,12.57185,-6.360701,-13.16723,1,,999,999,0,0
49.576,4817,48,ANG1JUMPERR,0,0,,,14.44872,1.408353,-2.154119,-7.034576,-2.414735,,,,,,,,-15.08477,14.13299,-6.114328,-13.80034,1,,999,999,0,0
49.589,4818,48,ANG1JUMPERR,0,0,,,14.44872,1.496243,-2.242009,-7.034576,-2.211521,,,,,,,,-18.98879,13.25731,-6.135735,-10.46168,1,,999,999,0,0
49.601,4819,48,ANG1JUMPERR,0,0,,,14.44913,1.672025,-2.505681,-7.034576,-1.982681,,,,,,,,-16.37571,11.77926,-6.251274,-10.3378,1,,999,999,0.000960507,0
49.613,4820,48,ANG1JUMPERR,0,0,,,14.44996,1.847806,-2.769353,-7.034576,-1.72192,,,,,,,,-17.86742,8.855019,-4.598271,-9.471565,1,,999,999,0.003824425,0
49.626,4821,48,ANG1JUMPERR,0,0,,,14.45162,2.111478,-3.120916,-7.034576,-1.444075,,,,,,,,-15.80981,8.433741,-4.307299,-8.502286,1,,999,999,0.01303473,0
49.638,4822,48,ANG1JUMPERR,0,0,,,14.45494,2.46304,-3.472478,-7.034576,-1.168178,,,,,,,,-16.21879,8.109871,-4.038344,-7.64523,1,,999,999,0.06126115,0
49.651,4823,48,ANG1JUMPERR,0,0,,,14.45951,2.726712,-3.911931,-7.034576,-0.9008236,,,,,,,,-18.44053,8.317813,-2.796563,-8.070117,1,,999,999,0.09861632,0
49.663,4824,48,ANG1JUMPERR,0,0,,,14.46283,2.902493,-4.351384,-7.034576,-0.630022,,,,,,,,-15.26378,8.648832,-4.573289,-6.580898,1,,999,999,0.06126115,0
49.675,4825,48,ANG1JUMPERR,0,0,,,14.46656,3.254056,-4.790837,-7.122467,-0.362967,,,,,,,,-15.26378,8.648832,-3.638451,-7.392825,1,,999,999,0.07748418,0
49.704,4826,48,ANG1JUMPERR,0,0,,,14.47445,4.045072,-5.845525,-7.122467,-0.1007076,,,,,,,,-17.18736,7.305396,-3.222817,-5.339954,1,,999,999,0.05914189,0
49.716,4827,48,ANG1JUMPERR,0,0,,,14.4786,4.396634,-6.372869,-7.210358,0.151511,,,,,,,,-17.21435,7.162457,-2.664676,-6.122556,1,,999,999,0.09569855,0
49.729,4828,48,ANG1JUMPERR,0,0,,,14.48607,4.836087,-6.812322,-7.210358,0.3879941,,,,,,,,-14.56417,6.026456,-2.010765,-5.059369,1,,999,999,0.264223,0
49.741,4829,48,ANG1JUMPERR,0,0,,,14.49437,5.27554,-7.251775,-7.298248,0.6001993,,,,,,,,-15.06462,5.570436,-2.257087,-4.968671,1,,999,999,0.3826185,0
49.754,4830,48,ANG1JUMPERR,0,0,,,14.50474,5.627103,-7.691228,-7.386139,0.7642988,,,,,,,,-11.52061,4.606435,-1.464228,-4.728982,1,,999,999,0.5096373,0
49.766,4831,48,ANG1JUMPERR,0,0,,,14.52134,5.978665,-8.04279,-7.56192,0.8681535,,,,,,,,-10.76751,3.483651,-1.463342,-4.808811,1,,999,999,1.530825,0
49.778,4832,48,ANG1JUMPERR,0,0,,,14.53794,6.330228,-8.394353,-7.737701,0.9480303,,,,,,,,-9.591332,1.795426,-1.3228,-3.955515,1,,999,999,1.530825,0
49.791,4833,48,ANG1JUMPERR,0,0,,,14.5533,6.68179,-8.570134,-7.913483,0.9986838,,,,,,,,-7.513676,0.8691673,-0.8996844,-3.546731,1,,999,999,1.115977,0
49.803,4834,48,ANG1JUMPERR,0,0,,,14.56907,7.033353,-8.745915,-8.089264,1.001981,,,,,,,,-9.158669,-0.02923254,-1.499515,-2.663293,1,,999,999,1.38162,0
49.816,4835,48,ANG1JUMPERR,0,0,,,14.58401,7.297025,-8.833806,-8.352936,1.005578,,,,,,,,-8.084066,-0.6646544,-0.8294115,-3.772794,1,,999,999,1.056622,0
49.828,4836,48,ANG1JUMPERR,0,0,,,14.59895,7.472806,-8.833806,-8.704498,0.9817494,,,,,,,,-10.60864,-0.4984666,-1.396046,-4.117573,1,,999,999,1.240063,0
49.841,4837,48,ANG1JUMPERR,0,0,,,14.60766,7.648587,-8.745915,-8.96817,0.9212049,,,,,,,,-11.0483,-0.8820824,-2.035405,-3.823367,1,,999,999,0.3595057,0
49.853,4838,48,ANG1JUMPERR,0,0,,,14.60974,7.736478,-8.570134,-9.319733,0.8582626,,,,,,,,-12.60376,-0.3402498,-3.263228,-3.298435,1,,999,999,0.02392464,0
49.865,4839,48,ANG1JUMPERR,0,0,,,14.60932,7.736478,-8.306462,-9.583405,0.8094074,,,,,,,,-14.49652,-0.2469005,-2.669448,-4.666853,1,,999,999,-0.000951716,0
49.878,4840,48,ANG1JUMPERR,0,0,,,14.60725,7.912259,-7.9549,-9.934967,0.7756884,,,,,,,,-12.31026,1.072609,-3.715381,-4.427685,1,,999,999,-0.02038549,0
49.89,4841,48,ANG1JUMPERR,0,0,,,14.606,8.00015,-7.515447,-10.28653,0.7461655,,,,,,,,-14.77774,1.081751,-2.298755,-6.754317,1,,999,999,-0.008618151,0
49.903,4842,48,ANG1JUMPERR,0,0,,,14.60517,8.00015,-7.075994,-10.5502,0.717242,,,,,,,,-13.94387,1.452947,-2.389775,-8.18121,1,,999,999,-0.003258682,0
49.915,4843,48,ANG1JUMPERR,0,0,,,14.60517,8.08804,-6.54865,-10.90176,0.6914657,,,,,,,,-14.62203,2.844927,-3.42336,-7.696691,1,,999,999,0,0
49.927,4844,48,ANG1JUMPERR,0,0,,,14.60434,8.08804,-6.021306,-11.16544,0.6668882,,,,,,,,-13.8316,3.73807,-5.294794,-7.610165,1,,999,999,-0.003824425,0
49.94,4845,48,ANG1JUMPERR,0,0,,,14.60268,8.08804,-5.406072,-11.34122,0.6480055,,,,,,,,-14.27637,4.330804,-5.319294,-7.872703,1,,999,999,-0.01306471,0
49.952,4846,48,ANG1JUMPERR,0,0,,,14.59895,8.00015,-4.790837,-11.517,0.6309212,,,,,,,,-15.67139,4.433773,-5.437881,-7.820051,1,,999,999,-0.07748418,0
49.965,4847,48,ANG1JUMPERR,0,0,,,14.59231,7.912259,-4.175603,-11.69278,0.6244771,,,,,,,,-16.75314,4.571631,-6.023967,-8.028651,1,,999,999,-0.2086755,0
49.977,4848,48,ANG1JUMPERR,0,0,,,14.57778,7.912259,-3.560369,-11.69278,0.6244771,,,,,,,,-18.8816,4.224323,-5.014184,-9.898597,1,,999,999,-1.172,0
49.99,4849,48,ANG1JUMPERR,0,0,,,14.55247,7.824368,-2.945134,-11.69278,0.6400628,,,,,,,,-20.87862,3.905115,-4.847072,-14.51753,1,,999,999,-3.033903,0
50.002,4850,48,ANG1JUMPERR,0,0,,,14.51719,7.824368,-2.242009,-11.69278,0.6631417,,,,,,,,-19.32502,3.684093,-5.166259,-14.30233,1,,999,999,-6.912725,0
50.014,4851,48,ANG1JUMPERR,0,0,,,14.47694,7.824368,-1.626775,-11.69278,0.7187406,,,,,,,,-19.95014,3.242712,-5.283631,-14.25517,1,,999,999,-9.002401,0
50.027,4852,48,ANG1JUMPERR,0,0,,,14.44083,7.736478,-1.011541,-11.69278,0.8028135,,,,,,,,-17.10828,3.197558,-5.54235,-14.8939,1,,999,999,-6.17113,0
50.039,4853,48,ANG1JUMPERR,0,0,,,14.40763,7.736478,-0.3963063,-11.69278,0.8862869,,,,,,,,-16.15021,0.003610092,-2.535544,-15.31726,1,,999,999,-6.123301,0
50.052,4854,48,ANG1JUMPERR,0,0,,,14.37817,7.648587,0.2189281,-11.69278,0.9538749,,,,,,,,-13.37755,4.114596,-7.037069,-15.26657,1,,999,999,-4.109679,0
50.064,4855,48,ANG1JUMPERR,0,0,,,14.35161,7.560697,0.7462718,-11.69278,0.9961361,,,,,,,,-12.97055,4.253955,-7.071608,-15.84212,1,,999,999,-3.919025,0
50.076,4856,48,ANG1JUMPERR,0,0,,,14.3292,7.472806,1.273616,-11.60489,1.017417,,,,,,,,-11.88009,4.403145,-7.123297,-16.09056,1,,999,999,-2.790381,0
50.089,4857,48,ANG1JUMPERR,0,0,,,14.30679,7.384915,1.800959,-11.60489,1.017417,,,,,,,,-12.1392,5.074509,-7.800142,-16.54916,1,,999,999,-2.377198,0
50.101,4858,48,ANG1JUMPERR,0,0,,,14.28604,7.297025,2.240412,-11.517,1.016817,,,,,,,,-12.53676,5.198335,-7.882334,-16.73256,1,,999,999,-2.392024,0
50.114,4859,48,ANG1JUMPERR,0,0,,,14.26031,7.121243,2.591975,-11.42911,1.019215,,,,,,,,-12.95658,5.856014,-7.842767,-17.33817,1,,999,999,-3.133916,0
50.126,4860,48,ANG1JUMPERR,0,0,,,14.23375,7.033353,2.855647,-11.34122,1.022212,,,,,,,,-14.58372,6.619102,-8.223485,-17.23884,1,,999,999,-3.919025,0
50.139,4861,48,ANG1JUMPERR,0,0,,,14.2047,6.857572,3.031428,-11.16544,1.027308,,,,,,,,-14.70627,6.982224,-7.471059,-17.91418,1,,999,999,-3.994507,0
50.151,4862,48,ANG1JUMPERR,0,0,,,14.17191,6.769681,3.207209,-10.98965,1.031803,,,,,,,,-16.69137,8.177102,-8.379866,-17.74917,1,,999,999,-5.971574,0
50.163,4863,48,ANG1JUMPERR,0,0,,,14.13249,6.68179,3.2951,-10.81387,1.045291,,,,,,,,-15.49459,8.966626,-8.210483,-17.9242,1,,999,999,-8.635125,0
50.176,4864,48,ANG1JUMPERR,0,0,,,14.09514,6.506009,3.207209,-10.63809,1.059078,,,,,,,,-16.3159,9.878602,-8.538679,-17.94545,1,,999,999,-6.60355,0
50.188,4865,48,ANG1JUMPERR,0,0,,,14.06069,6.506009,3.119319,-10.37442,1.072416,,,,,,,,-14.42571,10.12315,-8.429533,-17.34256,1,,999,999,-6.591359,0
50.201,4866,48,ANG1JUMPERR,0,0,,,14.02666,6.418118,2.855647,-10.11075,1.07946,,,,,,,,-15.67243,10.89087,-7.598346,-17.8096,1,,999,999,-5.482145,0
50.213,4867,48,ANG1JUMPERR,0,0,,,13.99678,6.330228,2.591975,-9.847076,1.084855,,,,,,,,-13.7036,11.30993,-7.910643,-17.04099,1,,999,999,-4.960254,0
50.225,4868,48,ANG1JUMPERR,0,0,,,13.96815,6.330228,2.152522,-9.583405,1.062825,,,,,,,,-14.9623,12.01766,-7.311637,-17.02056,1,,999,999,-4.555359,0
50.238,4869,48,ANG1JUMPERR,0,0,,,13.94117,6.330228,1.625178,-9.231842,1.032253,,,,,,,,-14.06544,13.30888,-6.767423,-17.66196,1,,999,999,-3.444174,0
50.25,4870,48,ANG1JUMPERR,0,0,,,13.91586,6.330228,0.9220531,-8.96817,0.9965857,,,,,,,,-14.50883,13.73201,-6.968904,-16.60973,1,,999,999,-3.560622,0
50.263,4871,48,ANG1JUMPERR,0,0,,,13.89179,6.330228,0.2189281,-8.792389,0.983248,,,,,,,,-14.29088,13.42794,-6.222688,-16.91354,1,,999,999,-2.74229,0
50.275,4872,48,ANG1JUMPERR,0,0,,,13.87104,6.418118,-0.5720875,-8.528717,0.9780028,,,,,,,,-14.18284,13.17461,-6.580341,-14.61521,1,,999,999,-2.392024,0
50.288,4873,48,ANG1JUMPERR,0,0,,,13.85485,6.5939,-1.450994,-8.440826,0.9738066,,,,,,,,-15.06785,12.80175,-5.485382,-14.55823,1,,999,999,-1.240136,0
50.3,4874,48,ANG1JUMPERR,0,0,,,13.84074,6.68179,-2.417791,-8.352936,0.9810001,,,,,,,,-14.25615,12.56434,-5.126398,-14.11456,1,,999,999,-1.106156,0
50.312,4875,48,ANG1JUMPERR,0,0,,,13.83203,6.857572,-3.384588,-8.265045,0.9907411,,,,,,,,-14.78531,11.54429,-4.883692,-10.05712,1,,999,999,-0.4219199,0
50.325,4876,48,ANG1JUMPERR,0,0,,,13.82331,7.033353,-4.439275,-8.352936,1.007676,,,,,,,,-13.71182,10.11965,-3.732226,-8.896896,1,,999,999,-0.3595057,0
50.337,4877,48,ANG1JUMPERR,0,0,,,13.81377,7.209134,-5.493962,-8.352936,1.022662,,,,,,,,-13.68115,8.82865,-3.488893,-7.796086,1,,999,999,-0.5060836,0
50.35,4878,48,ANG1JUMPERR,0,0,,,13.80837,7.384915,-6.460759,-8.440826,1.025359,,,,,,,,-12.92719,7.458025,-3.059319,-6.816125,1,,999,999,-0.1378254,0
50.362,4879,48,ANG1JUMPERR,0,0,,,13.80007,7.560697,-7.427556,-8.528717,1.026558,,,,,,,,-12.73566,5.579168,-1.453318,-6.137311,1,,999,999,-0.3826185,0
50.374,4880,48,ANG1JUMPERR,0,0,,,13.79177,7.648587,-8.394353,-8.616608,1.026258,,,,,,,,-12.79204,4.132936,-0.7105427,-5.293958,1,,999,999,-0.3827942,0
50.387,4881,48,ANG1JUMPERR,0,0,,,13.78347,7.824368,-9.273259,-8.792389,1.009474,,,,,,,,-12.6601,0.003627463,3.005342,-4.750581,1,,999,999,-0.3261679,0
50.399,4882,48,ANG1JUMPERR,0,0,,,13.77351,7.912259,-10.06427,-8.96817,0.9943379,,,,,,,,-12.72046,1.67144,0.9063821,-4.612217,1,,999,999,-0.5511392,0
50.412,4883,48,ANG1JUMPERR,0,0,,,13.76272,8.08804,-10.7674,-9.143951,0.9744061,,,,,,,,-13.85661,1.141717,10.9385,51.8323,1,,999,999,-0.5511068,0
50.424,4884,48,ANG1JUMPERR,0,0,,,13.75359,8.175931,-11.11896,-7.47403,0.9744061,,,,,,,,-7.812329,19.84909,-43.33423,37.65204,1,,999,999,-0.462949,0
50.437,4885,48,ANG1JUMPERR,0,0,,,13.74322,8.263822,-11.38263,-5.804108,0.9508777,,,,,,,,-12.70773,2.661416,-22.32964,46.46389,1,,999,999,-0.5096373,0
50.449,4886,48,ANG1JUMPERR,0,0,,,13.73409,8.263822,-11.47052,-4.397858,0.8865867,,,,,,,,-11.43572,3.802319,-14.05293,6.656719,1,,999,999,-0.4631423,0
50.461,4887,48,ANG1JUMPERR,0,0,,,13.72994,8.263822,-11.55842,-3.167389,0.8719001,,,,,,,,-12.53229,-4.797384,4.697276,11.19202,1,,999,999,-0.09561063,0
50.474,4888,48,ANG1JUMPERR,0,0,,,13.72579,8.175931,-11.38263,-2.200592,0.8375816,,,,,,,,-5.808031,-4.831462,10.62069,-4.353449,1,,999,999,-0.08154197,0
50.486,4889,48,ANG1JUMPERR,0,0,,,13.71998,8.08804,-11.20685,-1.497467,0.8186989,,,,,,,,-28.73115,-0.6510604,21.5794,-25.10448,1,,999,999,-0.1875199,0
50.499,4890,48,ANG1JUMPERR,0,0,,,13.71458,8.00015,-10.85529,-0.9701233,0.8061104,,,,,,,,-7.736787,-0.5580128,13.28858,-19.44679,1,,999,999,-0.1378254,0
50.511,4891,48,ANG1JUMPERR,0,0,,,13.70545,7.912259,-10.41584,-0.5306702,0.7864785,,,,,,,,-19.2748,6.304678,-1.080239,-10.24177,1,,999,999,-0.4631423,0
50.523,4892,48,ANG1JUMPERR,0,0,,,13.69549,7.824368,-9.888494,-0.3548889,0.7932222,,,,,,,,-4.824469,6.550867,-9.390851,3.329005,1,,999,999,-0.5509284,0
50.536,4893,48,ANG1JUMPERR,0,0,,,13.68221,7.648587,-9.273259,-0.3548889,0.7855793,,,,,,,,-19.93969,6.185975,-10.50973,7.045604,1,,999,999,-0.8349419,0
50.548,4894,48,ANG1JUMPERR,0,0,,,13.66769,7.560697,-8.658025,-0.4427795,0.7899253,,,,,,,,-14.65586,6.287381,-11.50343,6.094077,1,,999,999,-1.172,0
50.561,4895,48,ANG1JUMPERR,0,0,,,13.65026,7.384915,-7.9549,-0.6185608,0.7842305,,,,,,,,-12.44827,6.22249,-10.34261,7.279621,1,,999,999,-1.438337,0
50.573,4896,48,ANG1JUMPERR,0,0,,,13.62909,7.209134,-7.163884,-0.794342,0.7797347,,,,,,,,-17.62442,4.665135,-7.138729,7.484979,1,,999,999,-2.488402,0
50.585,4897,48,ANG1JUMPERR,0,0,,,13.60876,7.033353,-6.460759,-1.058014,0.7828818,,,,,,,,-7.135245,5.071184,-1.441975,-0.8887201,1,,999,999,-2.29755,0
50.598,4898,48,ANG1JUMPERR,0,0,,,13.58676,6.857572,-5.669744,-1.321686,0.7765876,,,,,,,,90,180,-173.5541,-4.562443,1,,999,999,-2.289799,0
50.61,4899,48,ANG1JUMPERR,0,0,,,13.5656,6.769681,-4.878728,-1.497467,0.7830317,,,,,,,,-6.109365,7.559934,-0.7279457,-7.829058,1,,999,999,-2.488851,0
50.623,4900,48,ANG1JUMPERR,0,0,,,13.54277,6.5939,-4.087712,-1.673248,0.7801842,,,,,,,,-16.79071,9.144704,-3.670045,-6.308739,1,,999,999,-2.466233,0
50.635,4901,48,ANG1JUMPERR,0,0,,,13.51787,6.418118,-3.384588,-1.84903,0.7779363,,,,,,,,-10.07785,10.38575,-5.11099,-7.03068,1,,999,999,-3.444621,0
50.647,4902,48,ANG1JUMPERR,0,0,,,13.49297,6.330228,-2.681463,-2.024811,0.7830317,,,,,,,,-13.63989,10.62404,-7.129725,-4.875003,1,,999,999,-3.444093,0
50.66,4903,48,ANG1JUMPERR,0,0,,,13.46807,6.154447,-2.066228,-2.112701,0.8314373,,,,,,,,-13.77348,11.68073,-9.464948,-3.385218,1,,999,999,-2.935061,0
50.672,4904,48,ANG1JUMPERR,0,0,,,13.44359,6.066556,-1.450994,-2.112701,0.8555651,,,,,,,,-10.87603,12.4063,-10.1917,-3.343156,1,,999,999,-3.330541,0
50.685,4905,48,ANG1JUMPERR,0,0,,,13.41703,5.978665,-0.92365,-2.112701,0.8464235,,,,,,,,-16.39328,11.76485,-10.01144,-5.947491,1,,999,999,-3.339288,0
50.697,4906,48,ANG1JUMPERR,0,0,,,13.38632,5.978665,-0.4841969,-2.112701,0.8597612,,,,,,,,-9.376253,11.1615,-9.279351,-4.677343,1,,999,999,-5.239542,0
50.709,4907,48,ANG1JUMPERR,0,0,,,13.35395,5.890775,-0.1326344,-2.112701,0.8656059,,,,,,,,-17.76898,10.00716,-7.829179,-6.521402,1,,999,999,-5.821066,0
50.722,4908,48,ANG1JUMPERR,0,0,,,13.32158,5.890775,0.1310375,-2.112701,0.8723497,,,,,,,,-8.291716,9.719566,-6.713452,-7.508647,1,,999,999,-4.960546,0
50.734,4909,48,ANG1JUMPERR,0,0,,,13.29087,5.890775,0.3947093,-2.112701,0.8802925,,,,,,,,-16.87496,9.934652,-7.119804,-8.010561,1,,999,999,-5.238891,0
50.747,4910,48,ANG1JUMPERR,0,0,,,13.25684,5.890775,0.4826,-2.112701,0.8717502,,,,,,,,-9.244822,9.892275,-6.426643,-8.741331,1,,999,999,-5.482145,0
50.759,4911,48,ANG1JUMPERR,0,0,,,13.22447,5.890775,0.5704906,-2.112701,0.873099,,,,,,,,-15.44451,9.18282,-5.406493,-11.21391,1,,999,999,-5.821066,0
50.772,4912,48,ANG1JUMPERR,0,0,,,13.18795,5.978665,0.5704906,-2.112701,0.8642572,,,,,,,,-12.9722,9.108649,-4.011049,-11.25206,1,,999,999,-6.313423,0
50.784,4913,48,ANG1JUMPERR,0,0,,,13.15018,5.978665,0.5704906,-2.112701,0.8638076,,,,,,,,-13.67814,7.668696,-6.155308,-7.784775,1,,999,999,-7.923518,0
50.796,4914,48,ANG1JUMPERR,0,0,,,13.11408,6.066556,0.3947093,-2.112701,0.8548158,,,,,,,,-14.61691,8.551936,-6.399299,-6.742967,1,,999,999,-7.24174,0
50.809,4915,48,ANG1JUMPERR,0,0,,,13.07465,6.154447,0.2189281,-2.112701,0.8521183,,,,,,,,-13.01759,8.468115,-6.651854,-6.766758,1,,999,999,-7.358096,0
50.821,4916,48,ANG1JUMPERR,0,0,,,13.03647,6.242337,-0.04474378,-2.112701,0.8587122,,,,,,,,-16.34157,8.365472,-5.859224,-5.886331,1,,999,999,-8.098148,0
50.834,4917,48,ANG1JUMPERR,0,0,,,12.9929,6.330228,-0.3084157,-2.112701,0.8599111,,,,,,,,-11.45727,8.436494,-6.332346,-6.340013,1,,999,999,-8.98843,0
50.846,4918,48,ANG1JUMPERR,0,0,,,12.9543,6.418118,-0.6599782,-2.112701,0.874298,,,,,,,,-16.92153,8.898874,-6.070355,-5.148521,1,,999,999,-8.275496,0
50.858,4919,48,ANG1JUMPERR,0,0,,,12.91903,6.5939,-1.011541,-2.112701,0.8835894,,,,,,,,-10.6629,9.455256,-5.933586,-5.44382,1,,999,999,-6.912725,0
50.871,4920,48,ANG1JUMPERR,0,0,,,12.88624,6.68179,-1.450994,-2.112701,0.8922814,,,,,,,,-16.40038,10.35546,-5.807742,-4.675326,1,,999,999,-5.088206,0
50.883,4921,48,ANG1JUMPERR,0,0,,,12.85678,6.857572,-1.978338,-2.112701,0.9024721,,,,,,,,-11.44674,11.60997,-6.206364,-5.37504,1,,999,999,-4.823166,0
50.896,4922,48,ANG1JUMPERR,0,0,,,12.8298,7.033353,-2.505681,-2.112701,0.9051696,,,,,,,,-14.90332,11.49235,-5.410127,-4.978097,1,,999,999,-3.444661,0
50.908,4923,48,ANG1JUMPERR,0,0,,,12.80532,7.209134,-3.033025,-2.112701,0.91566,,,,,,,,-12.80554,11.66923,-5.729677,-4.729156,1,,999,999,-3.330541,0
50.921,4924,48,ANG1JUMPERR,0,0,,,12.7854,7.384915,-3.648259,-2.112701,0.9170087,,,,,,,,-11.767,10.58194,-5.011124,-4.319958,1,,999,999,-1.878439,0
50.933,4925,48,ANG1JUMPERR,0,0,,,12.76423,7.560697,-4.263494,-2.112701,0.9198562,,,,,,,,-13.70368,9.906193,-4.983978,-3.194232,1,,999,999,-2.488626,0
50.945,4926,48,ANG1JUMPERR,0,0,,,12.74639,7.824368,-4.966619,-2.112701,0.9119135,,,,,,,,-9.91223,9.289432,-4.861365,-2.946244,1,,999,999,-1.769164,0
50.958,4927,48,ANG1JUMPERR,0,0,,,12.72854,8.00015,-5.581853,-2.112701,0.908017,,,,,,,,-12.87717,7.411723,-4.094979,-1.029497,1,,999,999,-1.507292,0
50.97,4928,48,ANG1JUMPERR,0,0,,,12.71236,8.175931,-6.284978,-2.112701,0.9000743,,,,,,,,-9.76203,7.406627,-4.721069,-0.7575175,1,,999,999,-1.455438,0
50.983,4929,48,ANG1JUMPERR,0,0,,,12.69576,8.351712,-6.900212,-2.112701,0.8880852,,,,,,,,-12.45424,6.289777,-3.938442,-0.2890203,1,,999,999,-1.304372,0
50.995,4930,48,ANG1JUMPERR,0,0,,,12.67791,8.527493,-7.427556,-2.112701,0.8792434,,,,,,,,-12.04522,5.665115,-3.371068,0.1501944,1,,999,999,-1.769164,0
51.007,4931,48,ANG1JUMPERR,0,0,,,12.6555,8.703275,-7.9549,-2.200592,0.8651563,,,,,,,,-12.86776,4.869366,-2.572485,0.3761953,1,,999,999,-2.789905,0
