DeviceID: MARS-HOMER,,,,,,,,,,,,,,,,,,,,,,,,,,,,,
runTime,packetNumber,status,errorString,limb,calib,limbkinparam,limbdynparam,angle1,angle2,angle3,angle4,force,torque,epx,epy,epz,phi1,phi2,phi3,imuangle1,imuangle2,imuangle3,imuangle4,marbtn,calibbtn,target,desired,control,simulateAng1JumpCmd
49.465,4691,51,NOERROR,2,1,,,-43.78848,-4.812471,4.656685,18.70797,2.11516,,,,,,,,2.864355,-2.266018,4.189198,18.74351,1,,-89.5994,-48.06319,-1945.963,0
49.472,4692,51,NOERROR,2,1,,,-44.01009,-4.812471,4.656685,18.70797,2.119356,,,,,,,,2.864355,-2.266018,4.189198,18.74351,1,,-89.5994,-48.26474,-1647.621,0
49.48,4693,51,NOERROR,2,1,,,-44.23045,-4.812471,4.656685,18.70797,2.123552,,,,,,,,2.864355,-2.266018,4.189198,18.74351,1,,-89.5994,-48.49492,-1923.604,0
49.487,4694,51,NOERROR,2,1,,,-44.4475,-4.812471,4.568795,18.70797,2.123552,,,,,,,,2.864355,-2.266018,4.189198,18.74351,1,,-89.5994,-48.69622,-1688.433,0
49.495,4695,51,NOERROR,2,1,,,-44.66371,-4.812471,4.568795,18.70797,2.135241,,,,,,,,2.864355,-2.266018,4.189198,18.74351,1,,-89.5994,-48.92612,-1955.124,0
49.502,4696,51,NOERROR,2,1,,,-44.88325,-4.812471,4.568795,18.70797,2.14723,,,,,,,,2.864355,-2.266018,4.189198,18.74351,1,,-89.5994,-49.12716,-1661.283,0
49.509,4697,51,NOERROR,2,1,,,-45.10029,-4.812471,4.568795,18.70797,2.14723,,,,,,,,2.864355,-2.266018,4.189198,18.74351,1,,-89.5994,-49.32808,-1677.178,0
49.517,4698,51,NOERROR,2,1,,,-45.31236,-4.812471,4.480904,18.70797,2.163415,,,,,,,,2.864355,-2.266018,4.189198,18.74351,1,,-89.5994,-49.55751,-1978.26,0
49.524,4699,51,NOERROR,2,1,,,-45.52484,-4.812471,4.480904,18.70797,2.163415,,,,,,,,2.864355,-2.266018,4.189198,18.74351,1,,-89.5994,-49.75813,-1722.804,0
49.532,4700,51,NOERROR,2,1,,,-45.73981,-4.724581,4.480904,18.70797,2.18065,,,,,,,,2.864355,-2.266018,4.189198,18.74351,1,,-89.5994,-49.98734,-1955.941,0
49.539,4701,51,NOERROR,2,1,,,-45.95602,-4.724581,4.480904,18.70797,2.193987,,,,,,,,2.864355,-2.266018,4.189198,18.74351,1,,-89.5994,-50.18764,-1685.465,0
49.547,4702,51,NOERROR,2,1,,,-46.17265,-4.724581,4.393013,18.70797,2.193987,,,,,,,,2.864355,-2.266018,4.189198,18.74351,1,,-89.5994,-50.41638,-1939.659,0
49.554,4703,51,NOERROR,2,1,,,-46.38638,-4.724581,4.393013,18.70797,2.207475,,,,,,,,2.864355,-2.266018,4.189198,18.74351,1,,-89.5994,-50.61636,-1707.67,0
49.562,4704,51,NOERROR,2,1,,,-46.60052,-4.724581,4.393013,18.70797,2.207475,,,,,,,,2.864355,-2.266018,4.189198,18.74351,1,,-89.5994,-50.8447,-1958.656,0
49.569,4705,51,NOERROR,2,1,,,-46.81756,-4.724581,4.393013,18.70797,2.215268,,,,,,,,2.864355,-2.266018,4.189198,18.74351,1,,-89.5994,-51.04434,-1673.418,0
49.577,4706,51,NOERROR,2,1,,,-47.0371,-4.724581,4.393013,18.70797,2.225309,,,,,,,,2.864355,-2.266018,4.189198,18.74351,1,,-89.5994,-51.27227,-1910.134,0
49.584,4707,51,NOERROR,2,1,,,-47.25082,-4.724581,4.393013,18.70797,2.225309,,,,,,,,2.864355,-2.266018,4.189198,18.74351,1,,-89.5994,-51.47154,-1701.306,0
49.592,4708,51,NOERROR,2,1,,,-47.4633,-4.724581,4.305123,18.70797,2.235799,,,,,,,,2.864355,-2.266018,4.189198,18.74351,1,,-89.5994,-51.69903,-1965.429,0
49.599,4709,51,NOERROR,2,1,,,-47.67454,-4.724581,4.305123,18.70797,2.24554,,,,,,,,2.864355,-2.266018,4.189198,18.74351,1,,-89.5994,-51.89791,-1725.266,0
49.607,4710,51,NOERROR,2,1,,,-47.8837,-4.724581,4.305123,18.70797,2.24554,,,,,,,,2.864355,-2.266018,4.189198,18.74351,1,,-89.5994,-52.12495,-1992.968,0
49.614,4711,51,NOERROR,2,1,,,-48.09327,-4.724581,4.305123,18.70797,2.258878,,,,,,,,2.864355,-2.266018,4.189198,18.74351,1,,-89.5994,-52.32343,-1743.206,0
49.621,4712,51,NOERROR,2,1,,,-48.30742,-4.724581,4.305123,18.70797,2.258878,,,,,,,,2.864355,-2.266018,4.189198,18.74351,1,,-89.5994,-52.5217,-1691.636,0
49.629,4713,51,NOERROR,2,1,,,-48.51574,-4.724581,4.305123,18.70797,2.273115,,,,,,,,2.864355,-2.266018,4.189198,18.74351,1,,-89.5994,-52.74815,-1993.551,0
49.636,4714,51,NOERROR,2,1,,,-48.72449,-4.724581,4.217232,18.70797,2.290648,,,,,,,,2.864355,-2.266018,4.189198,18.74351,1,,-89.5994,-52.94598,-1745.128,0
49.644,4715,51,NOERROR,2,1,,,-48.93614,-4.724581,4.217232,18.70797,2.290648,,,,,,,,2.864355,-2.266018,4.189198,18.74351,1,,-89.5994,-53.1718,-1967.623,0
49.651,4716,51,NOERROR,2,1,,,-49.1482,-4.724581,4.217232,18.70797,2.308782,,,,,,,,2.864355,-2.266018,4.189198,18.74351,1,,-89.5994,-53.36918,-1712.374,0
49.659,4717,51,NOERROR,2,1,,,-49.36193,-4.724581,4.217232,18.70797,2.324817,,,,,,,,2.864355,-2.266018,4.189198,18.74351,1,,-89.5994,-53.59447,-1948.449,0
49.666,4718,51,NOERROR,2,1,,,-49.57731,-4.724581,4.217232,18.70797,2.324817,,,,,,,,2.864355,-2.266018,4.189198,18.74351,1,,-89.5994,-53.79139,-1676.152,0
49.674,4719,51,NOERROR,2,1,,,-49.79809,-4.724581,4.217232,18.70797,2.335158,,,,,,,,2.864355,-2.266018,4.189198,18.74351,1,,-89.5994,-54.01612,-1883.519,0
49.681,4720,51,NOERROR,2,1,,,-50.01265,-4.63669,4.217232,18.70797,2.335158,,,,,,,,2.864355,-2.266018,4.189198,18.74351,1,,-89.5994,-54.21253,-1675.817,0
49.689,4721,51,NOERROR,2,1,,,-50.22513,-4.63669,4.129342,18.70797,2.341602,,,,,,,,2.864355,-2.266018,4.189198,18.74351,1,,-89.5994,-54.43669,-1945.034,0
49.696,4722,51,NOERROR,2,1,,,-50.43595,-4.63669,4.129342,18.70797,2.353741,,,,,,,,2.864355,-2.266018,4.189198,18.74351,1,,-89.5994,-54.63258,-1708.421,0
49.704,4723,51,NOERROR,2,1,,,-50.64511,-4.63669,4.129342,18.70797,2.353741,,,,,,,,2.864355,-2.266018,4.189198,18.74351,1,,-89.5994,-54.85614,-1969.205,0
49.711,4724,51,NOERROR,2,1,,,-50.85178,-4.63669,4.129342,18.70797,2.36513,,,,,,,,2.864355,-2.266018,4.189198,18.74351,1,,-89.5994,-55.0515,-1747.454,0
49.719,4725,51,NOERROR,2,1,,,-51.06384,-4.63669,4.129342,18.70797,2.379667,,,,,,,,2.864355,-2.266018,4.189198,18.74351,1,,-89.5994,-55.27454,-1945.014,0
49.726,4726,51,NOERROR,2,1,,,-51.27591,-4.63669,4.129342,18.70797,2.379667,,,,,,,,2.864355,-2.266018,4.189198,18.74351,1,,-89.5994,-55.46936,-1692.319,0
49.733,4727,51,NOERROR,2,1,,,-51.48714,-4.5488,4.041451,18.70797,2.393754,,,,,,,,2.864355,-2.266018,4.189198,18.74351,1,,-89.5994,-55.66389,-1691.254,0
49.741,4728,51,NOERROR,2,1,,,-51.69423,-4.5488,4.041451,18.70797,2.393754,,,,,,,,2.864355,-2.266018,4.189198,18.74351,1,,-89.5994,-55.88588,-1971.778,0
49.748,4729,51,NOERROR,2,1,,,-51.89592,-4.5488,4.041451,18.70797,2.408291,,,,,,,,2.864355,-2.266018,4.189198,18.74351,1,,-89.5994,-56.07985,-1782.051,0
49.756,4730,51,NOERROR,2,1,,,-52.09802,-4.5488,4.041451,18.70797,2.422378,,,,,,,,2.864355,-2.266018,4.189198,18.74351,1,,-89.5994,-56.30116,-2013.907,0
49.763,4731,51,NOERROR,2,1,,,-52.30718,-4.5488,4.041451,18.70797,2.422378,,,,,,,,2.864355,-2.266018,4.189198,18.74351,1,,-89.5994,-56.49453,-1713.022,0
49.771,4732,51,NOERROR,2,1,,,-52.51966,-4.5488,4.041451,18.70797,2.435266,,,,,,,,2.864355,-2.266018,4.189198,18.74351,1,,-89.5994,-56.71514,-1928.046,0
49.778,4733,51,NOERROR,2,1,,,-52.73007,-4.5488,4.041451,18.70797,2.435266,,,,,,,,2.864355,-2.266018,4.189198,18.74351,1,,-89.5994,-56.90788,-1695.045,0
49.786,4734,51,NOERROR,2,1,,,-52.94047,-4.460909,4.041451,18.70797,2.438113,,,,,,,,2.864355,-2.266018,4.189198,18.74351,1,,-89.5994,-57.12778,-1938.502,0
49.793,4735,51,NOERROR,2,1,,,-53.14714,-4.460909,4.041451,18.70797,2.447854,,,,,,,,2.864355,-2.266018,4.189198,18.74351,1,,-89.5994,-57.31989,-1725.861,0
49.801,4736,51,NOERROR,2,1,,,-53.35215,-4.460909,4.041451,18.70797,2.447854,,,,,,,,2.864355,-2.266018,4.189198,18.74351,1,,-89.5994,-57.53905,-1978.208,0
49.808,4737,51,NOERROR,2,1,,,-53.55675,-4.460909,4.041451,18.70797,2.457296,,,,,,,,2.864355,-2.266018,4.189198,18.74351,1,,-89.5994,-57.7305,-1743.975,0
49.816,4738,51,NOERROR,2,1,,,-53.76134,-4.460909,4.041451,18.70797,2.466737,,,,,,,,2.864355,-2.266018,4.189198,18.74351,1,,-89.5994,-57.94901,-1980.061,0
49.823,4739,51,NOERROR,2,1,,,-53.96677,-4.460909,4.041451,18.70797,2.466737,,,,,,,,2.864355,-2.266018,4.189198,18.74351,1,,-89.5994,-58.13978,-1734.22,0
49.831,4740,51,NOERROR,2,1,,,-54.16887,-4.460909,4.041451,18.70797,2.475579,,,,,,,,2.864355,-2.266018,4.189198,18.74351,1,,-89.5994,-58.35741,-1997.277,0
49.838,4741,51,NOERROR,2,1,,,-54.37056,-4.460909,4.041451,18.70797,2.475579,,,,,,,,2.864355,-2.266018,4.189198,18.74351,1,,-89.5994,-58.54748,-1768.674,0
49.845,4742,51,NOERROR,2,1,,,-54.57059,-4.373018,4.041451,18.70797,2.486819,,,,,,,,2.864355,-2.266018,4.189198,18.74351,1,,-89.5994,-58.73723,-1777.906,0
49.853,4743,51,NOERROR,2,1,,,-54.76979,-4.373018,4.041451,18.70797,2.497159,,,,,,,,2.864355,-2.266018,4.189198,18.74351,1,,-89.5994,-58.95366,-2013.952,0
49.86,4744,51,NOERROR,2,1,,,-54.9665,-4.373018,4.041451,18.70797,2.497159,,,,,,,,2.864355,-2.266018,4.189198,18.74351,1,,-89.5994,-59.1427,-1810.804,0
49.868,4745,51,NOERROR,2,1,,,-55.16944,-4.373018,4.041451,18.70797,2.508249,,,,,,,,2.864355,-2.266018,4.189198,18.74351,1,,-89.5994,-59.35831,-1985.979,0
49.875,4746,51,NOERROR,2,1,,,-55.37445,-4.373018,4.041451,18.70797,2.516042,,,,,,,,2.864355,-2.266018,4.189198,18.74351,1,,-89.5994,-59.5466,-1731.252,0
49.883,4747,51,NOERROR,2,1,,,-55.57655,-4.373018,4.129342,18.70797,2.516042,,,,,,,,2.864355,-2.266018,4.189198,18.74351,1,,-89.5994,-59.76134,-1988.089,0
49.89,4748,51,NOERROR,2,1,,,-55.77741,-4.373018,4.129342,18.70797,2.525933,,,,,,,,2.864355,-2.266018,4.189198,18.74351,1,,-89.5994,-59.94888,-1767.083,0
49.898,4749,51,NOERROR,2,1,,,-55.9762,-4.285128,4.129342,18.70797,2.525933,,,,,,,,2.864355,-2.266018,4.189198,18.74351,1,,-89.5994,-60.16275,-2011.874,0
49.905,4750,51,NOERROR,2,1,,,-56.17457,-4.285128,4.129342,18.70797,2.535824,,,,,,,,2.864355,-2.266018,4.189198,18.74351,1,,-89.5994,-60.34952,-1789.404,0
49.913,4751,51,NOERROR,2,1,,,-56.37169,-4.285128,4.129342,18.70797,2.547663,,,,,,,,2.864355,-2.266018,4.189198,18.74351,1,,-89.5994,-60.5625,-2024.112,0
49.92,4752,51,NOERROR,2,1,,,-56.56757,-4.285128,4.129342,18.70797,2.547663,,,,,,,,2.864355,-2.266018,4.189198,18.74351,1,,-89.5994,-60.74847,-1812.696,0
49.928,4753,51,NOERROR,2,1,,,-56.76221,-4.285128,4.129342,18.70797,2.556205,,,,,,,,2.864355,-2.266018,4.189198,18.74351,1,,-89.5994,-60.96063,-2044.345,0
49.935,4754,51,NOERROR,2,1,,,-56.95601,-4.285128,4.129342,18.70797,2.563998,,,,,,,,2.864355,-2.266018,4.189198,18.74351,1,,-89.5994,-61.14579,-1833.503,0
49.943,4755,51,NOERROR,2,1,,,-57.14567,-4.285128,4.129342,18.70797,2.563998,,,,,,,,2.864355,-2.266018,4.189198,18.74351,1,,-89.5994,-61.35692,-2084.631,0
49.95,4756,51,NOERROR,2,1,,,-57.33698,-4.285128,4.129342,18.70797,2.575687,,,,,,,,2.864355,-2.266018,4.189198,18.74351,1,,-89.5994,-61.54125,-1860.525,0
49.958,4757,51,NOERROR,2,1,,,-57.52788,-4.285128,4.217232,18.70797,2.575687,,,,,,,,2.864355,-2.266018,4.189198,18.74351,1,,-89.5994,-61.75142,-2079.129,0
49.965,4758,51,NOERROR,2,1,,,-57.71588,-4.285128,4.217232,18.70797,2.586028,,,,,,,,2.864355,-2.266018,4.189198,18.74351,1,,-89.5994,-61.93492,-1894.692,0
49.972,4759,51,NOERROR,2,1,,,-57.90927,-4.197237,4.217232,18.70797,2.600265,,,,,,,,2.864355,-2.266018,4.189198,18.74351,1,,-89.5994,-62.118,-1841.195,0
49.98,4760,51,NOERROR,2,1,,,-58.09768,-4.197237,4.217232,18.70797,2.600265,,,,,,,,2.864355,-2.266018,4.189198,18.74351,1,,-89.5994,-62.32674,-2096.336,0
49.987,4761,51,NOERROR,2,1,,,-58.28318,-4.197237,4.217232,18.70797,2.609856,,,,,,,,2.864355,-2.266018,4.189198,18.74351,1,,-89.5994,-62.50896,-1916.281,0
49.995,4762,51,NOERROR,2,1,,,-58.46993,-4.197237,4.217232,18.70797,2.609856,,,,,,,,2.864355,-2.266018,4.189198,18.74351,1,,-89.5994,-62.71669,-2114.496,0
50.002,4763,51,NOERROR,2,1,,,-58.65585,-4.197237,4.305123,18.70797,2.622294,,,,,,,,2.864355,-2.266018,4.189198,18.74351,1,,-89.5994,-62.89803,-1918.502,0
50.01,4764,51,NOERROR,2,1,,,-58.84302,-4.197237,4.305123,18.70797,2.631286,,,,,,,,2.864355,-2.266018,4.189198,18.74351,1,,-89.5994,-63.10474,-2116.251,0
50.017,4765,51,NOERROR,2,1,,,-59.03184,-4.197237,4.305123,18.70797,2.631286,,,,,,,,2.864355,-2.266018,4.189198,18.74351,1,,-89.5994,-63.28516,-1896.472,0
50.025,4766,51,NOERROR,2,1,,,-59.22731,-4.197237,4.305123,18.70797,2.639379,,,,,,,,2.864355,-2.266018,4.189198,18.74351,1,,-89.5994,-63.49093,-2053.846,0
50.032,4767,51,NOERROR,2,1,,,-59.41738,-4.109346,4.305123,18.70797,2.643275,,,,,,,,2.864355,-2.266018,4.189198,18.74351,1,,-89.5994,-63.67043,-1883.088,0
50.04,4768,51,NOERROR,2,1,,,-59.61077,-4.109346,4.305123,18.70797,2.643275,,,,,,,,2.864355,-2.266018,4.189198,18.74351,1,,-89.5994,-63.87503,-2066.579,0
50.047,4769,51,NOERROR,2,1,,,-59.79752,-4.109346,4.305123,18.70797,2.647771,,,,,,,,2.864355,-2.266018,4.189198,18.74351,1,,-89.5994,-64.0536,-1911.087,0
50.055,4770,51,NOERROR,2,1,,,-59.98302,-4.109346,4.393013,18.70797,2.647771,,,,,,,,2.864355,-2.266018,4.189198,18.74351,1,,-89.5994,-64.25713,-2126.146,0
50.062,4771,51,NOERROR,2,1,,,-60.16604,-4.109346,4.393013,18.70797,2.653016,,,,,,,,2.864355,-2.266018,4.189198,18.74351,1,,-89.5994,-64.43475,-1946.983,0
50.07,4772,51,NOERROR,2,1,,,-60.35154,-4.109346,4.393013,18.70797,2.663207,,,,,,,,2.864355,-2.266018,4.189198,18.74351,1,,-89.5994,-64.63717,-2129.001,0
50.077,4773,51,NOERROR,2,1,,,-60.53705,-4.109346,4.393013,18.70797,2.663207,,,,,,,,2.864355,-2.266018,4.189198,18.74351,1,,-89.5994,-64.8138,-1927.071,0
50.084,4774,51,NOERROR,2,1,,,-60.7267,-4.021456,4.393013,18.70797,2.677294,,,,,,,,2.864355,-2.266018,4.189198,18.74351,1,,-89.5994,-64.98999,-1883.276,0
50.092,4775,51,NOERROR,2,1,,,-60.91304,-4.021456,4.393013,18.70797,2.694078,,,,,,,,2.864355,-2.266018,4.189198,18.74351,1,,-89.5994,-65.19077,-2114.971,0
50.099,4776,51,NOERROR,2,1,,,-61.09855,-4.021456,4.480904,18.70797,2.694078,,,,,,,,2.864355,-2.266018,4.189198,18.74351,1,,-89.5994,-65.36597,-1918.767,0
50.107,4777,51,NOERROR,2,1,,,-61.28529,-4.021456,4.480904,18.70797,2.707866,,,,,,,,2.864355,-2.266018,4.189198,18.74351,1,,-89.5994,-65.5656,-2110.316,0
50.114,4778,51,NOERROR,2,1,,,-61.47163,-4.021456,4.480904,18.70797,2.707866,,,,,,,,2.864355,-2.266018,4.189198,18.74351,1,,-89.5994,-65.73978,-1909.357,0
50.122,4779,51,NOERROR,2,1,,,-61.66128,-4.021456,4.480904,18.70797,2.721054,,,,,,,,2.864355,-2.266018,4.189198,18.74351,1,,-89.5994,-65.93834,-2084.886,0
50.129,4780,51,NOERROR,2,1,,,-61.85384,-4.021456,4.568795,18.70797,2.730645,,,,,,,,2.864355,-2.266018,4.189198,18.74351,1,,-89.5994,-66.1115,-1847.236,0
50.137,4781,51,NOERROR,2,1,,,-62.04557,-4.021456,4.568795,18.70797,2.730645,,,,,,,,2.864355,-2.266018,4.189198,18.74351,1,,-89.5994,-66.30878,-2059.551,0
50.144,4782,51,NOERROR,2,1,,,-62.23606,-4.021456,4.568795,18.70797,2.73649,,,,,,,,2.864355,-2.266018,4.189198,18.74351,1,,-89.5994,-66.4809,-1856.567,0
50.152,4783,51,NOERROR,2,1,,,-62.42613,-4.021456,4.568795,18.70797,2.73649,,,,,,,,2.864355,-2.266018,4.189198,18.74351,1,,-89.5994,-66.67698,-2062.608,0
50.159,4784,51,NOERROR,2,1,,,-62.61081,-4.021456,4.656685,18.70797,2.74638,,,,,,,,2.864355,-2.266018,4.189198,18.74351,1,,-89.5994,-66.84804,-1900.517,0
50.167,4785,51,NOERROR,2,1,,,-62.79382,-4.021456,4.656685,18.70797,2.756871,,,,,,,,2.864355,-2.266018,4.189198,18.74351,1,,-89.5994,-67.04291,-2109.587,0
50.174,4786,51,NOERROR,2,1,,,-62.97517,-4.021456,4.656685,18.70797,2.756871,,,,,,,,2.864355,-2.266018,4.189198,18.74351,1,,-89.5994,-67.21289,-1926.386,0
50.182,4787,51,NOERROR,2,1,,,-63.15985,-4.021456,4.744576,18.70797,2.772906,,,,,,,,2.864355,-2.266018,4.189198,18.74351,1,,-89.5994,-67.40652,-2093.35,0
50.189,4788,51,NOERROR,2,1,,,-63.34536,-4.021456,4.744576,18.70797,2.784446,,,,,,,,2.864355,-2.266018,4.189198,18.74351,1,,-89.5994,-67.57542,-1884.305,0
50.196,4789,51,NOERROR,2,1,,,-63.53293,-4.021456,4.744576,18.70797,2.784446,,,,,,,,2.864355,-2.266018,4.189198,18.74351,1,,-89.5994,-67.74381,-1855.736,0
50.204,4790,51,NOERROR,2,1,,,-63.71719,-4.021456,4.744576,18.70797,2.793587,,,,,,,,2.864355,-2.266018,4.189198,18.74351,1,,-89.5994,-67.93561,-2077.773,0
50.211,4791,51,NOERROR,2,1,,,-63.90021,-4.021456,4.744576,18.70797,2.793587,,,,,,,,2.864355,-2.266018,4.189198,18.74351,1,,-89.5994,-68.10287,-1888.01,0
50.219,4792,51,NOERROR,2,1,,,-64.08032,-4.021456,4.832467,18.70797,2.80123,,,,,,,,2.864355,-2.266018,4.189198,18.74351,1,,-89.5994,-68.29349,-2101.651,0
50.226,4793,51,NOERROR,2,1,,,-64.26126,-4.021456,4.832467,18.70797,2.810072,,,,,,,,2.864355,-2.266018,4.189198,18.74351,1,,-89.5994,-68.45963,-1900.734,0
50.234,4794,51,NOERROR,2,1,,,-64.44511,-4.021456,4.832467,18.70797,2.810072,,,,,,,,2.864355,-2.266018,4.189198,18.74351,1,,-89.5994,-68.64886,-2066.944,0
50.241,4795,51,NOERROR,2,1,,,-64.62563,-4.021456,4.832467,18.70797,2.816516,,,,,,,,2.864355,-2.266018,4.189198,18.74351,1,,-89.5994,-68.81387,-1896.332,0
50.249,4796,51,NOERROR,2,1,,,-64.80948,-4.021456,4.832467,18.70797,2.820113,,,,,,,,2.864355,-2.266018,4.189198,18.74351,1,,-89.5994,-69.00179,-2057.987,0
50.256,4797,51,NOERROR,2,1,,,-64.99332,-4.021456,4.832467,18.70797,2.820113,,,,,,,,2.864355,-2.266018,4.189198,18.74351,1,,-89.5994,-69.16565,-1857.367,0
50.264,4798,51,NOERROR,2,1,,,-65.17799,-4.021456,4.832467,18.70797,2.820113,,,,,,,,2.864355,-2.266018,4.189198,18.74351,1,,-89.5994,-69.35223,-2039.796,0
50.271,4799,51,NOERROR,2,1,,,-65.35603,-4.021456,4.832467,18.70797,2.820113,,,,,,,,2.864355,-2.266018,4.189198,18.74351,1,,-89.5994,-69.51492,-1896.902,0
50.279,4800,51,NOERROR,2,1,,,-65.53448,-4.021456,4.832467,18.70797,2.82311,,,,,,,,2.864355,-2.266018,4.189198,18.74351,1,,-89.5994,-69.70017,-2076.294,0
50.286,4801,51,NOERROR,2,1,,,-65.7092,-4.021456,4.832467,18.70797,2.819963,,,,,,,,2.864355,-2.266018,4.189198,18.74351,1,,-89.5994,-69.86168,-1918.388,0
50.294,4802,51,NOERROR,2,1,,,-65.88225,-4.021456,4.744576,18.70797,2.819963,,,,,,,,2.864355,-2.266018,4.189198,18.74351,1,,-89.5994,-70.04557,-2109.198,0
50.301,4803,51,NOERROR,2,1,,,-66.0578,-4.021456,4.744576,18.70797,2.82296,,,,,,,,2.864355,-2.266018,4.189198,18.74351,1,,-89.5994,-70.20589,-1906.244,0
50.308,4804,51,NOERROR,2,1,,,-66.23583,-4.021456,4.744576,18.70797,2.824009,,,,,,,,2.864355,-2.266018,4.189198,18.74351,1,,-89.5994,-70.36564,-1875.169,0
50.316,4805,51,NOERROR,2,1,,,-66.41013,-4.021456,4.744576,18.70797,2.824009,,,,,,,,2.864355,-2.266018,4.189198,18.74351,1,,-89.5994,-70.5476,-2082.93,0
50.323,4806,51,NOERROR,2,1,,,-66.58111,-4.021456,4.656685,18.70797,2.832102,,,,,,,,2.864355,-2.266018,4.189198,18.74351,1,,-89.5994,-70.70614,-1927.968,0
50.331,4807,51,NOERROR,2,1,,,-66.75417,-4.021456,4.656685,18.70797,2.832102,,,,,,,,2.864355,-2.266018,4.189198,18.74351,1,,-89.5994,-70.88661,-2085.24,0
50.338,4808,51,NOERROR,2,1,,,-66.92183,-4.021456,4.656685,18.70797,2.83435,,,,,,,,2.864355,-2.266018,4.189198,18.74351,1,,-89.5994,-71.04392,-1950.153,0
50.346,4809,51,NOERROR,2,1,,,-67.09488,-4.021456,4.568795,18.70797,2.841693,,,,,,,,2.864355,-2.266018,4.189198,18.74351,1,,-89.5994,-71.22298,-2079.552,0
50.353,4810,51,NOERROR,2,1,,,-67.26545,-4.021456,4.568795,18.70797,2.841693,,,,,,,,2.864355,-2.266018,4.189198,18.74351,1,,-89.5994,-71.37906,-1919.347,0
50.361,4811,51,NOERROR,2,1,,,-67.43974,-4.021456,4.480904,18.70797,2.847688,,,,,,,,2.864355,-2.266018,4.189198,18.74351,1,,-89.5994,-71.55669,-2061.848,0
50.368,4812,51,NOERROR,2,1,,,-67.61239,-3.933565,4.480904,18.70797,2.847688,,,,,,,,2.864355,-2.266018,4.189198,18.74351,1,,-89.5994,-71.71151,-1892.08,0
50.376,4813,51,NOERROR,2,1,,,-67.78627,-3.933565,4.393013,18.70797,2.849636,,,,,,,,2.864355,-2.266018,4.189198,18.74351,1,,-89.5994,-71.88771,-2053.407,0
50.383,4814,51,NOERROR,2,1,,,-67.95393,-3.933565,4.393013,18.70797,2.849935,,,,,,,,2.864355,-2.266018,4.189198,18.74351,1,,-89.5994,-72.04126,-1923.458,0
50.391,4815,51,NOERROR,2,1,,,-68.12076,-3.933565,4.393013,18.70797,2.849935,,,,,,,,2.864355,-2.266018,4.189198,18.74351,1,,-89.5994,-72.216,-2094.728,0
50.398,4816,51,NOERROR,2,1,,,-68.28386,-3.933565,4.305123,18.70797,2.849636,,,,,,,,2.864355,-2.266018,4.189198,18.74351,1,,-89.5994,-72.36828,-1955.07,0
50.406,4817,51,NOERROR,2,1,,,-68.44446,-3.933565,4.305123,18.70797,2.85638,,,,,,,,2.864355,-2.266018,4.189198,18.74351,1,,-89.5994,-72.54156,-2133.284,0
50.413,4818,51,NOERROR,2,1,,,-68.60382,-3.933565,4.217232,18.70797,2.85638,,,,,,,,2.864355,-2.266018,4.189198,18.74351,1,,-89.5994,-72.69254,-1983.101,0
50.42,4819,51,NOERROR,2,1,,,-68.76484,-3.933565,4.217232,18.70797,2.863273,,,,,,,,2.864355,-2.266018,4.189198,18.74351,1,,-89.5994,-72.84291,-1963.441,0
50.428,4820,51,NOERROR,2,1,,,-68.92503,-3.933565,4.129342,18.70797,2.863273,,,,,,,,2.864355,-2.266018,4.189198,18.74351,1,,-89.5994,-73.01409,-2126.626,0
50.435,4821,51,NOERROR,2,1,,,-69.08605,-3.933565,4.129342,18.70797,2.876911,,,,,,,,2.864355,-2.266018,4.189198,18.74351,1,,-89.5994,-73.16315,-1959.611,0
50.443,4822,51,NOERROR,2,1,,,-69.2479,-3.845675,4.041451,18.70797,2.876011,,,,,,,,2.864355,-2.266018,4.189198,18.74351,1,,-89.5994,-73.33275,-2109.607,0
50.45,4823,51,NOERROR,2,1,,,-69.4056,-3.845675,4.041451,18.70797,2.876011,,,,,,,,2.864355,-2.266018,4.189198,18.74351,1,,-89.5994,-73.48051,-1980.948,0
50.458,4824,51,NOERROR,2,1,,,-69.56289,-3.845675,4.041451,18.70797,2.884254,,,,,,,,2.864355,-2.266018,4.189198,18.74351,1,,-89.5994,-73.64859,-2136.025,0
50.465,4825,51,NOERROR,2,1,,,-69.71809,-3.845675,3.95356,18.70797,2.890998,,,,,,,,2.864355,-2.266018,4.189198,18.74351,1,,-89.5994,-73.795,-1997.6,0
50.473,4826,51,NOERROR,2,1,,,-69.87164,-3.845675,3.95356,18.70797,2.890998,,,,,,,,2.864355,-2.266018,4.189198,18.74351,1,,-89.5994,-73.96156,-2158.273,0
50.48,4827,51,NOERROR,2,1,,,-70.0252,-3.845675,3.86567,18.70797,2.898041,,,,,,,,2.864355,-2.266018,4.189198,18.74351,1,,-89.5994,-74.10662,-2008.906,0
50.488,4828,51,NOERROR,2,1,,,-70.18248,-3.845675,3.86567,18.70797,2.898041,,,,,,,,2.864355,-2.266018,4.189198,18.74351,1,,-89.5994,-74.27164,-2129.936,0
50.495,4829,51,NOERROR,2,1,,,-70.3406,-3.845675,3.86567,18.70797,2.906434,,,,,,,,2.864355,-2.266018,4.189198,18.74351,1,,-89.5994,-74.41536,-1967.328,0
50.503,4830,51,NOERROR,2,1,,,-70.49664,-3.845675,3.777779,18.70797,2.907633,,,,,,,,2.864355,-2.266018,4.189198,18.74351,1,,-89.5994,-74.57882,-2130.58,0
50.51,4831,51,NOERROR,2,1,,,-70.6506,-3.845675,3.777779,18.70797,2.907633,,,,,,,,2.864355,-2.266018,4.189198,18.74351,1,,-89.5994,-74.72118,-1993.533,0
50.518,4832,51,NOERROR,2,1,,,-70.8054,-3.845675,3.777779,18.70797,2.908382,,,,,,,,2.864355,-2.266018,4.189198,18.74351,1,,-89.5994,-74.88316,-2132.633,0
50.525,4833,51,NOERROR,2,1,,,-70.95521,-3.845675,3.777779,18.70797,2.916474,,,,,,,,2.864355,-2.266018,4.189198,18.74351,1,,-89.5994,-75.02413,-2020.442,0
50.533,4834,51,NOERROR,2,1,,,-71.10835,-3.845675,3.689888,18.70797,2.916474,,,,,,,,2.864355,-2.266018,4.189198,18.74351,1,,-89.5994,-75.18446,-2138.196,0
50.54,4835,51,NOERROR,2,1,,,-71.25858,-3.845675,3.689888,18.70797,2.919022,,,,,,,,2.864355,-2.266018,4.189198,18.74351,1,,-89.5994,-75.32405,-2012.091,0
50.547,4836,51,NOERROR,2,1,,,-71.40964,-3.845675,3.689888,18.70797,2.919022,,,,,,,,2.864355,-2.266018,4.189198,18.74351,1,,-89.5994,-75.463,-1998.265,0
50.555,4837,51,NOERROR,2,1,,,-71.56319,-3.845675,3.689888,18.70797,2.928763,,,,,,,,2.864355,-2.266018,4.189198,18.74351,1,,-89.5994,-75.62099,-2120.601,0
50.562,4838,51,NOERROR,2,1,,,-71.71508,-3.845675,3.689888,18.70797,2.929812,,,,,,,,2.864355,-2.266018,4.189198,18.74351,1,,-89.5994,-75.75854,-1983.593,0
50.57,4839,51,NOERROR,2,1,,,-71.86987,-3.845675,3.689888,18.70797,2.929812,,,,,,,,2.864355,-2.266018,4.189198,18.74351,1,,-89.5994,-75.91492,-2102.248,0
50.577,4840,51,NOERROR,2,1,,,-72.02176,-3.845675,3.601998,18.70797,2.944349,,,,,,,,2.864355,-2.266018,4.189198,18.74351,1,,-89.5994,-76.05106,-1973.109,0
50.585,4841,51,NOERROR,2,1,,,-72.17531,-3.845675,3.601998,18.70797,2.944349,,,,,,,,2.864355,-2.266018,4.189198,18.74351,1,,-89.5994,-76.20583,-2098.948,0
50.592,4842,51,NOERROR,2,1,,,-72.32679,-3.845675,3.601998,18.70797,2.956937,,,,,,,,2.864355,-2.266018,4.189198,18.74351,1,,-89.5994,-76.34055,-1964.882,0
50.6,4843,51,NOERROR,2,1,,,-72.47619,-3.845675,3.601998,18.70797,2.968327,,,,,,,,2.864355,-2.266018,4.189198,18.74351,1,,-89.5994,-76.49371,-2114.769,0
50.607,4844,51,NOERROR,2,1,,,-72.62559,-3.845675,3.601998,18.70797,2.968327,,,,,,,,2.864355,-2.266018,4.189198,18.74351,1,,-89.5994,-76.627,-1970.701,0
50.615,4845,51,NOERROR,2,1,,,-72.7754,-3.845675,3.601998,18.70797,2.982863,,,,,,,,2.864355,-2.266018,4.189198,18.74351,1,,-89.5994,-76.77858,-2101.115,0
50.622,4846,51,NOERROR,2,1,,,-72.92563,-3.933565,3.601998,18.70797,2.982114,,,,,,,,2.864355,-2.266018,4.189198,18.74351,1,,-89.5994,-76.91044,-1952.685,0
50.63,4847,51,NOERROR,2,1,,,-73.07835,-3.933565,3.601998,18.70797,2.982114,,,,,,,,2.864355,-2.266018,4.189198,18.74351,1,,-89.5994,-77.0603,-2067.826,0
50.637,4848,51,NOERROR,2,1,,,-73.23273,-3.933565,3.689888,18.70797,2.991405,,,,,,,,2.864355,-2.266018,4.189198,18.74351,1,,-89.5994,-77.19071,-1904.55,0
50.645,4849,51,NOERROR,2,1,,,-73.38545,-3.933565,3.689888,18.70797,2.991405,,,,,,,,2.864355,-2.266018,4.189198,18.74351,1,,-89.5994,-77.33892,-2049.65,0
50.652,4850,51,NOERROR,2,1,,,-73.53609,-4.021456,3.689888,18.70797,2.990956,,,,,,,,2.864355,-2.266018,4.189198,18.74351,1,,-89.5994,-77.46789,-1916.168,0
50.659,4851,51,NOERROR,2,1,,,-73.68716,-4.021456,3.689888,18.70797,2.994703,,,,,,,,2.864355,-2.266018,4.189198,18.74351,1,,-89.5994,-77.59617,-1900.08,0
50.667,4852,51,NOERROR,2,1,,,-73.83033,-4.021456,3.689888,18.70797,2.994703,,,,,,,,2.864355,-2.266018,4.189198,18.74351,1,,-89.5994,-77.74194,-2082.553,0
50.674,4853,51,NOERROR,2,1,,,-73.97226,-4.109346,3.689888,18.70797,3.007591,,,,,,,,2.864355,-2.266018,4.189198,18.74351,1,,-89.5994,-77.86876,-1957.21,0
50.682,4854,51,NOERROR,2,1,,,-74.11419,-4.109346,3.689888,18.70797,3.009389,,,,,,,,2.864355,-2.266018,4.189198,18.74351,1,,-89.5994,-78.01285,-2079.489,0
50.689,4855,51,NOERROR,2,1,,,-74.25903,-4.109346,3.689888,18.70797,3.009389,,,,,,,,2.864355,-2.266018,4.189198,18.74351,1,,-89.5994,-78.1382,-1923.916,0
50.697,4856,51,NOERROR,2,1,,,-74.40427,-4.197237,3.689888,18.70797,3.014335,,,,,,,,2.864355,-2.266018,4.189198,18.74351,1,,-89.5994,-78.2806,-2043.814,0
50.704,4857,51,NOERROR,2,1,,,-74.55035,-4.197237,3.689888,18.70797,3.014335,,,,,,,,2.864355,-2.266018,4.189198,18.74351,1,,-89.5994,-78.40447,-1898.738,0
50.712,4858,51,NOERROR,2,1,,,-74.69685,-4.197237,3.689888,18.70797,3.00849,,,,,,,,2.864355,-2.266018,4.189198,18.74351,1,,-89.5994,-78.54525,-2018.176,0
50.719,4859,51,NOERROR,2,1,,,-74.83671,-4.197237,3.689888,18.70797,3.00849,,,,,,,,2.864355,-2.266018,4.189198,18.74351,1,,-89.5994,-78.66763,-1928.487,0
50.727,4860,51,NOERROR,2,1,,,-74.97739,-4.285128,3.689888,18.70797,3.00849,,,,,,,,2.864355,-2.266018,4.189198,18.74351,1,,-89.5994,-78.80663,-2039.965,0
50.734,4861,51,NOERROR,2,1,,,-75.11351,-4.285128,3.601998,18.70797,3.009839,,,,,,,,2.864355,-2.266018,4.189198,18.74351,1,,-89.5994,-78.92753,-1942.798,0
50.742,4862,51,NOERROR,2,1,,,-75.24548,-4.285128,3.601998,18.70797,3.009839,,,,,,,,2.864355,-2.266018,4.189198,18.74351,1,,-89.5994,-79.06483,-2082.694,0
50.749,4863,51,NOERROR,2,1,,,-75.37621,-4.285128,3.601998,18.70797,3.009089,,,,,,,,2.864355,-2.266018,4.189198,18.74351,1,,-89.5994,-79.18422,-1973.289,0
50.757,4864,51,NOERROR,2,1,,,-75.50694,-4.373018,3.514107,18.70797,3.00864,,,,,,,,2.864355,-2.266018,4.189198,18.74351,1,,-89.5994,-79.3198,-2082.386,0
50.764,4865,51,NOERROR,2,1,,,-75.63599,-4.373018,3.514107,18.70797,3.00864,,,,,,,,2.864355,-2.266018,4.189198,18.74351,1,,-89.5994,-79.43769,-1977.648,0
50.771,4866,51,NOERROR,2,1,,,-75.76838,-4.373018,3.426217,18.70797,3.005643,,,,,,,,2.864355,-2.266018,4.189198,18.74351,1,,-89.5994,-79.55488,-1945.688,0
50.779,4867,51,NOERROR,2,1,,,-75.90243,-4.373018,3.338326,18.70797,3.000248,,,,,,,,2.864355,-2.266018,4.189198,18.74351,1,,-89.5994,-79.68793,-2043.001,0
50.786,4868,51,NOERROR,2,1,,,-76.03232,-4.373018,3.338326,18.70797,3.000248,,,,,,,,2.864355,-2.266018,4.189198,18.74351,1,,-89.5994,-79.8036,-1951.411,0
50.794,4869,51,NOERROR,2,1,,,-76.16305,-4.373018,3.250435,18.70797,2.990507,,,,,,,,2.864355,-2.266018,4.189198,18.74351,1,,-89.5994,-79.93492,-2051.345,0
50.801,4870,51,NOERROR,2,1,,,-76.29336,-4.373018,3.162545,18.70797,2.990507,,,,,,,,2.864355,-2.266018,4.189198,18.74351,1,,-89.5994,-80.04908,-1937.028,0
50.809,4871,51,NOERROR,2,1,,,-76.42242,-4.373018,3.074654,18.70797,2.989757,,,,,,,,2.864355,-2.266018,4.189198,18.74351,1,,-89.5994,-80.17866,-2048.865,0
50.816,4872,51,NOERROR,2,1,,,-76.54526,-4.373018,2.986763,18.70797,2.98736,,,,,,,,2.864355,-2.266018,4.189198,18.74351,1,,-89.5994,-80.29134,-1978.537,0
50.824,4873,51,NOERROR,2,1,,,-76.66561,-4.373018,2.898873,18.70797,2.98736,,,,,,,,2.864355,-2.266018,4.189198,18.74351,1,,-89.5994,-80.41918,-2092.54,0
50.831,4874,51,NOERROR,2,1,,,-76.78679,-4.373018,2.810982,18.70797,2.982114,,,,,,,,2.864355,-2.266018,4.189198,18.74351,1,,-89.5994,-80.53029,-1984.057,0
50.839,4875,51,NOERROR,2,1,,,-76.90922,-4.373018,2.635201,18.70797,2.990057,,,,,,,,2.864355,-2.266018,4.189198,18.74351,1,,-89.5994,-80.65637,-2073.302,0
50.846,4876,51,NOERROR,2,1,,,-77.03538,-4.373018,2.54731,18.70797,2.990057,,,,,,,,2.864355,-2.266018,4.189198,18.74351,1,,-89.5994,-80.76595,-1940.935,0
50.854,4877,51,NOERROR,2,1,,,-77.16319,-4.373018,2.45942,18.70797,2.986161,,,,,,,,2.864355,-2.266018,4.189198,18.74351,1,,-89.5994,-80.89028,-2028.366,0
50.861,4878,51,NOERROR,2,1,,,-77.28936,-4.373018,2.283638,18.70797,2.986161,,,,,,,,2.864355,-2.266018,4.189198,18.74351,1,,-89.5994,-80.99831,-1926.302,0
50.869,4879,51,NOERROR,2,1,,,-77.41718,-4.373018,2.195748,18.70797,2.98661,,,,,,,,2.864355,-2.266018,4.189198,18.74351,1,,-89.5994,-81.12089,-2012.396,0
50.876,4880,51,NOERROR,2,1,,,-77.54126,-4.373018,2.019967,18.70797,3.000697,,,,,,,,2.864355,-2.266018,4.189198,18.74351,1,,-89.5994,-81.22737,-1924.976,0
50.883,4881,51,NOERROR,2,1,,,-77.66534,-4.373018,1.932076,18.70797,3.000697,,,,,,,,2.864355,-2.266018,4.189198,18.74351,1,,-89.5994,-81.33315,-1914.165,0
50.891,4882,51,NOERROR,2,1,,,-77.78196,-4.373018,1.844185,18.70797,2.998,,,,,,,,2.864355,-2.266018,4.189198,18.74351,1,,-89.5994,-81.45313,-2052.617,0
50.898,4883,51,NOERROR,2,1,,,-77.89816,-4.373018,1.668404,18.70797,3.007591,,,,,,,,2.864355,-2.266018,4.189198,18.74351,1,,-89.5994,-81.55735,-1957.012,0
50.906,4884,51,NOERROR,2,1,,,-78.0098,-4.373018,1.580513,18.70797,3.007591,,,,,,,,2.864355,-2.266018,4.189198,18.74351,1,,-89.5994,-81.67558,-2072.407,0
50.913,4885,51,NOERROR,2,1,,,-78.12434,-4.373018,1.492623,18.70797,3.018531,,,,,,,,2.864355,-2.266018,4.189198,18.74351,1,,-89.5994,-81.77825,-1960.999,0
50.921,4886,51,NOERROR,2,1,,,-78.24386,-4.373018,1.404732,18.70797,3.018531,,,,,,,,2.864355,-2.266018,4.189198,18.74351,1,,-89.5994,-81.89475,-2017.735,0
50.928,4887,51,NOERROR,2,1,,,-78.36296,-4.373018,1.228951,18.70797,3.025874,,,,,,,,2.864355,-2.266018,4.189198,18.74351,1,,-89.5994,-81.99587,-1917.639,0
50.936,4888,51,NOERROR,2,1,,,-78.48497,-4.373018,1.14106,18.70797,3.029921,,,,,,,,2.864355,-2.266018,4.189198,18.74351,1,,-89.5994,-82.11055,-1986.772,0
50.943,4889,51,NOERROR,2,1,,,-78.60657,-4.373018,1.05317,18.70797,3.029921,,,,,,,,2.864355,-2.266018,4.189198,18.74351,1,,-89.5994,-82.21012,-1883.077,0
50.951,4890,51,NOERROR,2,1,,,-78.72982,-4.373018,0.9652791,18.70797,3.02977,,,,,,,,2.864355,-2.266018,4.189198,18.74351,1,,-89.5994,-82.32301,-1959.305,0
50.958,4891,51,NOERROR,2,1,,,-78.84727,-4.373018,0.8773885,18.70797,3.02977,,,,,,,,2.864355,-2.266018,4.189198,18.74351,1,,-89.5994,-82.42103,-1891.264,0
50.966,4892,51,NOERROR,2,1,,,-78.96554,-4.373018,0.7894979,18.70797,3.031119,,,,,,,,2.864355,-2.266018,4.189198,18.74351,1,,-89.5994,-82.53214,-1969.469,0
50.973,4893,51,NOERROR,2,1,,,-79.07883,-4.373018,0.7016072,18.70797,3.033517,,,,,,,,2.864355,-2.266018,4.189198,18.74351,1,,-89.5994,-82.6286,-1901.737,0
50.981,4894,51,NOERROR,2,1,,,-79.18632,-4.460909,0.6137166,18.70797,3.033517,,,,,,,,2.864355,-2.266018,4.189198,18.74351,1,,-89.5994,-82.73793,-2015.549,0
50.988,4895,51,NOERROR,2,1,,,-79.29173,-4.460909,0.525826,18.70797,3.042359,,,,,,,,2.864355,-2.266018,4.189198,18.74351,1,,-89.5994,-82.83283,-1941.782,0
50.995,4896,51,NOERROR,2,1,,,-79.39797,-4.460909,0.4379354,18.70797,3.06289,,,,,,,,2.864355,-2.266018,4.189198,18.74351,1,,-89.5994,-82.92699,-1929.003,0
51.003,4897,51,NOERROR,2,1,,,-79.50338,-4.460909,0.4379354,18.70797,3.06289,,,,,,,,2.864355,-2.266018,4.189198,18.74351,1,,-89.5994,-83.03372,-2009.274,0
51.01,4898,51,NOERROR,2,1,,,-79.61004,-4.5488,0.3500447,18.70797,3.070083,,,,,,,,2.864355,-2.266018,4.189198,18.74351,1,,-89.5994,-83.12633,-1916.239,0
51.018,4899,51,NOERROR,2,1,,,-79.71793,-4.5488,0.2621541,18.70797,3.070083,,,,,,,,2.864355,-2.266018,4.189198,18.74351,1,,-89.5994,-83.23132,-1983.509,0
51.025,4900,51,NOERROR,2,1,,,-79.82625,-4.5488,0.1742635,18.70797,3.065288,,,,,,,,2.864355,-2.266018,4.189198,18.74351,1,,-89.5994,-83.32236,-1892.285,0
51.033,4901,51,NOERROR,2,1,,,-79.9383,-4.5488,0.08637285,18.70797,3.06304,,,,,,,,2.864355,-2.266018,4.189198,18.74351,1,,-89.5994,-83.42551,-1943.891,0
51.04,4902,51,NOERROR,2,1,,,-80.04993,-4.5488,-0.001517773,18.70797,3.06304,,,,,,,,2.864355,-2.266018,4.189198,18.74351,1,,-89.5994,-83.51499,-1852.651,0
51.048,4903,51,NOERROR,2,1,,,-80.15908,-4.5488,-0.0894084,18.70797,3.055247,,,,,,,,2.864355,-2.266018,4.189198,18.74351,1,,-89.5994,-83.61636,-1940.11,0
51.055,4904,51,NOERROR,2,1,,,-80.26408,-4.63669,-0.177299,18.70797,3.037414,,,,,,,,2.864355,-2.266018,4.189198,18.74351,1,,-89.5994,-83.70428,-1876.881,0
51.063,4905,51,NOERROR,2,1,,,-80.36451,-4.63669,-0.2651896,18.70797,3.037414,,,,,,,,2.864355,-2.266018,4.189198,18.74351,1,,-89.5994,-83.80386,-1971.807,0
51.07,4906,51,NOERROR,2,1,,,-80.45954,-4.63669,-0.4409709,18.70797,3.045056,,,,,,,,2.864355,-2.266018,4.189198,18.74351,1,,-89.5994,-83.89023,-1926.225,0
51.078,4907,51,NOERROR,2,1,,,-80.55209,-4.63669,-0.5288615,18.70797,3.045056,,,,,,,,2.864355,-2.266018,4.189198,18.74351,1,,-89.5994,-83.98803,-2004.776,0
51.085,4908,51,NOERROR,2,1,,,-80.64297,-4.63669,-0.6167521,18.70797,3.059893,,,,,,,,2.864355,-2.266018,4.189198,18.74351,1,,-89.5994,-84.07283,-1944.981,0
51.093,4909,51,NOERROR,2,1,,,-80.73054,-4.63669,-0.7046428,18.70797,3.058544,,,,,,,,2.864355,-2.266018,4.189198,18.74351,1,,-89.5994,-84.16885,-2025.346,0
51.1,4910,51,NOERROR,2,1,,,-80.82142,-4.63669,-0.880424,18.70797,3.058544,,,,,,,,2.864355,-2.266018,4.189198,18.74351,1,,-89.5994,-84.25209,-1941.428,0
51.108,4911,51,NOERROR,2,1,,,-80.91314,-4.63669,-0.9683146,18.70797,3.055547,,,,,,,,2.864355,-2.266018,4.189198,18.74351,1,,-89.5994,-84.34637,-1998.461,0
51.115,4912,51,NOERROR,2,1,,,-81.00651,-4.63669,-1.144096,18.70797,3.053449,,,,,,,,2.864355,-2.266018,4.189198,18.74351,1,,-89.5994,-84.42806,-1919.153,0
51.122,4913,51,NOERROR,2,1,,,-81.10113,-4.63669,-1.231987,18.70797,3.053449,,,,,,,,2.864355,-2.266018,4.189198,18.74351,1,,-89.5994,-84.50902,-1903.53,0
51.13,4914,51,NOERROR,2,1,,,-81.197,-4.63669,-1.319877,18.70797,3.038313,,,,,,,,2.864355,-2.266018,4.189198,18.74351,1,,-89.5994,-84.60065,-1956.801,0
51.137,4915,51,NOERROR,2,1,,,-81.2912,-4.63669,-1.495658,18.70797,3.038313,,,,,,,,2.864355,-2.266018,4.189198,18.74351,1,,-89.5994,-84.68005,-1892.584,0
51.145,4916,51,NOERROR,2,1,,,-81.38789,-4.63669,-1.67144,18.70797,3.027822,,,,,,,,2.864355,-2.266018,4.189198,18.74351,1,,-89.5994,-84.76991,-1937.561,0
51.152,4917,51,NOERROR,2,1,,,-81.48044,-4.63669,-1.75933,18.70797,3.029921,,,,,,,,2.864355,-2.266018,4.189198,18.74351,1,,-89.5994,-84.84776,-1887.306,0
51.16,4918,51,NOERROR,2,1,,,-81.56801,-4.63669,-1.935112,18.70797,3.029921,,,,,,,,2.864355,-2.266018,4.189198,18.74351,1,,-89.5994,-84.93584,-1970.382,0
51.167,4919,51,NOERROR,2,1,,,-81.65391,-4.63669,-2.023002,18.70797,3.036664,,,,,,,,2.864355,-2.266018,4.189198,18.74351,1,,-89.5994,-85.01215,-1915.247,0
51.175,4920,51,NOERROR,2,1,,,-81.73608,-4.63669,-2.198783,18.70797,3.036664,,,,,,,,2.864355,-2.266018,4.189198,18.74351,1,,-89.5994,-85.09846,-1988.407,0
51.182,4921,51,NOERROR,2,1,,,-81.81783,-4.63669,-2.374565,18.70797,3.050901,,,,,,,,2.864355,-2.266018,4.189198,18.74351,1,,-89.5994,-85.17323,-1931.853,0
51.19,4922,51,NOERROR,2,1,,,-81.90042,-4.63669,-2.462455,18.70797,3.060343,,,,,,,,2.864355,-2.266018,4.189198,18.74351,1,,-89.5994,-85.25778,-1979.555,0
51.197,4923,51,NOERROR,2,1,,,-81.98051,-4.63669,-2.638237,18.70797,3.060343,,,,,,,,2.864355,-2.266018,4.189198,18.74351,1,,-89.5994,-85.33099,-1934.086,0
51.205,4924,51,NOERROR,2,1,,,-82.0602,-4.5488,-2.814018,18.70797,3.047754,,,,,,,,2.864355,-2.266018,4.189198,18.74351,1,,-89.5994,-85.41383,-1986.64,0
51.212,4925,51,NOERROR,2,1,,,-82.13946,-4.5488,-2.989799,18.70797,3.036814,,,,,,,,2.864355,-2.266018,4.189198,18.74351,1,,-89.5994,-85.48551,-1932.301,0
51.22,4926,51,NOERROR,2,1,,,-82.22329,-4.5488,-3.07769,18.70797,3.036814,,,,,,,,2.864355,-2.266018,4.189198,18.74351,1,,-89.5994,-85.56654,-1957.852,0
51.227,4927,51,NOERROR,2,1,,,-82.30546,-4.5488,-3.253471,18.70797,3.039811,,,,,,,,2.864355,-2.266018,4.189198,18.74351,1,,-89.5994,-85.63669,-1905.99,0
51.234,4928,51,NOERROR,2,1,,,-82.38805,-4.5488,-3.341362,18.70797,3.039811,,,,,,,,2.864355,-2.266018,4.189198,18.74351,1,,-89.5994,-85.70612,-1895.512,0
51.242,4929,51,NOERROR,2,1,,,-82.46814,-4.5488,-3.517143,18.70797,3.043858,,,,,,,,2.864355,-2.266018,4.189198,18.74351,1,,-89.5994,-85.78459,-1955.344,0
51.249,4930,51,NOERROR,2,1,,,-82.5499,-4.5488,-3.692924,18.70797,3.038612,,,,,,,,2.864355,-2.266018,4.189198,18.74351,1,,-89.5994,-85.8525,-1888.367,0
51.257,4931,51,NOERROR,2,1,,,-82.63123,-4.5488,-3.780815,18.70797,3.038612,,,,,,,,2.864355,-2.266018,4.189198,18.74351,1,,-89.5994,-85.92923,-1936.143,0
51.264,4932,51,NOERROR,2,1,,,-82.70926,-4.5488,-3.956596,18.70797,3.040561,,,,,,,,2.864355,-2.266018,4.189198,18.74351,1,,-89.5994,-85.99561,-1895.748,0
51.272,4933,51,NOERROR,2,1,,,-82.78437,-4.460909,-4.044487,18.70797,3.053449,,,,,,,,2.864355,-2.266018,4.189198,18.74351,1,,-89.5994,-86.07061,-1954.023,0
51.279,4934,51,NOERROR,2,1,,,-82.85575,-4.460909,-4.220268,18.70797,3.053449,,,,,,,,2.864355,-2.266018,4.189198,18.74351,1,,-89.5994,-86.13548,-1921.8,0
51.287,4935,51,NOERROR,2,1,,,-82.92921,-4.460909,-4.308158,18.70797,3.060043,,,,,,,,2.864355,-2.266018,4.189198,18.74351,1,,-89.5994,-86.20875,-1953.631,0
51.294,4936,51,NOERROR,2,1,,,-82.99934,-4.460909,-4.48394,18.70797,3.060043,,,,,,,,2.864355,-2.266018,4.189198,18.74351,1,,-89.5994,-86.2721,-1920.568,0
51.302,4937,51,NOERROR,2,1,,,-83.06823,-4.460909,-4.57183,18.70797,3.058244,,,,,,,,2.864355,-2.266018,4.189198,18.74351,1,,-89.5994,-86.34365,-1967.009,0
51.309,4938,51,NOERROR,2,1,,,-83.13961,-4.460909,-4.659721,18.70797,3.057195,,,,,,,,2.864355,-2.266018,4.189198,18.74351,1,,-89.5994,-86.40551,-1907.326,0
51.317,4939,51,NOERROR,2,1,,,-83.20767,-4.460909,-4.835502,18.70797,3.057195,,,,,,,,2.864355,-2.266018,4.189198,18.74351,1,,-89.5994,-86.47538,-1962.446,0
51.324,4940,51,NOERROR,2,1,,,-83.27573,-4.460909,-4.923393,18.70797,3.059293,,,,,,,,2.864355,-2.266018,4.189198,18.74351,1,,-89.5994,-86.53574,-1916.623,0
51.332,4941,51,NOERROR,2,1,,,-83.34545,-4.460909,-5.011283,18.70797,3.059293,,,,,,,,2.864355,-2.266018,4.189198,18.74351,1,,-89.5994,-86.60387,-1946.354,0
51.339,4942,51,NOERROR,2,1,,,-83.41268,-4.460909,-5.187065,18.70797,3.06259,,,,,,,,2.864355,-2.266018,4.189198,18.74351,1,,-89.5994,-86.66274,-1911.918,0
51.346,4943,51,NOERROR,2,1,,,-83.47991,-4.460909,-5.274955,18.70797,3.069784,,,,,,,,2.864355,-2.266018,4.189198,18.74351,1,,-89.5994,-86.72092,-1905.698,0
51.354,4944,51,NOERROR,2,1,,,-83.54507,-4.460909,-5.362846,18.70797,3.069784,,,,,,,,2.864355,-2.266018,4.189198,18.74351,1,,-89.5994,-86.78657,-1951.036,0
51.361,4945,51,NOERROR,2,1,,,-83.61147,-4.460909,-5.450737,18.70797,3.082672,,,,,,,,2.864355,-2.266018,4.189198,18.74351,1,,-89.5994,-86.84327,-1901.33,0
51.369,4946,51,NOERROR,2,1,,,-83.67745,-4.460909,-5.450737,18.70797,3.087617,,,,,,,,2.864355,-2.266018,4.189198,18.74351,1,,-89.5994,-86.90723,-1937.477,0
51.376,4947,51,NOERROR,2,1,,,-83.74717,-4.460909,-5.538627,18.70797,3.087617,,,,,,,,2.864355,-2.266018,4.189198,18.74351,1,,-89.5994,-86.96247,-1873.642,0
51.384,4948,51,NOERROR,2,1,,,-83.81316,-4.5488,-5.626518,18.70797,3.075029,,,,,,,,2.864355,-2.266018,4.189198,18.74351,1,,-89.5994,-87.02476,-1924.278,0
51.391,4949,51,NOERROR,2,1,,,-83.87748,-4.5488,-5.714408,18.70797,3.075029,,,,,,,,2.864355,-2.266018,4.189198,18.74351,1,,-89.5994,-87.07854,-1888.487,0
51.399,4950,51,NOERROR,2,1,,,-83.9389,-4.5488,-5.714408,18.70797,3.060492,,,,,,,,2.864355,-2.266018,4.189198,18.74351,1,,-89.5994,-87.13916,-1933.378,0
51.406,4951,51,NOERROR,2,1,,,-83.99534,-4.5488,-5.802299,18.70797,3.058994,,,,,,,,2.864355,-2.266018,4.189198,18.74351,1,,-89.5994,-87.19148,-1918.06,0
51.414,4952,51,NOERROR,2,1,,,-84.05386,-4.63669,-5.802299,18.70797,3.058994,,,,,,,,2.864355,-2.266018,4.189198,18.74351,1,,-89.5994,-87.25049,-1939.249,0
51.421,4953,51,NOERROR,2,1,,,-84.11279,-4.63669,-5.89019,18.70797,3.070683,,,,,,,,2.864355,-2.266018,4.189198,18.74351,1,,-89.5994,-87.30138,-1899.609,0
51.429,4954,51,NOERROR,2,1,,,-84.17213,-4.63669,-5.89019,18.70797,3.080274,,,,,,,,2.864355,-2.266018,4.189198,18.74351,1,,-89.5994,-87.35871,-1926.689,0
51.436,4955,51,NOERROR,2,1,,,-84.23106,-4.63669,-5.97808,18.70797,3.080274,,,,,,,,2.864355,-2.266018,4.189198,18.74351,1,,-89.5994,-87.40816,-1890.298,0
51.444,4956,51,NOERROR,2,1,,,-84.2875,-4.724581,-5.97808,18.70797,3.083571,,,,,,,,2.864355,-2.266018,4.189198,18.74351,1,,-89.5994,-87.46387,-1929.166,0
51.451,4957,51,NOERROR,2,1,,,-84.34353,-4.724581,-5.97808,18.70797,3.083571,,,,,,,,2.864355,-2.266018,4.189198,18.74351,1,,-89.5994,-87.51191,-1895.256,0
51.458,4958,51,NOERROR,2,1,,,-84.40246,-4.724581,-6.065971,18.70797,3.089865,,,,,,,,2.864355,-2.266018,4.189198,18.74351,1,,-89.5994,-87.55928,-1875.011,0
51.466,4959,51,NOERROR,2,1,,,-84.46056,-4.812471,-6.065971,18.70797,3.100056,,,,,,,,2.864355,-2.266018,4.189198,18.74351,1,,-89.5994,-87.61262,-1904.547,0
51.473,4960,51,NOERROR,2,1,,,-84.51865,-4.812471,-6.065971,18.70797,3.100056,,,,,,,,2.864355,-2.266018,4.189198,18.74351,1,,-89.5994,-87.65859,-1866.861,0
51.481,4961,51,NOERROR,2,1,,,-84.57551,-4.812471,-6.065971,18.70797,3.111146,,,,,,,,2.864355,-2.266018,4.189198,18.74351,1,,-89.5994,-87.71033,-1896.968,0
51.488,4962,51,NOERROR,2,1,,,-84.6278,-4.900362,-6.065971,18.70797,3.113544,,,,,,,,2.864355,-2.266018,4.189198,18.74351,1,,-89.5994,-87.75491,-1882.291,0
51.496,4963,51,NOERROR,2,1,,,-84.67719,-4.900362,-6.065971,18.70797,3.113544,,,,,,,,2.864355,-2.266018,4.189198,18.74351,1,,-89.5994,-87.80507,-1918.506,0
51.503,4964,51,NOERROR,2,1,,,-84.72325,-4.900362,-6.065971,18.70797,3.108298,,,,,,,,2.864355,-2.266018,4.189198,18.74351,1,,-89.5994,-87.84827,-1903.66,0
51.511,4965,51,NOERROR,2,1,,,-84.76932,-4.988253,-6.065971,18.70797,3.108298,,,,,,,,2.864355,-2.266018,4.189198,18.74351,1,,-89.5994,-87.89688,-1926.831,0
51.518,4966,51,NOERROR,2,1,,,-84.81704,-4.988253,-6.065971,18.70797,3.099756,,,,,,,,2.864355,-2.266018,4.189198,18.74351,1,,-89.5994,-87.93871,-1891.74,0
51.526,4967,51,NOERROR,2,1,,,-84.86642,-5.076143,-6.065971,18.70797,3.091064,,,,,,,,2.864355,-2.266018,4.189198,18.74351,1,,-89.5994,-87.98574,-1906.303,0
51.533,4968,51,NOERROR,2,1,,,-84.91249,-5.076143,-6.065971,18.70797,3.091064,,,,,,,,2.864355,-2.266018,4.189198,18.74351,1,,-89.5994,-88.02622,-1891.152,0
51.541,4969,51,NOERROR,2,1,,,-84.95731,-5.076143,-6.065971,18.70797,3.082073,,,,,,,,2.864355,-2.266018,4.189198,18.74351,1,,-89.5994,-88.07172,-1917.001,0
51.548,4970,51,NOERROR,2,1,,,-85.00172,-5.164034,-6.065971,18.70797,3.082073,,,,,,,,2.864355,-2.266018,4.189198,18.74351,1,,-89.5994,-88.11086,-1892.17,0
51.556,4971,51,NOERROR,2,1,,,-85.04156,-5.164034,-6.065971,18.70797,3.070083,,,,,,,,2.864355,-2.266018,4.189198,18.74351,1,,-89.5994,-88.15482,-1930.523,0
51.563,4972,51,NOERROR,2,1,,,-85.07932,-5.251925,-6.065971,18.70797,3.061691,,,,,,,,2.864355,-2.266018,4.189198,18.74351,1,,-89.5994,-88.19263,-1916.69,0
51.57,4973,51,NOERROR,2,1,,,-85.11086,-5.251925,-5.97808,18.70797,3.061691,,,,,,,,2.864355,-2.266018,4.189198,18.74351,1,,-89.5994,-88.22983,-1940.865,0
51.578,4974,51,NOERROR,2,1,,,-85.13991,-5.251925,-5.97808,18.70797,3.059443,,,,,,,,2.864355,-2.266018,4.189198,18.74351,1,,-89.5994,-88.27158,-1970.82,0
51.585,4975,51,NOERROR,2,1,,,-85.17062,-5.339815,-5.97808,18.70797,3.06334,,,,,,,,2.864355,-2.266018,4.189198,18.74351,1,,-89.5994,-88.30747,-1949.242,0
51.593,4976,51,NOERROR,2,1,,,-85.2005,-5.339815,-5.97808,18.70797,3.06334,,,,,,,,2.864355,-2.266018,4.189198,18.74351,1,,-89.5994,-88.34774,-1971.929,0
51.6,4977,51,NOERROR,2,1,,,-85.22831,-5.427706,-5.97808,18.70797,3.075029,,,,,,,,2.864355,-2.266018,4.189198,18.74351,1,,-89.5994,-88.38234,-1964.596,0
51.608,4978,51,NOERROR,2,1,,,-85.25819,-5.427706,-5.97808,18.70797,3.075029,,,,,,,,2.864355,-2.266018,4.189198,18.74351,1,,-89.5994,-88.42117,-1975.979,0
51.615,4979,51,NOERROR,2,1,,,-85.28973,-5.427706,-5.97808,18.70797,3.081923,,,,,,,,2.864355,-2.266018,4.189198,18.74351,1,,-89.5994,-88.45449,-1953.467,0
51.623,4980,51,NOERROR,2,1,,,-85.31545,-5.515596,-5.97808,18.70797,3.077577,,,,,,,,2.864355,-2.266018,4.189198,18.74351,1,,-89.5994,-88.49185,-1992.32,0
51.63,4981,51,NOERROR,2,1,,,-85.33828,-5.515596,-5.97808,18.70797,3.077577,,,,,,,,2.864355,-2.266018,4.189198,18.74351,1,,-89.5994,-88.52391,-1990.481,0
51.638,4982,51,NOERROR,2,1,,,-85.36443,-5.515596,-5.97808,18.70797,3.069484,,,,,,,,2.864355,-2.266018,4.189198,18.74351,1,,-89.5994,-88.55984,-1996.654,0
51.645,4983,51,NOERROR,2,1,,,-85.39223,-5.603487,-5.97808,18.70797,3.068285,,,,,,,,2.864355,-2.266018,4.189198,18.74351,1,,-89.5994,-88.59065,-1976.738,0
51.653,4984,51,NOERROR,2,1,,,-85.41672,-5.603487,-5.97808,18.70797,3.068285,,,,,,,,2.864355,-2.266018,4.189198,18.74351,1,,-89.5994,-88.62517,-2004.756,0
51.66,4985,51,NOERROR,2,1,,,-85.43788,-5.603487,-5.97808,18.70797,3.066637,,,,,,,,2.864355,-2.266018,4.189198,18.74351,1,,-89.5994,-88.65476,-2004.985,0
51.668,4986,51,NOERROR,2,1,,,-85.45946,-5.603487,-5.97808,18.70797,3.066637,,,,,,,,2.864355,-2.266018,4.189198,18.74351,1,,-89.5994,-88.68788,-2020.105,0
51.675,4987,51,NOERROR,2,1,,,-85.48519,-5.691378,-5.97808,18.70797,3.066637,,,,,,,,2.864355,-2.266018,4.189198,18.74351,1,,-89.5994,-88.71627,-1993.705,0
51.683,4988,51,NOERROR,2,1,,,-85.50967,-5.691378,-5.97808,18.70797,3.068135,,,,,,,,2.864355,-2.266018,4.189198,18.74351,1,,-89.5994,-88.74802,-2012.369,0
51.69,4989,51,NOERROR,2,1,,,-85.53333,-5.691378,-5.97808,18.70797,3.068135,,,,,,,,2.864355,-2.266018,4.189198,18.74351,1,,-89.5994,-88.77521,-2002.925,0
51.697,4990,51,NOERROR,2,1,,,-85.55782,-5.691378,-5.97808,18.70797,3.069784,,,,,,,,2.864355,-2.266018,4.189198,18.74351,1,,-89.5994,-88.80185,-1999.829,0
51.705,4991,51,NOERROR,2,1,,,-85.58562,-5.779268,-5.97808,18.70797,3.069185,,,,,,,,2.864355,-2.266018,4.189198,18.74351,1,,-89.5994,-88.83164,-2000.475,0
51.712,4992,51,NOERROR,2,1,,,-85.61384,-5.779268,-5.97808,18.70797,3.069185,,,,,,,,2.864355,-2.266018,4.189198,18.74351,1,,-89.5994,-88.85712,-1983.733,0
51.72,4993,51,NOERROR,2,1,,,-85.6404,-5.779268,-5.97808,18.70797,3.069185,,,,,,,,2.864355,-2.266018,4.189198,18.74351,1,,-89.5994,-88.88557,-2000.67,0
51.727,4994,51,NOERROR,2,1,,,-85.66655,-5.779268,-6.065971,18.70797,3.069185,,,,,,,,2.864355,-2.266018,4.189198,18.74351,1,,-89.5994,-88.9099,-1987.964,0
51.735,4995,51,NOERROR,2,1,,,-85.69228,-5.779268,-6.065971,18.70797,3.074729,,,,,,,,2.864355,-2.266018,4.189198,18.74351,1,,-89.5994,-88.93706,-1999.839,0
51.742,4996,51,NOERROR,2,1,,,-85.71344,-5.867159,-6.065971,18.70797,3.088217,,,,,,,,2.864355,-2.266018,4.189198,18.74351,1,,-89.5994,-88.96027,-2003.382,0
51.75,4997,51,NOERROR,2,1,,,-85.73045,-5.867159,-6.065971,18.70797,3.088217,,,,,,,,2.864355,-2.266018,4.189198,18.74351,1,,-89.5994,-88.98615,-2028.862,0
51.757,4998,51,NOERROR,2,1,,,-85.74581,-5.867159,-6.065971,18.70797,3.107699,,,,,,,,2.864355,-2.266018,4.189198,18.74351,1,,-89.5994,-89.00825,-2026.524,0
51.765,4999,51,NOERROR,2,1,,,-85.76366,-5.867159,-6.065971,18.70797,3.107699,,,,,,,,2.864355,-2.266018,4.189198,18.74351,1,,-89.5994,-89.03288,-2029.825,0
51.772,5000,51,NOERROR,2,1,,,-85.78648,-5.867159,-6.153862,18.70797,3.125832,,,,,,,,2.864355,-2.266018,4.189198,18.74351,1,,-89.5994,-89.05389,-2002.435,0
51.78,5001,51,NOERROR,2,1,,,-85.80848,-5.95505,-6.153862,18.70797,3.12883,,,,,,,,2.864355,-2.266018,4.189198,18.74351,1,,-89.5994,-89.07729,-2013.834,0
51.787,5002,51,NOERROR,2,1,,,-85.82715,-5.95505,-6.153862,18.70797,3.12883,,,,,,,,2.864355,-2.266018,4.189198,18.74351,1,,-89.5994,-89.09724,-2014.467,0
51.795,5003,51,NOERROR,2,1,,,-85.84583,-5.95505,-6.153862,18.70797,3.12883,,,,,,,,2.864355,-2.266018,4.189198,18.74351,1,,-89.5994,-89.11944,-2023.28,0
51.802,5004,51,NOERROR,2,1,,,-85.86616,-5.95505,-6.153862,18.70797,3.125233,,,,,,,,2.864355,-2.266018,4.189198,18.74351,1,,-89.5994,-89.13834,-2007.514,0
51.809,5005,51,NOERROR,2,1,,,-85.89106,-5.95505,-6.241752,18.70797,3.125233,,,,,,,,2.864355,-2.266018,4.189198,18.74351,1,,-89.5994,-89.15677,-1988.094,0
51.817,5006,51,NOERROR,2,1,,,-85.9143,-5.95505,-6.241752,18.70797,3.120288,,,,,,,,2.864355,-2.266018,4.189198,18.74351,1,,-89.5994,-89.17725,-1999.608,0
51.824,5007,51,NOERROR,2,1,,,-85.93214,-5.95505,-6.241752,18.70797,3.120288,,,,,,,,2.864355,-2.266018,4.189198,18.74351,1,,-89.5994,-89.19466,-2006.872,0
51.832,5008,51,NOERROR,2,1,,,-85.94791,-5.95505,-6.241752,18.70797,3.115042,,,,,,,,2.864355,-2.266018,4.189198,18.74351,1,,-89.5994,-89.214,-2020.929,0
51.839,5009,51,NOERROR,2,1,,,-85.96327,-5.95505,-6.329643,18.70797,3.120437,,,,,,,,2.864355,-2.266018,4.189198,18.74351,1,,-89.5994,-89.23042,-2014.337,0
51.847,5010,51,NOERROR,2,1,,,-85.98402,-5.95505,-6.329643,18.70797,3.120437,,,,,,,,2.864355,-2.266018,4.189198,18.74351,1,,-89.5994,-89.24864,-2002.358,0
51.854,5011,51,NOERROR,2,1,,,-86.00436,-5.95505,-6.329643,18.70797,3.129279,,,,,,,,2.864355,-2.266018,4.189198,18.74351,1,,-89.5994,-89.26411,-1992.634,0
51.862,5012,51,NOERROR,2,1,,,-86.02054,-6.04294,-6.329643,18.70797,3.134075,,,,,,,,2.864355,-2.266018,4.189198,18.74351,1,,-89.5994,-89.28123,-2011.407,0
51.869,5013,51,NOERROR,2,1,,,-86.03008,-6.04294,-6.417533,18.70797,3.134075,,,,,,,,2.864355,-2.266018,4.189198,18.74351,1,,-89.5994,-89.29575,-2025.974,0
51.877,5014,51,NOERROR,2,1,,,-86.0359,-6.04294,-6.417533,18.70797,3.143516,,,,,,,,2.864355,-2.266018,4.189198,18.74351,1,,-89.5994,-89.31182,-2045.548,0
51.884,5015,51,NOERROR,2,1,,,-86.0388,-6.04294,-6.417533,18.70797,3.143516,,,,,,,,2.864355,-2.266018,4.189198,18.74351,1,,-89.5994,-89.32542,-2052.22,0
51.892,5016,51,NOERROR,2,1,,,-86.04212,-6.04294,-6.417533,18.70797,3.15026,,,,,,,,2.864355,-2.266018,4.189198,18.74351,1,,-89.5994,-89.34045,-2060.568,0
51.899,5017,51,NOERROR,2,1,,,-86.05083,-6.04294,-6.505424,18.70797,3.154456,,,,,,,,2.864355,-2.266018,4.189198,18.74351,1,,-89.5994,-89.35317,-2041.744,0
51.907,5018,51,NOERROR,2,1,,,-86.06287,-6.04294,-6.505424,18.70797,3.154456,,,,,,,,2.864355,-2.266018,4.189198,18.74351,1,,-89.5994,-89.3672,-2037.004,0
51.914,5019,51,NOERROR,2,1,,,-86.07864,-6.04294,-6.505424,18.70797,3.148162,,,,,,,,2.864355,-2.266018,4.189198,18.74351,1,,-89.5994,-89.37905,-2017.72,0
51.921,5020,51,NOERROR,2,1,,,-86.0969,-6.04294,-6.593315,18.70797,3.141418,,,,,,,,2.864355,-2.266018,4.189198,18.74351,1,,-89.5994,-89.3905,-2005.601,0
51.929,5021,51,NOERROR,2,1,,,-86.11765,-6.04294,-6.593315,18.70797,3.141418,,,,,,,,2.864355,-2.266018,4.189198,18.74351,1,,-89.5994,-89.40311,-1998.268,0
51.936,5022,51,NOERROR,2,1,,,-86.13052,-6.04294,-6.593315,18.70797,3.127631,,,,,,,,2.864355,-2.266018,4.189198,18.74351,1,,-89.5994,-89.41373,-2014.917,0
51.944,5023,51,NOERROR,2,1,,,-86.13715,-6.04294,-6.593315,18.70797,3.127631,,,,,,,,2.864355,-2.266018,4.189198,18.74351,1,,-89.5994,-89.42541,-2038.164,0
51.951,5024,51,NOERROR,2,1,,,-86.14006,-6.04294,-6.681205,18.70797,3.118789,,,,,,,,2.864355,-2.266018,4.189198,18.74351,1,,-89.5994,-89.43522,-2046.726,0
51.959,5025,51,NOERROR,2,1,,,-86.14047,-6.04294,-6.681205,18.70797,3.115192,,,,,,,,2.864355,-2.266018,4.189198,18.74351,1,,-89.5994,-89.446,-2060.807,0
51.966,5026,51,NOERROR,2,1,,,-86.14089,-6.04294,-6.681205,18.70797,3.115192,,,,,,,,2.864355,-2.266018,4.189198,18.74351,1,,-89.5994,-89.45504,-2060.579,0
51.974,5027,51,NOERROR,2,1,,,-86.1413,-6.04294,-6.769096,18.70797,3.113993,,,,,,,,2.864355,-2.266018,4.189198,18.74351,1,,-89.5994,-89.46495,-2067.489,0
51.981,5028,51,NOERROR,2,1,,,-86.14214,-6.04294,-6.769096,18.70797,3.113993,,,,,,,,2.864355,-2.266018,4.189198,18.74351,1,,-89.5994,-89.47325,-2065.965,0
51.989,5029,51,NOERROR,2,1,,,-86.14297,-6.04294,-6.769096,18.70797,3.108298,,,,,,,,2.864355,-2.266018,4.189198,18.74351,1,,-89.5994,-89.48232,-2071.962,0
51.996,5030,51,NOERROR,2,1,,,-86.14462,-6.04294,-6.856987,18.70797,3.109198,,,,,,,,2.864355,-2.266018,4.189198,18.74351,1,,-89.5994,-89.4899,-2068.951,0
52.004,5031,51,NOERROR,2,1,,,-86.1467,-6.04294,-6.856987,18.70797,3.109198,,,,,,,,2.864355,-2.266018,4.189198,18.74351,1,,-89.5994,-89.49816,-2072.646,0
52.011,5032,51,NOERROR,2,1,,,-86.1496,-6.04294,-6.856987,18.70797,3.109497,,,,,,,,2.864355,-2.266018,4.189198,18.74351,1,,-89.5994,-89.50505,-2068.885,0
52.019,5033,51,NOERROR,2,1,,,-86.155,-6.04294,-6.944877,18.70797,3.110696,,,,,,,,2.864355,-2.266018,4.189198,18.74351,1,,-89.5994,-89.51254,-2064.874,0
52.026,5034,51,NOERROR,2,1,,,-86.15915,-6.04294,-6.944877,18.70797,3.110696,,,,,,,,2.864355,-2.266018,4.189198,18.74351,1,,-89.5994,-89.51877,-2065.918,0
52.033,5035,51,NOERROR,2,1,,,-86.16247,-6.04294,-6.944877,18.70797,3.112644,,,,,,,,2.864355,-2.266018,4.189198,18.74351,1,,-89.5994,-89.5247,-2068.689,0
52.041,5036,51,NOERROR,2,1,,,-86.16621,-6.04294,-6.944877,18.70797,3.112644,,,,,,,,2.864355,-2.266018,4.189198,18.74351,1,,-89.5994,-89.53113,-2070.19,0
52.048,5037,51,NOERROR,2,1,,,-86.16828,-5.95505,-7.032768,18.70797,3.11819,,,,,,,,2.864355,-2.266018,4.189198,18.74351,1,,-89.5994,-89.53644,-2073.287,0
52.056,5038,51,NOERROR,2,1,,,-86.16953,-5.95505,-7.032768,18.70797,3.121486,,,,,,,,2.864355,-2.266018,4.189198,18.74351,1,,-89.5994,-89.54218,-2078.763,0
52.063,5039,51,NOERROR,2,1,,,-86.16994,-5.95505,-7.032768,18.70797,3.121486,,,,,,,,2.864355,-2.266018,4.189198,18.74351,1,,-89.5994,-89.54691,-2080.43,0
52.071,5040,51,NOERROR,2,1,,,-86.17036,-5.95505,-7.120658,18.70797,3.123135,,,,,,,,2.864355,-2.266018,4.189198,18.74351,1,,-89.5994,-89.55199,-2083.641,0
52.078,5041,51,NOERROR,2,1,,,-86.17077,-5.95505,-7.120658,18.70797,3.126732,,,,,,,,2.864355,-2.266018,4.189198,18.74351,1,,-89.5994,-89.55616,-2083.169,0
52.086,5042,51,NOERROR,2,1,,,-86.1716,-5.95505,-7.120658,18.70797,3.126732,,,,,,,,2.864355,-2.266018,4.189198,18.74351,1,,-89.5994,-89.56063,-2084.64,0
52.093,5043,51,NOERROR,2,1,,,-86.17243,-5.95505,-7.120658,18.70797,3.12793,,,,,,,,2.864355,-2.266018,4.189198,18.74351,1,,-89.5994,-89.56429,-2083.938,0
52.101,5044,51,NOERROR,2,1,,,-86.17409,-5.95505,-7.120658,18.70797,3.12793,,,,,,,,2.864355,-2.266018,4.189198,18.74351,1,,-89.5994,-89.56817,-2083.489,0
52.108,5045,51,NOERROR,2,1,,,-86.17699,-5.95505,-7.208549,18.70797,3.127181,,,,,,,,2.864355,-2.266018,4.189198,18.74351,1,,-89.5994,-89.57133,-2078.46,0
52.116,5046,51,NOERROR,2,1,,,-86.18281,-5.95505,-7.208549,18.70797,3.129129,,,,,,,,2.864355,-2.266018,4.189198,18.74351,1,,-89.5994,-89.57468,-2070.024,0
52.123,5047,51,NOERROR,2,1,,,-86.18737,-5.95505,-7.208549,18.70797,3.129129,,,,,,,,2.864355,-2.266018,4.189198,18.74351,1,,-89.5994,-89.57738,-2070.756,0
52.131,5048,51,NOERROR,2,1,,,-86.19276,-5.95505,-7.208549,18.70797,3.135124,,,,,,,,2.864355,-2.266018,4.189198,18.74351,1,,-89.5994,-89.58023,-2067.706,0
52.138,5049,51,NOERROR,2,1,,,-86.19691,-5.95505,-7.208549,18.70797,3.135124,,,,,,,,2.864355,-2.266018,4.189198,18.74351,1,,-89.5994,-89.5825,-2068.581,0
52.146,5050,51,NOERROR,2,1,,,-86.19899,-5.95505,-7.208549,18.70797,3.145614,,,,,,,,2.864355,-2.266018,4.189198,18.74351,1,,-89.5994,-89.58488,-2074.534,0
52.153,5051,51,NOERROR,2,1,,,-86.19982,-5.95505,-7.208549,18.70797,3.152508,,,,,,,,2.864355,-2.266018,4.189198,18.74351,1,,-89.5994,-89.58678,-2077.028,0
52.16,5052,51,NOERROR,2,1,,,-86.19982,-5.867159,-7.208549,18.70797,3.152508,,,,,,,,2.864355,-2.266018,4.189198,18.74351,1,,-89.5994,-89.58849,-2079.559,0
52.168,5053,51,NOERROR,2,1,,,-86.20023,-5.867159,-7.208549,18.70797,3.157753,,,,,,,,2.864355,-2.266018,4.189198,18.74351,1,,-89.5994,-89.59026,-2079.308,0
52.175,5054,51,NOERROR,2,1,,,-86.20023,-5.867159,-7.208549,18.70797,3.155355,,,,,,,,2.864355,-2.266018,4.189198,18.74351,1,,-89.5994,-89.59165,-2080.071,0
52.183,5055,51,NOERROR,2,1,,,-86.20023,-5.867159,-7.208549,18.70797,3.155355,,,,,,,,2.864355,-2.266018,4.189198,18.74351,1,,-89.5994,-89.59305,-2080.776,0
52.19,5056,51,NOERROR,2,1,,,-86.20065,-5.867159,-7.208549,18.70797,3.146214,,,,,,,,2.864355,-2.266018,4.189198,18.74351,1,,-89.5994,-89.59413,-2079.228,0
52.198,5057,51,NOERROR,2,1,,,-86.20065,-5.867159,-7.208549,18.70797,3.146214,,,,,,,,2.864355,-2.266018,4.189198,18.74351,1,,-89.5994,-89.59521,-2080.835,0
52.205,5058,51,NOERROR,2,1,,,-86.20065,-5.867159,-7.208549,18.70797,3.141418,,,,,,,,2.864355,-2.266018,4.189198,18.74351,1,,-89.5994,-89.59602,-2080.531,0
52.213,5059,51,NOERROR,2,1,,,-86.20107,-5.867159,-7.208549,18.70797,3.140069,,,,,,,,2.864355,-2.266018,4.189198,18.74351,1,,-89.5994,-89.59682,-2079.625,0
52.22,5060,51,NOERROR,2,1,,,-86.20107,-5.867159,-7.208549,18.70797,3.140069,,,,,,,,2.864355,-2.266018,4.189198,18.74351,1,,-89.5994,-89.5974,-2080.442,0
52.228,5061,51,NOERROR,2,1,,,-86.20107,-5.867159,-7.208549,18.70797,3.142617,,,,,,,,2.864355,-2.266018,4.189198,18.74351,1,,-89.5994,-89.59795,-2080.591,0
52.235,5062,51,NOERROR,2,1,,,-86.20107,-5.867159,-7.208549,18.70797,3.147263,,,,,,,,2.864355,-2.266018,4.189198,18.74351,1,,-89.5994,-89.59834,-2080.416,0
52.243,5063,51,NOERROR,2,1,,,-86.20107,-5.867159,-7.208549,18.70797,3.147263,,,,,,,,2.864355,-2.266018,4.189198,18.74351,1,,-89.5994,-89.59869,-2080.471,0
52.25,5064,51,NOERROR,2,1,,,-86.20107,-5.867159,-7.208549,18.70797,3.15056,,,,,,,,2.864355,-2.266018,4.189198,18.74351,1,,-89.5994,-89.59893,-2080.295,0
52.258,5065,51,NOERROR,2,1,,,-86.20107,-5.867159,-7.208549,18.70797,3.15056,,,,,,,,2.864355,-2.266018,4.189198,18.74351,1,,-89.5994,-89.59913,-2080.295,0
52.265,5066,51,NOERROR,2,1,,,-86.20107,-5.867159,-7.208549,18.70797,3.154606,,,,,,,,2.864355,-2.266018,4.189198,18.74351,1,,-89.5994,-89.59924,-2080.137,0
52.272,5067,51,NOERROR,2,1,,,-86.20107,-5.779268,-7.208549,18.70797,3.154756,,,,,,,,2.864355,-2.266018,4.189198,18.74351,1,,-89.5994,-89.59932,-2080.077,0
52.28,5068,51,NOERROR,2,1,,,-86.20107,-5.779268,-7.208549,18.70797,3.154756,,,,,,,,2.864355,-2.266018,4.189198,18.74351,1,,-89.5994,-89.59937,-2080.044,0
52.287,5069,51,NOERROR,2,1,,,-86.20107,-5.779268,-7.120658,18.70797,3.151609,,,,,,,,2.864355,-2.266018,4.189198,18.74351,1,,-89.5994,-89.59939,-2079.955,0
52.295,5070,51,NOERROR,2,1,,,-86.20107,-5.779268,-7.120658,18.70797,3.148462,,,,,,,,2.864355,-2.266018,4.189198,18.74351,1,,-89.5994,-89.5994,-2079.939,0
52.302,5071,51,NOERROR,2,1,,,-86.20107,-5.779268,-7.120658,18.70797,3.148462,,,,,,,,2.864355,-2.266018,4.189198,18.74351,1,,-89.5994,-89.5994,-2079.919,0
52.31,5072,51,NOERROR,2,1,,,-86.20107,-5.779268,-7.120658,18.70797,3.148462,,,,,,,,2.864355,-2.266018,4.189198,18.74351,1,,-89.5994,-89.5994,-2079.919,0
52.317,5073,51,NOERROR,2,1,,,-86.20107,-5.779268,-7.120658,18.70797,3.148462,,,,,,,,2.864355,-2.266018,4.189198,18.74351,1,,-89.5994,-89.5994,-2079.919,0
52.325,5074,51,NOERROR,2,1,,,-86.20107,-5.779268,-7.032768,18.70797,3.149361,,,,,,,,2.864355,-2.266018,4.189198,18.74351,1,,-89.5994,-89.5994,-2079.919,0
52.332,5075,51,NOERROR,2,1,,,-86.20107,-5.779268,-7.032768,18.70797,3.15071,,,,,,,,2.864355,-2.266018,4.189198,18.74351,1,,-89.5994,-89.5994,-2079.919,0
52.34,5076,51,NOERROR,2,1,,,-86.20107,-5.779268,-7.032768,18.70797,3.15071,,,,,,,,2.864355,-2.266018,4.189198,18.74351,1,,-89.5994,-89.5994,-2079.919,0
52.347,5077,51,NOERROR,2,1,,,-86.20107,-5.779268,-7.032768,18.70797,3.151759,,,,,,,,2.864355,-2.266018,4.189198,18.74351,1,,-89.5994,-89.5994,-2079.919,0
52.355,5078,51,NOERROR,2,1,,,-86.20107,-5.779268,-7.032768,18.70797,3.151759,,,,,,,,2.864355,-2.266018,4.189198,18.74351,1,,-89.5994,-89.5994,-2079.919,0
52.362,5079,51,NOERROR,2,1,,,-86.20107,-5.779268,-6.944877,18.70797,3.152808,,,,,,,,2.864355,-2.266018,4.189198,18.74351,1,,-89.5994,-89.5994,-2079.919,0
52.37,5080,51,NOERROR,2,1,,,-86.20107,-5.779268,-6.944877,18.70797,3.149211,,,,,,,,2.864355,-2.266018,4.189198,18.74351,1,,-89.5994,-89.5994,-2079.919,0
52.377,5081,51,NOERROR,2,1,,,-86.20148,-5.779268,-6.944877,18.70797,3.149211,,,,,,,,2.864355,-2.266018,4.189198,18.74351,1,,-89.5994,-89.5994,-2078.638,0
52.384,5082,51,NOERROR,2,1,,,-86.20148,-5.691378,-6.944877,18.70797,3.145614,,,,,,,,2.864355,-2.266018,4.189198,18.74351,1,,-89.5994,-89.5994,-2079.713,0
52.392,5083,51,NOERROR,2,1,,,-86.20148,-5.691378,-6.856987,18.70797,3.142467,,,,,,,,2.864355,-2.266018,4.189198,18.74351,1,,-89.5994,-89.5994,-2079.713,0
52.399,5084,51,NOERROR,2,1,,,-86.20148,-5.691378,-6.856987,18.70797,3.142467,,,,,,,,2.864355,-2.266018,4.189198,18.74351,1,,-89.5994,-89.5994,-2079.713,0
52.407,5085,51,NOERROR,2,1,,,-86.20148,-5.691378,-6.856987,18.70797,3.141568,,,,,,,,2.864355,-2.266018,4.189198,18.74351,1,,-89.5994,-89.5994,-2079.713,0
52.414,5086,51,NOERROR,2,1,,,-86.20148,-5.691378,-6.856987,18.70797,3.141568,,,,,,,,2.864355,-2.266018,4.189198,18.74351,1,,-89.5994,-89.5994,-2079.713,0
52.422,5087,51,NOERROR,2,1,,,-86.20148,-5.691378,-6.856987,18.70797,3.146214,,,,,,,,2.864355,-2.266018,4.189198,18.74351,1,,-89.5994,-89.5994,-2079.713,0
52.429,5088,51,NOERROR,2,1,,,-86.20148,-5.691378,-6.769096,18.70797,3.152058,,,,,,,,2.864355,-2.266018,4.189198,18.74351,1,,-89.5994,-89.5994,-2079.713,0
52.437,5089,51,NOERROR,2,1,,,-86.20148,-5.691378,-6.769096,18.70797,3.152058,,,,,,,,2.864355,-2.266018,4.189198,18.74351,1,,-89.5994,-89.5994,-2079.713,0
52.444,5090,51,NOERROR,2,1,,,-86.20148,-5.691378,-6.769096,18.70797,3.159701,,,,,,,,2.864355,-2.266018,4.189198,18.74351,1,,-89.5994,-89.5994,-2079.713,0
52.452,5091,51,NOERROR,2,1,,,-86.20148,-5.691378,-6.769096,18.70797,3.165846,,,,,,,,2.864355,-2.266018,4.189198,18.74351,1,,-89.5994,-89.5994,-2079.713,0
52.459,5092,51,NOERROR,2,1,,,-86.20148,-5.603487,-6.769096,18.70797,3.165846,,,,,,,,2.864355,-2.266018,4.189198,18.74351,1,,-89.5994,-89.5994,-2079.713,0
52.467,5093,51,NOERROR,2,1,,,-86.20148,-5.603487,-6.681205,18.70797,3.170491,,,,,,,,2.864355,-2.266018,4.189198,18.74351,1,,-89.5994,-89.5994,-2079.713,0
52.474,5094,51,NOERROR,2,1,,,-86.20148,-5.603487,-6.681205,18.70797,3.170491,,,,,,,,2.864355,-2.266018,4.189198,18.74351,1,,-89.5994,-89.5994,-2079.713,0
52.482,5095,51,NOERROR,2,1,,,-86.20148,-5.603487,-6.681205,18.70797,3.175736,,,,,,,,2.864355,-2.266018,4.189198,18.74351,1,,-89.5994,-89.5994,-2079.713,0
52.489,5096,51,NOERROR,2,1,,,-86.20148,-5.603487,-6.681205,18.70797,3.173939,,,,,,,,2.864355,-2.266018,4.189198,18.74351,1,,-89.5994,-89.5994,-2079.713,0
52.496,5097,51,NOERROR,2,1,,,-86.20148,-5.603487,-6.681205,18.70797,3.173939,,,,,,,,2.864355,-2.266018,4.189198,18.74351,1,,-89.5994,-89.5994,-2079.713,0
52.504,5098,51,NOERROR,2,1,,,-86.20148,-5.603487,-6.593315,18.70797,3.169143,,,,,,,,2.864355,-2.266018,4.189198,18.74351,1,,-89.5994,-89.5994,-2079.713,0
52.511,5099,51,NOERROR,2,1,,,-86.20148,-5.603487,-6.593315,18.70797,3.163298,,,,,,,,2.864355,-2.266018,4.189198,18.74351,1,,-89.5994,-89.5994,-2079.713,0
52.519,5100,51,NOERROR,2,1,,,-86.20148,-5.603487,-6.593315,18.70797,3.163298,,,,,,,,2.864355,-2.266018,4.189198,18.74351,1,,-89.5994,-89.5994,-2079.713,0
52.526,5101,51,NOERROR,2,1,,,-86.20148,-5.515596,-6.593315,18.70797,3.154156,,,,,,,,2.864355,-2.266018,4.189198,18.74351,1,,-89.5994,-89.5994,-2079.713,0
52.534,5102,51,NOERROR,2,1,,,-86.20148,-5.515596,-6.593315,18.70797,3.154156,,,,,,,,2.864355,-2.266018,4.189198,18.74351,1,,-89.5994,-89.5994,-2079.713,0
52.541,5103,51,NOERROR,2,1,,,-86.20148,-5.515596,-6.505424,18.70797,3.145764,,,,,,,,2.864355,-2.266018,4.189198,18.74351,1,,-89.5994,-89.5994,-2079.713,0
52.549,5104,51,NOERROR,2,1,,,-86.20148,-5.515596,-6.505424,18.70797,3.137971,,,,,,,,2.864355,-2.266018,4.189198,18.74351,1,,-89.5994,-89.5994,-2079.713,0
52.556,5105,51,NOERROR,2,1,,,-86.20148,-5.515596,-6.505424,18.70797,3.137971,,,,,,,,2.864355,-2.266018,4.189198,18.74351,1,,-89.5994,-89.5994,-2079.713,0
52.564,5106,51,NOERROR,2,1,,,-86.20148,-5.515596,-6.505424,18.70797,3.137372,,,,,,,,2.864355,-2.266018,4.189198,18.74351,1,,-89.5994,-89.5994,-2079.713,0
52.571,5107,51,NOERROR,2,1,,,-86.20148,-5.427706,-6.505424,18.70797,3.137372,,,,,,,,2.864355,-2.266018,4.189198,18.74351,1,,-89.5994,-89.5994,-2079.713,0
52.579,5108,51,NOERROR,2,1,,,-86.20148,-5.427706,-6.505424,18.70797,3.141118,,,,,,,,2.864355,-2.266018,4.189198,18.74351,1,,-89.5994,-89.5994,-2079.713,0
52.586,5109,51,NOERROR,2,1,,,-86.20148,-5.427706,-6.505424,18.70797,3.148012,,,,,,,,2.864355,-2.266018,4.189198,18.74351,1,,-89.5994,-89.5994,-2079.713,0
52.594,5110,51,NOERROR,2,1,,,-86.20148,-5.427706,-6.417533,18.70797,3.148012,,,,,,,,2.864355,-2.266018,4.189198,18.74351,1,,-89.5994,-89.5994,-2079.713,0
52.601,5111,51,NOERROR,2,1,,,-86.20148,-5.427706,-6.417533,18.70797,3.156554,,,,,,,,2.864355,-2.266018,4.189198,18.74351,1,,-89.5994,-89.5994,-2079.713,0
52.608,5112,51,NOERROR,2,1,,,-86.20148,-5.427706,-6.417533,18.70797,3.165246,,,,,,,,2.864355,-2.266018,4.189198,18.74351,1,,-89.5994,-89.5994,-2079.713,0
52.616,5113,51,NOERROR,2,1,,,-86.20148,-5.427706,-6.417533,18.70797,3.165246,,,,,,,,2.864355,-2.266018,4.189198,18.74351,1,,-89.5994,-89.5994,-2079.713,0
52.623,5114,51,NOERROR,2,1,,,-86.20148,-5.339815,-6.417533,18.70797,3.173339,,,,,,,,2.864355,-2.266018,4.189198,18.74351,1,,-89.5994,-89.5994,-2079.713,0
52.631,5115,51,NOERROR,2,1,,,-86.20148,-5.339815,-6.417533,18.70797,3.173339,,,,,,,,2.864355,-2.266018,4.189198,18.74351,1,,-89.5994,-89.5994,-2079.713,0
52.638,5116,51,NOERROR,2,1,,,-86.20148,-5.339815,-6.417533,18.70797,3.176186,,,,,,,,2.864355,-2.266018,4.189198,18.74351,1,,-89.5994,-89.5994,-2079.713,0
52.646,5117,51,NOERROR,2,1,,,-86.20148,-5.339815,-6.329643,18.70797,3.174088,,,,,,,,2.864355,-2.266018,4.189198,18.74351,1,,-89.5994,-89.5994,-2079.713,0
52.653,5118,51,NOERROR,2,1,,,-86.20148,-5.339815,-6.329643,18.70797,3.174088,,,,,,,,2.864355,-2.266018,4.189198,18.74351,1,,-89.5994,-89.5994,-2079.713,0
52.661,5119,51,NOERROR,2,1,,,-86.20148,-5.339815,-6.329643,18.70797,3.17154,,,,,,,,2.864355,-2.266018,4.189198,18.74351,1,,-89.5994,-89.5994,-2079.713,0
52.668,5120,51,NOERROR,2,1,,,-86.20148,-5.251925,-6.329643,18.70797,3.165096,,,,,,,,2.864355,-2.266018,4.189198,18.74351,1,,-89.5994,-89.5994,-2079.713,0
52.676,5121,51,NOERROR,2,1,,,-86.20148,-5.251925,-6.329643,18.70797,3.165096,,,,,,,,2.864355,-2.266018,4.189198,18.74351,1,,-89.5994,-89.5994,-2079.713,0
52.683,5122,51,NOERROR,2,1,,,-86.20148,-5.251925,-6.329643,18.70797,3.160001,,,,,,,,2.864355,-2.266018,4.189198,18.74351,1,,-89.5994,-89.5994,-2079.713,0
52.691,5123,51,NOERROR,2,1,,,-86.20148,-5.251925,-6.329643,18.70797,3.160001,,,,,,,,2.864355,-2.266018,4.189198,18.74351,1,,-89.5994,-89.5994,-2079.713,0
52.698,5124,51,NOERROR,2,1,,,-86.20148,-5.251925,-6.241752,18.70797,3.153857,,,,,,,,2.864355,-2.266018,4.189198,18.74351,1,,-89.5994,-89.5994,-2079.713,0
52.706,5125,51,NOERROR,2,1,,,-86.20148,-5.251925,-6.241752,18.70797,3.148761,,,,,,,,2.864355,-2.266018,4.189198,18.74351,1,,-89.5994,-89.5994,-2079.713,0
52.713,5126,51,NOERROR,2,1,,,-86.20148,-5.164034,-6.241752,18.70797,3.148761,,,,,,,,2.864355,-2.266018,4.189198,18.74351,1,,-89.5994,-89.5994,-2079.713,0
52.72,5127,51,NOERROR,2,1,,,-86.20148,-5.164034,-6.241752,18.70797,3.148611,,,,,,,,2.864355,-2.266018,4.189198,18.74351,1,,-89.5994,-89.5994,-2079.713,0
52.728,5128,51,NOERROR,2,1,,,-86.20148,-5.164034,-6.241752,18.70797,3.148611,,,,,,,,2.864355,-2.266018,4.189198,18.74351,1,,-89.5994,-89.5994,-2079.713,0
52.735,5129,51,NOERROR,2,1,,,-86.20148,-5.164034,-6.241752,18.70797,3.14981,,,,,,,,2.864355,-2.266018,4.189198,18.74351,1,,-89.5994,-89.5994,-2079.713,0
52.743,5130,51,NOERROR,2,1,,,-86.20148,-5.164034,-6.241752,18.70797,3.153857,,,,,,,,2.864355,-2.266018,4.189198,18.74351,1,,-89.5994,-89.5994,-2079.713,0
52.75,5131,51,NOERROR,2,1,,,-86.20148,-5.164034,-6.153862,18.70797,3.153857,,,,,,,,2.864355,-2.266018,4.189198,18.74351,1,,-89.5994,-89.5994,-2079.713,0
52.758,5132,51,NOERROR,2,1,,,-86.20148,-5.076143,-6.153862,18.70797,3.159701,,,,,,,,2.864355,-2.266018,4.189198,18.74351,1,,-89.5994,-89.5994,-2079.713,0
52.765,5133,51,NOERROR,2,1,,,-86.20148,-5.076143,-6.153862,18.70797,3.163448,,,,,,,,2.864355,-2.266018,4.189198,18.74351,1,,-89.5994,-89.5994,-2079.713,0
52.773,5134,51,NOERROR,2,1,,,-86.20148,-5.076143,-6.153862,18.70797,3.163448,,,,,,,,2.864355,-2.266018,4.189198,18.74351,1,,-89.5994,-89.5994,-2079.713,0
52.78,5135,51,NOERROR,2,1,,,-86.20148,-5.076143,-6.153862,18.70797,3.166895,,,,,,,,2.864355,-2.266018,4.189198,18.74351,1,,-89.5994,-89.5994,-2079.713,0
52.788,5136,51,NOERROR,2,1,,,-86.20148,-5.076143,-6.153862,18.70797,3.166895,,,,,,,,2.864355,-2.266018,4.189198,18.74351,1,,-89.5994,-89.5994,-2079.713,0
52.795,5137,51,NOERROR,2,1,,,-86.20148,-5.076143,-6.065971,18.70797,3.166445,,,,,,,,2.864355,-2.266018,4.189198,18.74351,1,,-89.5994,-89.5994,-2079.713,0
52.803,5138,51,NOERROR,2,1,,,-86.20148,-4.988253,-6.065971,18.70797,3.165846,,,,,,,,2.864355,-2.266018,4.189198,18.74351,1,,-89.5994,-89.5994,-2079.713,0
52.81,5139,51,NOERROR,2,1,,,-86.20148,-4.988253,-6.065971,18.70797,3.165846,,,,,,,,2.864355,-2.266018,4.189198,18.74351,1,,-89.5994,-89.5994,-2079.713,0
52.818,5140,51,NOERROR,2,1,,,-86.20148,-4.988253,-6.065971,18.70797,3.163898,,,,,,,,2.864355,-2.266018,4.189198,18.74351,1,,-89.5994,-89.5994,-2079.713,0
52.825,5141,51,NOERROR,2,1,,,-86.20148,-4.988253,-6.065971,18.70797,3.159851,,,,,,,,2.864355,-2.266018,4.189198,18.74351,1,,-89.5994,-89.5994,-2079.713,0
52.833,5142,51,NOERROR,2,1,,,-86.20148,-4.988253,-6.065971,18.70797,3.159851,,,,,,,,2.864355,-2.266018,4.189198,18.74351,1,,-89.5994,-89.5994,-2079.713,0
52.84,5143,51,NOERROR,2,1,,,-86.20148,-4.988253,-5.97808,18.70797,3.157454,,,,,,,,2.864355,-2.266018,4.189198,18.74351,1,,-89.5994,-89.5994,-2079.713,0
52.847,5144,51,NOERROR,2,1,,,-86.20148,-4.900362,-5.97808,18.70797,3.157454,,,,,,,,2.864355,-2.266018,4.189198,18.74351,1,,-89.5994,-89.5994,-2079.713,0
52.855,5145,51,NOERROR,2,1,,,-86.20148,-4.900362,-5.97808,18.70797,3.153857,,,,,,,,2.864355,-2.266018,4.189198,18.74351,1,,-89.5994,-89.5994,-2079.713,0
52.862,5146,51,NOERROR,2,1,,,-86.20148,-4.900362,-5.97808,18.70797,3.14981,,,,,,,,2.864355,-2.266018,4.189198,18.74351,1,,-89.5994,-89.5994,-2079.713,0
52.87,5147,51,NOERROR,2,1,,,-86.20148,-4.900362,-5.97808,18.70797,3.14981,,,,,,,,2.864355,-2.266018,4.189198,18.74351,1,,-89.5994,-89.5994,-2079.713,0
52.877,5148,51,NOERROR,2,1,,,-86.20148,-4.900362,-5.89019,18.70797,3.147263,,,,,,,,2.864355,-2.266018,4.189198,18.74351,1,,-89.5994,-89.5994,-2079.713,0
52.885,5149,51,NOERROR,2,1,,,-86.20148,-4.900362,-5.89019,18.70797,3.144865,,,,,,,,2.864355,-2.266018,4.189198,18.74351,1,,-89.5994,-89.5994,-2079.713,0
52.892,5150,51,NOERROR,2,1,,,-86.20148,-4.812471,-5.89019,18.70797,3.144865,,,,,,,,2.864355,-2.266018,4.189198,18.74351,1,,-89.5994,-89.5994,-2079.713,0
52.9,5151,51,NOERROR,2,1,,,-86.20148,-4.812471,-5.89019,18.70797,3.146214,,,,,,,,2.864355,-2.266018,4.189198,18.74351,1,,-89.5994,-89.5994,-2079.713,0
52.907,5152,51,NOERROR,2,1,,,-86.20148,-4.812471,-5.89019,18.70797,3.146214,,,,,,,,2.864355,-2.266018,4.189198,18.74351,1,,-89.5994,-89.5994,-2079.713,0
52.915,5153,51,NOERROR,2,1,,,-86.20148,-4.812471,-5.802299,18.70797,3.148611,,,,,,,,2.864355,-2.266018,4.189198,18.74351,1,,-89.5994,-89.5994,-2079.713,0
52.922,5154,51,NOERROR,2,1,,,-86.20148,-4.812471,-5.802299,18.70797,3.153857,,,,,,,,2.864355,-2.266018,4.189198,18.74351,1,,-89.5994,-89.5994,-2079.713,0
52.93,5155,51,NOERROR,2,1,,,-86.20148,-4.812471,-5.802299,18.70797,3.153857,,,,,,,,2.864355,-2.266018,4.189198,18.74351,1,,-89.5994,-89.5994,-2079.713,0
52.937,5156,51,NOERROR,2,1,,,-86.20148,-4.724581,-5.802299,18.70797,3.157603,,,,,,,,2.864355,-2.266018,4.189198,18.74351,1,,-89.5994,-89.5994,-2079.713,0
52.945,5157,51,NOERROR,2,1,,,-86.20148,-4.724581,-5.714408,18.70797,3.157603,,,,,,,,2.864355,-2.266018,4.189198,18.74351,1,,-89.5994,-89.5994,-2079.713,0
52.952,5158,51,NOERROR,2,1,,,-86.20148,-4.724581,-5.714408,18.70797,3.16135,,,,,,,,2.864355,-2.266018,4.189198,18.74351,1,,-89.5994,-89.5994,-2079.713,0
52.959,5159,51,NOERROR,2,1,,,-86.20148,-4.724581,-5.714408,18.70797,3.166145,,,,,,,,2.864355,-2.266018,4.189198,18.74351,1,,-89.5994,-89.5994,-2079.713,0
52.967,5160,51,NOERROR,2,1,,,-86.20148,-4.724581,-5.714408,18.70797,3.166145,,,,,,,,2.864355,-2.266018,4.189198,18.74351,1,,-89.5994,-89.5994,-2079.713,0
52.974,5161,51,NOERROR,2,1,,,-86.20148,-4.724581,-5.626518,18.70797,3.167045,,,,,,,,2.864355,-2.266018,4.189198,18.74351,1,,-89.5994,-89.5994,-2079.713,0
52.982,5162,51,NOERROR,2,1,,,-86.20148,-4.63669,-5.626518,18.70797,3.165696,,,,,,,,2.864355,-2.266018,4.189198,18.74351,1,,-89.5994,-89.5994,-2079.713,0
52.989,5163,51,NOERROR,2,1,,,-86.20148,-4.63669,-5.626518,18.70797,3.165696,,,,,,,,2.864355,-2.266018,4.189198,18.74351,1,,-89.5994,-89.5994,-2079.713,0
52.997,5164,51,NOERROR,2,1,,,-86.20148,-4.63669,-5.538627,18.70797,3.164347,,,,,,,,2.864355,-2.266018,4.189198,18.74351,1,,-89.5994,-89.5994,-2079.713,0
53.004,5165,51,NOERROR,2,1,,,-86.20148,-4.63669,-5.538627,18.70797,3.164347,,,,,,,,2.864355,-2.266018,4.189198,18.74351,1,,-89.5994,-89.5994,-2079.713,0
53.012,5166,51,NOERROR,2,1,,,-86.20148,-4.63669,-5.538627,18.70797,3.159701,,,,,,,,2.864355,-2.266018,4.189198,18.74351,1,,-89.5994,-89.5994,-2079.713,0
53.019,5167,51,NOERROR,2,1,,,-86.20148,-4.63669,-5.450737,18.70797,3.155655,,,,,,,,2.864355,-2.266018,4.189198,18.74351,1,,-89.5994,-89.5994,-2079.713,0
53.027,5168,51,NOERROR,2,1,,,-86.20148,-4.63669,-5.450737,18.70797,3.155655,,,,,,,,2.864355,-2.266018,4.189198,18.74351,1,,-89.5994,-89.5994,-2079.713,0
53.034,5169,51,NOERROR,2,1,,,-86.20148,-4.63669,-5.450737,18.70797,3.151609,,,,,,,,2.864355,-2.266018,4.189198,18.74351,1,,-89.5994,-89.5994,-2079.713,0
53.042,5170,51,NOERROR,2,1,,,-86.20148,-4.5488,-5.362846,18.70797,3.151009,,,,,,,,2.864355,-2.266018,4.189198,18.74351,1,,-89.5994,-89.5994,-2079.713,0
53.049,5171,51,NOERROR,2,1,,,-86.20148,-4.5488,-5.362846,18.70797,3.151009,,,,,,,,2.864355,-2.266018,4.189198,18.74351,1,,-89.5994,-89.5994,-2079.713,0
53.057,5172,51,NOERROR,2,1,,,-86.20148,-4.5488,-5.362846,18.70797,3.151009,,,,,,,,2.864355,-2.266018,4.189198,18.74351,1,,-89.5994,-89.5994,-2079.713,0
53.064,5173,51,NOERROR,2,1,,,-86.20148,-4.5488,-5.274955,18.70797,3.151009,,,,,,,,2.864355,-2.266018,4.189198,18.74351,1,,-89.5994,-89.5994,-2079.713,0
53.071,5174,51,NOERROR,2,1,,,-86.20148,-4.5488,-5.274955,18.70797,3.151309,,,,,,,,2.864355,-2.266018,4.189198,18.74351,1,,-89.5994,-89.5994,-2079.713,0
53.079,5175,51,NOERROR,2,1,,,-86.20148,-4.5488,-5.274955,18.70797,3.157154,,,,,,,,2.864355,-2.266018,4.189198,18.74351,1,,-89.5994,-89.5994,-2079.713,0
53.086,5176,51,NOERROR,2,1,,,-86.20148,-4.5488,-5.187065,18.70797,3.157154,,,,,,,,2.864355,-2.266018,4.189198,18.74351,1,,-89.5994,-89.5994,-2079.713,0
53.094,5177,51,NOERROR,2,1,,,-86.20148,-4.5488,-5.187065,18.70797,3.161949,,,,,,,,2.864355,-2.266018,4.189198,18.74351,1,,-89.5994,-89.5994,-2079.713,0
53.101,5178,51,NOERROR,2,1,,,-86.20148,-4.5488,-5.099174,18.70797,3.167045,,,,,,,,2.864355,-2.266018,4.189198,18.74351,1,,-89.5994,-89.5994,-2079.713,0
53.109,5179,51,NOERROR,2,1,,,-86.20148,-4.460909,-5.099174,18.70797,3.167045,,,,,,,,2.864355,-2.266018,4.189198,18.74351,1,,-89.5994,-89.5994,-2079.713,0
53.116,5180,51,NOERROR,2,1,,,-86.20148,-4.460909,-5.099174,18.70797,3.17154,,,,,,,,2.864355,-2.266018,4.189198,18.74351,1,,-89.5994,-89.5994,-2079.713,0
53.124,5181,51,NOERROR,2,1,,,-86.20148,-4.460909,-5.011283,18.70797,3.17154,,,,,,,,2.864355,-2.266018,4.189198,18.74351,1,,-89.5994,-89.5994,-2079.713,0
53.131,5182,51,NOERROR,2,1,,,-86.20148,-4.460909,-5.011283,18.70797,3.17184,,,,,,,,2.864355,-2.266018,4.189198,18.74351,1,,-89.5994,-89.5994,-2079.713,0
53.139,5183,51,NOERROR,2,1,,,-86.20148,-4.460909,-4.923393,18.70797,3.17214,,,,,,,,2.864355,-2.266018,4.189198,18.74351,1,,-89.5994,-89.5994,-2079.713,0
53.146,5184,51,NOERROR,2,1,,,-86.20148,-4.460909,-4.923393,18.70797,3.17214,,,,,,,,2.864355,-2.266018,4.189198,18.74351,1,,-89.5994,-89.5994,-2079.713,0
53.154,5185,51,NOERROR,2,1,,,-86.20148,-4.460909,-4.835502,18.70797,3.166895,,,,,,,,2.864355,-2.266018,4.189198,18.74351,1,,-89.5994,-89.5994,-2079.713,0
53.161,5186,51,NOERROR,2,1,,,-86.20148,-4.460909,-4.835502,18.70797,3.166895,,,,,,,,2.864355,-2.266018,4.189198,18.74351,1,,-89.5994,-89.5994,-2079.713,0
53.169,5187,51,NOERROR,2,1,,,-86.20148,-4.460909,-4.747612,18.70797,3.16135,,,,,,,,2.864355,-2.266018,4.189198,18.74351,1,,-89.5994,-89.5994,-2079.713,0
53.176,5188,51,NOERROR,2,1,,,-86.20148,-4.460909,-4.747612,18.70797,3.156404,,,,,,,,2.864355,-2.266018,4.189198,18.74351,1,,-89.5994,-89.5994,-2079.713,0
53.183,5189,51,NOERROR,2,1,,,-86.20148,-4.460909,-4.659721,18.70797,3.156404,,,,,,,,2.864355,-2.266018,4.189198,18.74351,1,,-89.5994,-89.5994,-2079.713,0
53.191,5190,51,NOERROR,2,1,,,-86.20148,-4.460909,-4.659721,18.70797,3.15056,,,,,,,,2.864355,-2.266018,4.189198,18.74351,1,,-89.5994,-89.5994,-2079.713,0
53.198,5191,51,NOERROR,2,1,,,-86.20148,-4.373018,-4.57183,18.70797,3.15026,,,,,,,,2.864355,-2.266018,4.189198,18.74351,1,,-89.5994,-89.5994,-2079.713,0
53.206,5192,51,NOERROR,2,1,,,-86.20148,-4.373018,-4.57183,18.70797,3.15026,,,,,,,,2.864355,-2.266018,4.189198,18.74351,1,,-89.5994,-89.5994,-2079.713,0
53.213,5193,51,NOERROR,2,1,,,-86.20148,-4.373018,-4.48394,18.70797,3.149361,,,,,,,,2.864355,-2.266018,4.189198,18.74351,1,,-89.5994,-89.5994,-2079.713,0
53.221,5194,51,NOERROR,2,1,,,-86.20148,-4.373018,-4.48394,18.70797,3.149361,,,,,,,,2.864355,-2.266018,4.189198,18.74351,1,,-89.5994,-89.5994,-2079.713,0
53.228,5195,51,NOERROR,2,1,,,-86.20148,-4.373018,-4.396049,18.70797,3.151309,,,,,,,,2.864355,-2.266018,4.189198,18.74351,1,,-89.5994,-89.5994,-2079.713,0
53.236,5196,51,NOERROR,2,1,,,-86.20148,-4.373018,-4.396049,18.70797,3.155805,,,,,,,,2.864355,-2.266018,4.189198,18.74351,1,,-89.5994,-89.5994,-2079.713,0
53.243,5197,51,NOERROR,2,1,,,-86.20148,-4.373018,-4.308158,18.70797,3.155805,,,,,,,,2.864355,-2.266018,4.189198,18.74351,1,,-89.5994,-89.5994,-2079.713,0
53.251,5198,51,NOERROR,2,1,,,-86.20148,-4.373018,-4.308158,18.70797,3.157903,,,,,,,,2.864355,-2.266018,4.189198,18.74351,1,,-89.5994,-89.5994,-2079.713,0
53.258,5199,51,NOERROR,2,1,,,-86.20148,-4.373018,-4.220268,18.70797,3.16045,,,,,,,,2.864355,-2.266018,4.189198,18.74351,1,,-89.5994,-89.5994,-2079.713,0
53.266,5200,51,NOERROR,2,1,,,-86.20148,-4.373018,-4.220268,18.70797,3.16045,,,,,,,,2.864355,-2.266018,4.189198,18.74351,1,,-89.5994,-89.5994,-2079.713,0
53.273,5201,51,NOERROR,2,1,,,-86.20148,-4.373018,-4.132377,18.70797,3.162549,,,,,,,,2.864355,-2.266018,4.189198,18.74351,1,,-89.5994,-89.5994,-2079.713,0
53.281,5202,51,NOERROR,2,1,,,-86.20148,-4.373018,-4.132377,18.70797,3.162549,,,,,,,,2.864355,-2.266018,4.189198,18.74351,1,,-89.5994,-89.5994,-2079.713,0
53.288,5203,51,NOERROR,2,1,,,-86.20148,-4.373018,-4.044487,18.70797,3.165696,,,,,,,,2.864355,-2.266018,4.189198,18.74351,1,,-89.5994,-89.5994,-2079.713,0
53.295,5204,51,NOERROR,2,1,,,-86.20148,-4.373018,-4.044487,18.70797,3.164797,,,,,,,,2.864355,-2.266018,4.189198,18.74351,1,,-89.5994,-89.5994,-2079.713,0
53.303,5205,51,NOERROR,2,1,,,-86.20148,-4.373018,-3.956596,18.70797,3.164797,,,,,,,,2.864355,-2.266018,4.189198,18.74351,1,,-89.5994,-89.5994,-2079.713,0
53.31,5206,51,NOERROR,2,1,,,-86.20148,-4.373018,-3.956596,18.70797,3.161799,,,,,,,,2.864355,-2.266018,4.189198,18.74351,1,,-89.5994,-89.5994,-2079.713,0
53.318,5207,51,NOERROR,2,1,,,-86.20148,-4.373018,-3.868705,18.70797,3.160001,,,,,,,,2.864355,-2.266018,4.189198,18.74351,1,,-89.5994,-89.5994,-2079.713,0
53.325,5208,51,NOERROR,2,1,,,-86.20148,-4.285128,-3.868705,18.70797,3.160001,,,,,,,,2.864355,-2.266018,4.189198,18.74351,1,,-89.5994,-89.5994,-2079.713,0
53.333,5209,51,NOERROR,2,1,,,-86.20148,-4.285128,-3.780815,18.70797,3.156854,,,,,,,,2.864355,-2.266018,4.189198,18.74351,1,,-89.5994,-89.5994,-2079.713,0
53.34,5210,51,NOERROR,2,1,,,-86.20148,-4.285128,-3.780815,18.70797,3.156854,,,,,,,,2.864355,-2.266018,4.189198,18.74351,1,,-89.5994,-89.5994,-2079.713,0
53.348,5211,51,NOERROR,2,1,,,-86.20148,-4.285128,-3.692924,18.70797,3.153257,,,,,,,,2.864355,-2.266018,4.189198,18.74351,1,,-89.5994,-89.5994,-2079.713,0
53.355,5212,51,NOERROR,2,1,,,-86.20148,-4.285128,-3.692924,18.70797,3.15026,,,,,,,,2.864355,-2.266018,4.189198,18.74351,1,,-89.5994,-89.5994,-2079.713,0
53.363,5213,51,NOERROR,2,1,,,-86.20148,-4.285128,-3.605033,18.70797,3.15026,,,,,,,,2.864355,-2.266018,4.189198,18.74351,1,,-89.5994,-89.5994,-2079.713,0
53.37,5214,51,NOERROR,2,1,,,-86.20148,-4.285128,-3.605033,18.70797,3.148911,,,,,,,,2.864355,-2.266018,4.189198,18.74351,1,,-89.5994,-89.5994,-2079.713,0
53.378,5215,51,NOERROR,2,1,,,-86.20148,-4.285128,-3.517143,18.70797,3.148911,,,,,,,,2.864355,-2.266018,4.189198,18.74351,1,,-89.5994,-89.5994,-2079.713,0
53.385,5216,51,NOERROR,2,1,,,-86.20148,-4.285128,-3.517143,18.70797,3.152208,,,,,,,,2.864355,-2.266018,4.189198,18.74351,1,,-89.5994,-89.5994,-2079.713,0
53.393,5217,51,NOERROR,2,1,,,-86.20148,-4.285128,-3.429252,18.70797,3.156255,,,,,,,,2.864355,-2.266018,4.189198,18.74351,1,,-89.5994,-89.5994,-2079.713,0
53.4,5218,51,NOERROR,2,1,,,-86.20148,-4.285128,-3.429252,18.70797,3.156255,,,,,,,,2.864355,-2.266018,4.189198,18.74351,1,,-89.5994,-89.5994,-2079.713,0
53.407,5219,51,NOERROR,2,1,,,-86.20148,-4.285128,-3.341362,18.70797,3.1606,,,,,,,,2.864355,-2.266018,4.189198,18.74351,1,,-89.5994,-89.5994,-2079.713,0
53.415,5220,51,NOERROR,2,1,,,-86.20148,-4.285128,-3.341362,18.70797,3.165396,,,,,,,,2.864355,-2.266018,4.189198,18.74351,1,,-89.5994,-89.5994,-2079.713,0
53.422,5221,51,NOERROR,2,1,,,-86.20148,-4.285128,-3.253471,18.70797,3.165396,,,,,,,,2.864355,-2.266018,4.189198,18.74351,1,,-89.5994,-89.5994,-2079.713,0
53.43,5222,51,NOERROR,2,1,,,-86.20148,-4.285128,-3.253471,18.70797,3.167794,,,,,,,,2.864355,-2.266018,4.189198,18.74351,1,,-89.5994,-89.5994,-2079.713,0
53.437,5223,51,NOERROR,2,1,,,-86.20148,-4.285128,-3.16558,18.70797,3.167794,,,,,,,,2.864355,-2.266018,4.189198,18.74351,1,,-89.5994,-89.5994,-2079.713,0
53.445,5224,51,NOERROR,2,1,,,-86.20148,-4.285128,-3.16558,18.70797,3.17214,,,,,,,,2.864355,-2.266018,4.189198,18.74351,1,,-89.5994,-89.5994,-2079.713,0
53.452,5225,51,NOERROR,2,1,,,-86.20148,-4.285128,-3.16558,18.70797,3.17199,,,,,,,,2.864355,-2.266018,4.189198,18.74351,1,,-89.5994,-89.5994,-2079.713,0
53.46,5226,51,NOERROR,2,1,,,-86.20148,-4.285128,-3.07769,18.70797,3.17199,,,,,,,,2.864355,-2.266018,4.189198,18.74351,1,,-89.5994,-89.5994,-2079.713,0
53.467,5227,51,NOERROR,2,1,,,-86.20148,-4.285128,-3.07769,18.70797,3.170491,,,,,,,,2.864355,-2.266018,4.189198,18.74351,1,,-89.5994,-89.5994,-2079.713,0
53.475,5228,51,NOERROR,2,1,,,-86.20148,-4.285128,-2.989799,18.70797,3.167944,,,,,,,,2.864355,-2.266018,4.189198,18.74351,1,,-89.5994,-89.5994,-2079.713,0
53.482,5229,51,NOERROR,2,1,,,-86.20148,-4.197237,-2.989799,18.70797,3.167944,,,,,,,,2.864355,-2.266018,4.189198,18.74351,1,,-89.5994,-89.5994,-2079.713,0
53.49,5230,51,NOERROR,2,1,,,-86.20148,-4.197237,-2.989799,18.70797,3.163148,,,,,,,,2.864355,-2.266018,4.189198,18.74351,1,,-89.5994,-89.5994,-2079.713,0
53.497,5231,51,NOERROR,2,1,,,-86.20148,-4.197237,-2.901908,18.70797,3.163148,,,,,,,,2.864355,-2.266018,4.189198,18.74351,1,,-89.5994,-89.5994,-2079.713,0
53.505,5232,51,NOERROR,2,1,,,-86.20148,-4.197237,-2.901908,18.70797,3.159401,,,,,,,,2.864355,-2.266018,4.189198,18.74351,1,,-89.5994,-89.5994,-2079.713,0
53.512,5233,51,NOERROR,2,1,,,-86.20148,-4.197237,-2.901908,18.70797,3.156554,,,,,,,,2.864355,-2.266018,4.189198,18.74351,1,,-89.5994,-89.5994,-2079.713,0
53.52,5234,51,NOERROR,2,1,,,-86.20148,-4.197237,-2.814018,18.70797,3.156554,,,,,,,,2.864355,-2.266018,4.189198,18.74351,1,,-89.5994,-89.5994,-2079.713,0
53.527,5235,51,NOERROR,2,1,,,-86.20148,-4.197237,-2.814018,18.70797,3.154906,,,,,,,,2.864355,-2.266018,4.189198,18.74351,1,,-89.5994,-89.5994,-2079.713,0
53.534,5236,51,NOERROR,2,1,,,-86.20148,-4.197237,-2.814018,18.70797,3.154906,,,,,,,,2.864355,-2.266018,4.189198,18.74351,1,,-89.5994,-89.5994,-2079.713,0
53.542,5237,51,NOERROR,2,1,,,-86.20148,-4.197237,-2.726127,18.70797,3.155355,,,,,,,,2.864355,-2.266018,4.189198,18.74351,1,,-89.5994,-89.5994,-2079.713,0
53.549,5238,51,NOERROR,2,1,,,-86.20148,-4.197237,-2.726127,18.70797,3.156554,,,,,,,,2.864355,-2.266018,4.189198,18.74351,1,,-89.5994,-89.5994,-2079.713,0
53.557,5239,51,NOERROR,2,1,,,-86.20148,-4.197237,-2.726127,18.70797,3.156554,,,,,,,,2.864355,-2.266018,4.189198,18.74351,1,,-89.5994,-89.5994,-2079.713,0
53.564,5240,51,NOERROR,2,1,,,-86.20148,-4.197237,-2.726127,18.70797,3.16045,,,,,,,,2.864355,-2.266018,4.189198,18.74351,1,,-89.5994,-89.5994,-2079.713,0
53.572,5241,51,NOERROR,2,1,,,-86.20148,-4.197237,-2.726127,18.70797,3.164497,,,,,,,,2.864355,-2.266018,4.189198,18.74351,1,,-89.5994,-89.5994,-2079.713,0
53.579,5242,51,NOERROR,2,1,,,-86.20148,-4.109346,-2.638237,18.70797,3.164497,,,,,,,,2.864355,-2.266018,4.189198,18.74351,1,,-89.5994,-89.5994,-2079.713,0
53.587,5243,51,NOERROR,2,1,,,-86.20148,-4.109346,-2.638237,18.70797,3.168393,,,,,,,,2.864355,-2.266018,4.189198,18.74351,1,,-89.5994,-89.5994,-2079.713,0
53.594,5244,51,NOERROR,2,1,,,-86.20148,-4.109346,-2.638237,18.70797,3.168393,,,,,,,,2.864355,-2.266018,4.189198,18.74351,1,,-89.5994,-89.5994,-2079.713,0
53.602,5245,51,NOERROR,2,1,,,-86.20148,-4.109346,-2.638237,18.70797,3.169293,,,,,,,,2.864355,-2.266018,4.189198,18.74351,1,,-89.5994,-89.5994,-2079.713,0
53.609,5246,51,NOERROR,2,1,,,-86.20148,-4.109346,-2.638237,18.70797,3.165246,,,,,,,,2.864355,-2.266018,4.189198,18.74351,1,,-89.5994,-89.5994,-2079.713,0
53.617,5247,51,NOERROR,2,1,,,-86.20148,-4.109346,-2.638237,18.70797,3.165246,,,,,,,,2.864355,-2.266018,4.189198,18.74351,1,,-89.5994,-89.5994,-2079.713,0
53.624,5248,51,NOERROR,2,1,,,-86.20148,-4.109346,-2.638237,18.70797,3.162549,,,,,,,,2.864355,-2.266018,4.189198,18.74351,1,,-89.5994,-89.5994,-2079.713,0
53.632,5249,51,NOERROR,2,1,,,-86.20148,-4.109346,-2.550346,18.70797,3.160151,,,,,,,,2.864355,-2.266018,4.189198,18.74351,1,,-89.5994,-89.5994,-2079.713,0
53.639,5250,51,NOERROR,2,1,,,-86.20148,-4.109346,-2.550346,18.70797,3.160151,,,,,,,,2.864355,-2.266018,4.189198,18.74351,1,,-89.5994,-89.5994,-2079.713,0
53.646,5251,51,NOERROR,2,1,,,-86.20148,-4.109346,-2.550346,18.70797,3.157004,,,,,,,,2.864355,-2.266018,4.189198,18.74351,1,,-89.5994,-89.5994,-2079.713,0
53.654,5252,51,NOERROR,2,1,,,-86.20148,-4.109346,-2.550346,18.70797,3.157004,,,,,,,,2.864355,-2.266018,4.189198,18.74351,1,,-89.5994,-89.5994,-2079.713,0
53.661,5253,51,NOERROR,2,1,,,-86.20148,-4.021456,-2.550346,18.70797,3.153407,,,,,,,,2.864355,-2.266018,4.189198,18.74351,1,,-89.5994,-89.5994,-2079.713,0
53.669,5254,51,NOERROR,2,1,,,-86.20148,-4.021456,-2.550346,18.70797,3.15041,,,,,,,,2.864355,-2.266018,4.189198,18.74351,1,,-89.5994,-89.5994,-2079.713,0
53.676,5255,51,NOERROR,2,1,,,-86.20148,-4.021456,-2.550346,18.70797,3.15041,,,,,,,,2.864355,-2.266018,4.189198,18.74351,1,,-89.5994,-89.5994,-2079.713,0
53.684,5256,51,NOERROR,2,1,,,-86.20148,-4.021456,-2.550346,18.70797,3.151009,,,,,,,,2.864355,-2.266018,4.189198,18.74351,1,,-89.5994,-89.5994,-2079.713,0
53.691,5257,51,NOERROR,2,1,,,-86.20148,-4.021456,-2.550346,18.70797,3.152208,,,,,,,,2.864355,-2.266018,4.189198,18.74351,1,,-89.5994,-89.5994,-2079.713,0
53.699,5258,51,NOERROR,2,1,,,-86.20148,-4.021456,-2.550346,18.70797,3.152208,,,,,,,,2.864355,-2.266018,4.189198,18.74351,1,,-89.5994,-89.5994,-2079.713,0
53.706,5259,51,NOERROR,2,1,,,-86.20148,-4.021456,-2.550346,18.70797,3.154756,,,,,,,,2.864355,-2.266018,4.189198,18.74351,1,,-89.5994,-89.5994,-2079.713,0
53.714,5260,51,NOERROR,2,1,,,-86.20148,-4.021456,-2.550346,18.70797,3.154756,,,,,,,,2.864355,-2.266018,4.189198,18.74351,1,,-89.5994,-89.5994,-2079.713,0
53.721,5261,51,NOERROR,2,1,,,-86.20148,-4.021456,-2.550346,18.70797,3.158802,,,,,,,,2.864355,-2.266018,4.189198,18.74351,1,,-89.5994,-89.5994,-2079.713,0
53.729,5262,51,NOERROR,2,1,,,-86.20148,-3.933565,-2.550346,18.70797,3.161799,,,,,,,,2.864355,-2.266018,4.189198,18.74351,1,,-89.5994,-89.5994,-2079.713,0
53.736,5263,51,NOERROR,2,1,,,-86.20148,-3.933565,-2.550346,18.70797,3.161799,,,,,,,,2.864355,-2.266018,4.189198,18.74351,1,,-89.5994,-89.5994,-2079.713,0
53.744,5264,51,NOERROR,2,1,,,-86.20148,-3.933565,-2.550346,18.70797,3.165546,,,,,,,,2.864355,-2.266018,4.189198,18.74351,1,,-89.5994,-89.5994,-2079.713,0
53.751,5265,51,NOERROR,2,1,,,-86.20148,-3.933565,-2.550346,18.70797,3.165546,,,,,,,,2.864355,-2.266018,4.189198,18.74351,1,,-89.5994,-89.5994,-2079.713,0
53.758,5266,51,NOERROR,2,1,,,-86.20148,-3.933565,-2.550346,18.70797,3.167194,,,,,,,,2.864355,-2.266018,4.189198,18.74351,1,,-89.5994,-89.5994,-2079.713,0
53.766,5267,51,NOERROR,2,1,,,-86.20148,-3.933565,-2.550346,18.70797,3.167194,,,,,,,,2.864355,-2.266018,4.189198,18.74351,1,,-89.5994,-89.5994,-2079.713,0
53.773,5268,51,NOERROR,2,1,,,-86.20148,-3.933565,-2.638237,18.70797,3.167194,,,,,,,,2.864355,-2.266018,4.189198,18.74351,1,,-89.5994,-89.5994,-2079.713,0
53.781,5269,51,NOERROR,2,1,,,-86.20148,-3.933565,-2.638237,18.70797,3.167494,,,,,,,,2.864355,-2.266018,4.189198,18.74351,1,,-89.5994,-89.5994,-2079.713,0
53.788,5270,51,NOERROR,2,1,,,-86.20148,-3.933565,-2.638237,18.70797,3.164797,,,,,,,,2.864355,-2.266018,4.189198,18.74351,1,,-89.5994,-89.5994,-2079.713,0
53.796,5271,51,NOERROR,2,1,,,-86.20148,-3.845675,-2.638237,18.70797,3.164797,,,,,,,,2.864355,-2.266018,4.189198,18.74351,1,,-89.5994,-89.5994,-2079.713,0
53.803,5272,51,NOERROR,2,1,,,-86.20148,-3.845675,-2.638237,18.70797,3.161799,,,,,,,,2.864355,-2.266018,4.189198,18.74351,1,,-89.5994,-89.5994,-2079.713,0
53.811,5273,51,NOERROR,2,1,,,-86.20148,-3.845675,-2.638237,18.70797,3.161799,,,,,,,,2.864355,-2.266018,4.189198,18.74351,1,,-89.5994,-89.5994,-2079.713,0
53.818,5274,51,NOERROR,2,1,,,-86.20148,-3.845675,-2.638237,18.70797,3.158952,,,,,,,,2.864355,-2.266018,4.189198,18.74351,1,,-89.5994,-89.5994,-2079.713,0
53.826,5275,51,NOERROR,2,1,,,-86.20148,-3.845675,-2.638237,18.70797,3.158503,,,,,,,,2.864355,-2.266018,4.189198,18.74351,1,,-89.5994,-89.5994,-2079.713,0
53.833,5276,51,NOERROR,2,1,,,-86.20148,-3.845675,-2.638237,18.70797,3.158503,,,,,,,,2.864355,-2.266018,4.189198,18.74351,1,,-89.5994,-89.5994,-2079.713,0
53.841,5277,51,NOERROR,2,1,,,-86.20148,-3.845675,-2.638237,18.70797,3.158353,,,,,,,,2.864355,-2.266018,4.189198,18.74351,1,,-89.5994,-89.5994,-2079.713,0
53.848,5278,51,NOERROR,2,1,,,-86.20148,-3.845675,-2.638237,18.70797,3.156554,,,,,,,,2.864355,-2.266018,4.189198,18.74351,1,,-89.5994,-89.5994,-2079.713,0
53.856,5279,51,NOERROR,2,1,,,-86.20148,-3.845675,-2.638237,18.70797,3.156554,,,,,,,,2.864355,-2.266018,4.189198,18.74351,1,,-89.5994,-89.5994,-2079.713,0
53.863,5280,51,NOERROR,2,1,,,-86.20148,-3.845675,-2.638237,18.70797,3.157454,,,,,,,,2.864355,-2.266018,4.189198,18.74351,1,,-89.5994,-89.5994,-2079.713,0
53.87,5281,51,NOERROR,2,1,,,-86.20148,-3.845675,-2.726127,18.70797,3.157454,,,,,,,,2.864355,-2.266018,4.189198,18.74351,1,,-89.5994,-89.5994,-2079.713,0
53.878,5282,51,NOERROR,2,1,,,-86.2019,-3.845675,-2.726127,18.70797,3.160001,,,,,,,,2.864355,-2.266018,4.189198,18.74351,1,,-89.5994,-89.5994,-2078.456,0
53.885,5283,51,NOERROR,2,1,,,-86.2019,-3.757784,-2.726127,18.70797,3.162699,,,,,,,,2.864355,-2.266018,4.189198,18.74351,1,,-89.5994,-89.5994,-2079.51,0
53.893,5284,51,NOERROR,2,1,,,-86.2019,-3.757784,-2.726127,18.70797,3.162699,,,,,,,,2.864355,-2.266018,4.189198,18.74351,1,,-89.5994,-89.5994,-2079.51,0
53.9,5285,51,NOERROR,2,1,,,-86.2019,-3.757784,-2.726127,18.70797,3.165846,,,,,,,,2.864355,-2.266018,4.189198,18.74351,1,,-89.5994,-89.5994,-2079.51,0
53.908,5286,51,NOERROR,2,1,,,-86.2019,-3.757784,-2.726127,18.70797,3.166895,,,,,,,,2.864355,-2.266018,4.189198,18.74351,1,,-89.5994,-89.5994,-2079.51,0
53.915,5287,51,NOERROR,2,1,,,-86.2019,-3.757784,-2.726127,18.70797,3.166895,,,,,,,,2.864355,-2.266018,4.189198,18.74351,1,,-89.5994,-89.5994,-2079.51,0
53.923,5288,51,NOERROR,2,1,,,-86.2019,-3.757784,-2.726127,18.70797,3.168393,,,,,,,,2.864355,-2.266018,4.189198,18.74351,1,,-89.5994,-89.5994,-2079.51,0
53.93,5289,51,NOERROR,2,1,,,-86.2019,-3.757784,-2.726127,18.70797,3.168393,,,,,,,,2.864355,-2.266018,4.189198,18.74351,1,,-89.5994,-89.5994,-2079.51,0
53.938,5290,51,NOERROR,2,1,,,-86.2019,-3.757784,-2.726127,18.70797,3.168993,,,,,,,,2.864355,-2.266018,4.189198,18.74351,1,,-89.5994,-89.5994,-2079.51,0
53.945,5291,51,NOERROR,2,1,,,-86.2019,-3.757784,-2.726127,18.70797,3.167194,,,,,,,,2.864355,-2.266018,4.189198,18.74351,1,,-89.5994,-89.5994,-2079.51,0
53.953,5292,51,NOERROR,2,1,,,-86.2019,-3.757784,-2.726127,18.70797,3.167194,,,,,,,,2.864355,-2.266018,4.189198,18.74351,1,,-89.5994,-89.5994,-2079.51,0
53.96,5293,51,NOERROR,2,1,,,-86.2019,-3.757784,-2.726127,18.70797,3.165396,,,,,,,,2.864355,-2.266018,4.189198,18.74351,1,,-89.5994,-89.5994,-2079.51,0
53.968,5294,51,NOERROR,2,1,,,-86.2019,-3.757784,-2.726127,18.70797,3.165396,,,,,,,,2.864355,-2.266018,4.189198,18.74351,1,,-89.5994,-89.5994,-2079.51,0
53.975,5295,51,NOERROR,2,1,,,-86.2019,-3.757784,-2.726127,18.70797,3.162549,,,,,,,,2.864355,-2.266018,4.189198,18.74351,1,,-89.5994,-89.5994,-2079.51,0
53.982,5296,51,NOERROR,2,1,,,-86.2019,-3.757784,-2.726127,18.70797,3.160151,,,,,,,,2.864355,-2.266018,4.189198,18.74351,1,,-89.5994,-89.5994,-2079.51,0
53.99,5297,51,NOERROR,2,1,,,-86.2019,-3.757784,-2.726127,18.70797,3.160151,,,,,,,,2.864355,-2.266018,4.189198,18.74351,1,,-89.5994,-89.5994,-2079.51,0
53.997,5298,51,NOERROR,2,1,,,-86.2019,-3.757784,-2.726127,18.70797,3.157753,,,,,,,,2.864355,-2.266018,4.189198,18.74351,1,,-89.5994,-89.5994,-2079.51,0
54.005,5299,51,NOERROR,2,1,,,-86.2019,-3.757784,-2.726127,18.70797,3.156854,,,,,,,,2.864355,-2.266018,4.189198,18.74351,1,,-89.5994,-89.5994,-2079.51,0
54.012,5300,51,NOERROR,2,1,,,-86.2019,-3.757784,-2.726127,18.70797,3.156854,,,,,,,,2.864355,-2.266018,4.189198,18.74351,1,,-89.5994,-89.5994,-2079.51,0
54.02,5301,51,NOERROR,2,1,,,-86.2019,-3.757784,-2.726127,18.70797,3.159401,,,,,,,,2.864355,-2.266018,4.189198,18.74351,1,,-89.5994,-89.5994,-2079.51,0
54.027,5302,51,NOERROR,2,1,,,-86.2019,-3.757784,-2.726127,18.70797,3.159401,,,,,,,,2.864355,-2.266018,4.189198,18.74351,1,,-89.5994,-89.5994,-2079.51,0
54.035,5303,51,NOERROR,2,1,,,-86.2019,-3.757784,-2.726127,18.70797,3.161649,,,,,,,,2.864355,-2.266018,4.189198,18.74351,1,,-89.5994,-89.5994,-2079.51,0
54.042,5304,51,NOERROR,2,1,,,-86.2019,-3.757784,-2.726127,18.70797,3.165396,,,,,,,,2.864355,-2.266018,4.189198,18.74351,1,,-89.5994,-89.5994,-2079.51,0
54.05,5305,51,NOERROR,2,1,,,-86.2019,-3.757784,-2.726127,18.70797,3.165396,,,,,,,,2.864355,-2.266018,4.189198,18.74351,1,,-89.5994,-89.5994,-2079.51,0
54.057,5306,51,NOERROR,2,1,,,-86.2019,-3.757784,-2.726127,18.70797,3.169143,,,,,,,,2.864355,-2.266018,4.189198,18.74351,1,,-89.5994,-89.5994,-2079.51,0
54.065,5307,51,NOERROR,2,1,,,-86.2019,-3.757784,-2.726127,18.70797,3.170491,,,,,,,,2.864355,-2.266018,4.189198,18.74351,1,,-89.5994,-89.5994,-2079.51,0
54.072,5308,51,NOERROR,2,1,,,-86.2019,-3.757784,-2.726127,18.70797,3.170491,,,,,,,,2.864355,-2.266018,4.189198,18.74351,1,,-89.5994,-89.5994,-2079.51,0
54.08,5309,51,NOERROR,2,1,,,-86.2019,-3.757784,-2.726127,18.70797,3.173039,,,,,,,,2.864355,-2.266018,4.189198,18.74351,1,,-89.5994,-89.5994,-2079.51,0
54.087,5310,51,NOERROR,2,1,,,-86.2019,-3.757784,-2.726127,18.70797,3.173039,,,,,,,,2.864355,-2.266018,4.189198,18.74351,1,,-89.5994,-89.5994,-2079.51,0
54.094,5311,51,NOERROR,2,1,,,-86.2019,-3.757784,-2.726127,18.70797,3.171241,,,,,,,,2.864355,-2.266018,4.189198,18.74351,1,,-89.5994,-89.5994,-2079.51,0
54.102,5312,51,NOERROR,2,1,,,-86.2019,-3.757784,-2.726127,18.70797,3.169293,,,,,,,,2.864355,-2.266018,4.189198,18.74351,1,,-89.5994,-89.5994,-2079.51,0
54.109,5313,51,NOERROR,2,1,,,-86.2019,-3.757784,-2.726127,18.70797,3.169293,,,,,,,,2.864355,-2.266018,4.189198,18.74351,1,,-89.5994,-89.5994,-2079.51,0
54.117,5314,51,NOERROR,2,1,,,-86.2019,-3.757784,-2.726127,18.70797,3.166295,,,,,,,,2.864355,-2.266018,4.189198,18.74351,1,,-89.5994,-89.5994,-2079.51,0
54.124,5315,51,NOERROR,2,1,,,-86.2019,-3.757784,-2.726127,18.70797,3.162848,,,,,,,,2.864355,-2.266018,4.189198,18.74351,1,,-89.5994,-89.5994,-2079.51,0
54.132,5316,51,NOERROR,2,1,,,-86.2019,-3.757784,-2.726127,18.70797,3.162848,,,,,,,,2.864355,-2.266018,4.189198,18.74351,1,,-89.5994,-89.5994,-2079.51,0
54.139,5317,51,NOERROR,2,1,,,-86.2019,-3.757784,-2.726127,18.70797,3.160001,,,,,,,,2.864355,-2.266018,4.189198,18.74351,1,,-89.5994,-89.5994,-2079.51,0
54.147,5318,51,NOERROR,2,1,,,-86.2019,-3.757784,-2.726127,18.70797,3.160001,,,,,,,,2.864355,-2.266018,4.189198,18.74351,1,,-89.5994,-89.5994,-2079.51,0
54.154,5319,51,NOERROR,2,1,,,-86.2019,-3.757784,-2.726127,18.70797,3.155205,,,,,,,,2.864355,-2.266018,4.189198,18.74351,1,,-89.5994,-89.5994,-2079.51,0
54.162,5320,51,NOERROR,2,1,,,-86.2019,-3.757784,-2.726127,18.70797,3.153857,,,,,,,,2.864355,-2.266018,4.189198,18.74351,1,,-89.5994,-89.5994,-2079.51,0
54.169,5321,51,NOERROR,2,1,,,-86.2019,-3.757784,-2.726127,18.70797,3.153857,,,,,,,,2.864355,-2.266018,4.189198,18.74351,1,,-89.5994,-89.5994,-2079.51,0
54.177,5322,51,NOERROR,2,1,,,-86.2019,-3.757784,-2.726127,18.70797,3.152358,,,,,,,,2.864355,-2.266018,4.189198,18.74351,1,,-89.5994,-89.5994,-2079.51,0
54.184,5323,51,NOERROR,2,1,,,-86.2019,-3.757784,-2.726127,18.70797,3.152358,,,,,,,,2.864355,-2.266018,4.189198,18.74351,1,,-89.5994,-89.5994,-2079.51,0
54.192,5324,51,NOERROR,2,1,,,-86.2019,-3.757784,-2.726127,18.70797,3.150859,,,,,,,,2.864355,-2.266018,4.189198,18.74351,1,,-89.5994,-89.5994,-2079.51,0
54.199,5325,51,NOERROR,2,1,,,-86.2019,-3.757784,-2.726127,18.70797,3.155355,,,,,,,,2.864355,-2.266018,4.189198,18.74351,1,,-89.5994,-89.5994,-2079.51,0
54.207,5326,51,NOERROR,2,1,,,-86.2019,-3.757784,-2.726127,18.70797,3.155355,,,,,,,,2.864355,-2.266018,4.189198,18.74351,1,,-89.5994,-89.5994,-2079.51,0
54.214,5327,51,NOERROR,2,1,,,-86.2019,-3.757784,-2.726127,18.70797,3.158503,,,,,,,,2.864355,-2.266018,4.189198,18.74351,1,,-89.5994,-89.5994,-2079.51,0
54.221,5328,51,NOERROR,2,1,,,-86.2019,-3.757784,-2.726127,18.70797,3.1612,,,,,,,,2.864355,-2.266018,4.189198,18.74351,1,,-89.5994,-89.5994,-2079.51,0
54.229,5329,51,NOERROR,2,1,,,-86.2019,-3.757784,-2.726127,18.70797,3.1612,,,,,,,,2.864355,-2.266018,4.189198,18.74351,1,,-89.5994,-89.5994,-2079.51,0
54.236,5330,51,NOERROR,2,1,,,-86.2019,-3.757784,-2.726127,18.70797,3.162699,,,,,,,,2.864355,-2.266018,4.189198,18.74351,1,,-89.5994,-89.5994,-2079.51,0
54.244,5331,51,NOERROR,2,1,,,-86.2019,-3.757784,-2.726127,18.70797,3.162699,,,,,,,,2.864355,-2.266018,4.189198,18.74351,1,,-89.5994,-89.5994,-2079.51,0
54.251,5332,51,NOERROR,2,1,,,-86.2019,-3.757784,-2.726127,18.70797,3.161649,,,,,,,,2.864355,-2.266018,4.189198,18.74351,1,,-89.5994,-89.5994,-2079.51,0
54.259,5333,51,NOERROR,2,1,,,-86.2019,-3.757784,-2.726127,18.70797,3.161949,,,,,,,,2.864355,-2.266018,4.189198,18.74351,1,,-89.5994,-89.5994,-2079.51,0
54.266,5334,51,NOERROR,2,1,,,-86.2019,-3.757784,-2.814018,18.70797,3.161949,,,,,,,,2.864355,-2.266018,4.189198,18.74351,1,,-89.5994,-89.5994,-2079.51,0
54.274,5335,51,NOERROR,2,1,,,-86.2019,-3.757784,-2.814018,18.70797,3.159851,,,,,,,,2.864355,-2.266018,4.189198,18.74351,1,,-89.5994,-89.5994,-2079.51,0
54.281,5336,51,NOERROR,2,1,,,-86.2019,-3.757784,-2.814018,18.70797,3.159252,,,,,,,,2.864355,-2.266018,4.189198,18.74351,1,,-89.5994,-89.5994,-2079.51,0
54.289,5337,51,NOERROR,2,1,,,-86.2019,-3.757784,-2.814018,18.70797,3.159252,,,,,,,,2.864355,-2.266018,4.189198,18.74351,1,,-89.5994,-89.5994,-2079.51,0
54.296,5338,51,NOERROR,2,1,,,-86.2019,-3.757784,-2.814018,18.70797,3.156854,,,,,,,,2.864355,-2.266018,4.189198,18.74351,1,,-89.5994,-89.5994,-2079.51,0
54.304,5339,51,NOERROR,2,1,,,-86.2019,-3.757784,-2.814018,18.70797,3.156854,,,,,,,,2.864355,-2.266018,4.189198,18.74351,1,,-89.5994,-89.5994,-2079.51,0
54.311,5340,51,NOERROR,2,1,,,-86.2019,-3.757784,-2.814018,18.70797,3.155056,,,,,,,,2.864355,-2.266018,4.189198,18.74351,1,,-89.5994,-89.5994,-2079.51,0
54.319,5341,51,NOERROR,2,1,,,-86.2019,-3.757784,-2.814018,18.70797,3.155505,,,,,,,,2.864355,-2.266018,4.189198,18.74351,1,,-89.5994,-89.5994,-2079.51,0
54.326,5342,51,NOERROR,2,1,,,-86.2019,-3.757784,-2.814018,18.70797,3.155505,,,,,,,,2.864355,-2.266018,4.189198,18.74351,1,,-89.5994,-89.5994,-2079.51,0
54.333,5343,51,NOERROR,2,1,,,-86.2019,-3.757784,-2.814018,18.70797,3.156105,,,,,,,,2.864355,-2.266018,4.189198,18.74351,1,,-89.5994,-89.5994,-2079.51,0
54.341,5344,51,NOERROR,2,1,,,-86.2019,-3.757784,-2.814018,18.70797,3.156105,,,,,,,,2.864355,-2.266018,4.189198,18.74351,1,,-89.5994,-89.5994,-2079.51,0
54.348,5345,51,NOERROR,2,1,,,-86.2019,-3.845675,-2.814018,18.70797,3.158503,,,,,,,,2.864355,-2.266018,4.189198,18.74351,1,,-89.5994,-89.5994,-2079.51,0
54.356,5346,51,NOERROR,2,1,,,-86.2019,-3.845675,-2.901908,18.70797,3.16045,,,,,,,,2.864355,-2.266018,4.189198,18.74351,1,,-89.5994,-89.5994,-2079.51,0
54.363,5347,51,NOERROR,2,1,,,-86.2019,-3.845675,-2.901908,18.70797,3.16045,,,,,,,,2.864355,-2.266018,4.189198,18.74351,1,,-89.5994,-89.5994,-2079.51,0
54.371,5348,51,NOERROR,2,1,,,-86.2019,-3.845675,-2.901908,18.70797,3.1615,,,,,,,,2.864355,-2.266018,4.189198,18.74351,1,,-89.5994,-89.5994,-2079.51,0
54.378,5349,51,NOERROR,2,1,,,-86.2019,-3.845675,-2.901908,18.70797,3.164047,,,,,,,,2.864355,-2.266018,4.189198,18.74351,1,,-89.5994,-89.5994,-2079.51,0
54.386,5350,51,NOERROR,2,1,,,-86.2019,-3.845675,-2.901908,18.70797,3.164047,,,,,,,,2.864355,-2.266018,4.189198,18.74351,1,,-89.5994,-89.5994,-2079.51,0
54.393,5351,51,NOERROR,2,1,,,-86.2019,-3.845675,-2.901908,18.70797,3.165846,,,,,,,,2.864355,-2.266018,4.189198,18.74351,1,,-89.5994,-89.5994,-2079.51,0
54.401,5352,51,NOERROR,2,1,,,-86.2019,-3.845675,-2.901908,18.70797,3.165846,,,,,,,,2.864355,-2.266018,4.189198,18.74351,1,,-89.5994,-89.5994,-2079.51,0
54.408,5353,51,NOERROR,2,1,,,-86.2019,-3.845675,-2.901908,18.70797,3.168843,,,,,,,,2.864355,-2.266018,4.189198,18.74351,1,,-89.5994,-89.5994,-2079.51,0
54.416,5354,51,NOERROR,2,1,,,-86.2019,-3.845675,-2.901908,18.70797,3.168693,,,,,,,,2.864355,-2.266018,4.189198,18.74351,1,,-89.5994,-89.5994,-2079.51,0
54.423,5355,51,NOERROR,2,1,,,-86.2019,-3.845675,-2.901908,18.70797,3.168693,,,,,,,,2.864355,-2.266018,4.189198,18.74351,1,,-89.5994,-89.5994,-2079.51,0
54.431,5356,51,NOERROR,2,1,,,-86.2019,-3.845675,-2.901908,18.70797,3.165696,,,,,,,,2.864355,-2.266018,4.189198,18.74351,1,,-89.5994,-89.5994,-2079.51,0
54.438,5357,51,NOERROR,2,1,,,-86.2019,-3.845675,-2.901908,18.70797,3.165396,,,,,,,,2.864355,-2.266018,4.189198,18.74351,1,,-89.5994,-89.5994,-2079.51,0
54.445,5358,51,NOERROR,2,1,,,-86.2019,-3.845675,-2.901908,18.70797,3.165396,,,,,,,,2.864355,-2.266018,4.189198,18.74351,1,,-89.5994,-89.5994,-2079.51,0
54.453,5359,51,NOERROR,2,1,,,-86.2019,-3.845675,-2.901908,18.70797,3.162549,,,,,,,,2.864355,-2.266018,4.189198,18.74351,1,,-89.5994,-89.5994,-2079.51,0
54.46,5360,51,NOERROR,2,1,,,-86.2019,-3.845675,-2.989799,18.70797,3.162549,,,,,,,,2.864355,-2.266018,4.189198,18.74351,1,,-89.5994,-89.5994,-2079.51,0
54.468,5361,51,NOERROR,2,1,,,-86.2019,-3.845675,-2.989799,18.70797,3.161649,,,,,,,,2.864355,-2.266018,4.189198,18.74351,1,,-89.5994,-89.5994,-2079.51,0
54.475,5362,51,NOERROR,2,1,,,-86.2019,-3.845675,-2.989799,18.70797,3.158802,,,,,,,,2.864355,-2.266018,4.189198,18.74351,1,,-89.5994,-89.5994,-2079.51,0
54.483,5363,51,NOERROR,2,1,,,-86.2019,-3.845675,-2.989799,18.70797,3.158802,,,,,,,,2.864355,-2.266018,4.189198,18.74351,1,,-89.5994,-89.5994,-2079.51,0
54.49,5364,51,NOERROR,2,1,,,-86.2019,-3.845675,-2.989799,18.70797,3.156105,,,,,,,,2.864355,-2.266018,4.189198,18.74351,1,,-89.5994,-89.5994,-2079.51,0
54.498,5365,51,NOERROR,2,1,,,-86.2019,-3.845675,-2.989799,18.70797,3.157004,,,,,,,,2.864355,-2.266018,4.189198,18.74351,1,,-89.5994,-89.5994,-2079.51,0
54.505,5366,51,NOERROR,2,1,,,-86.2019,-3.845675,-2.989799,18.70797,3.157004,,,,,,,,2.864355,-2.266018,4.189198,18.74351,1,,-89.5994,-89.5994,-2079.51,0
54.513,5367,51,NOERROR,2,1,,,-86.2019,-3.845675,-2.989799,18.70797,3.158802,,,,,,,,2.864355,-2.266018,4.189198,18.74351,1,,-89.5994,-89.5994,-2079.51,0
54.52,5368,51,NOERROR,2,1,,,-86.2019,-3.845675,-2.989799,18.70797,3.158802,,,,,,,,2.864355,-2.266018,4.189198,18.74351,1,,-89.5994,-89.5994,-2079.51,0
54.528,5369,51,NOERROR,2,1,,,-86.2019,-3.933565,-2.989799,18.70797,3.162099,,,,,,,,2.864355,-2.266018,4.189198,18.74351,1,,-89.5994,-89.5994,-2079.51,0
54.535,5370,51,NOERROR,2,1,,,-86.2019,-3.933565,-2.989799,18.70797,3.164347,,,,,,,,2.864355,-2.266018,4.189198,18.74351,1,,-89.5994,-89.5994,-2079.51,0
54.543,5371,51,NOERROR,2,1,,,-86.2019,-3.933565,-2.989799,18.70797,3.164347,,,,,,,,2.864355,-2.266018,4.189198,18.74351,1,,-89.5994,-89.5994,-2079.51,0
54.55,5372,51,NOERROR,2,1,,,-86.2019,-3.933565,-2.989799,18.70797,3.164797,,,,,,,,2.864355,-2.266018,4.189198,18.74351,1,,-89.5994,-89.5994,-2079.51,0
54.557,5373,51,NOERROR,2,1,,,-86.2019,-3.933565,-2.989799,18.70797,3.164797,,,,,,,,2.864355,-2.266018,4.189198,18.74351,1,,-89.5994,-89.5994,-2079.51,0
54.565,5374,51,NOERROR,2,1,,,-86.2019,-3.933565,-2.989799,18.70797,3.165546,,,,,,,,2.864355,-2.266018,4.189198,18.74351,1,,-89.5994,-89.5994,-2079.51,0
54.572,5375,51,NOERROR,2,1,,,-86.2019,-3.933565,-2.989799,18.70797,3.164947,,,,,,,,2.864355,-2.266018,4.189198,18.74351,1,,-89.5994,-89.5994,-2079.51,0
54.58,5376,51,NOERROR,2,1,,,-86.2019,-3.933565,-2.989799,18.70797,3.164947,,,,,,,,2.864355,-2.266018,4.189198,18.74351,1,,-89.5994,-89.5994,-2079.51,0
54.587,5377,51,NOERROR,2,1,,,-86.2019,-3.933565,-2.989799,18.70797,3.165546,,,,,,,,2.864355,-2.266018,4.189198,18.74351,1,,-89.5994,-89.5994,-2079.51,0
54.595,5378,51,NOERROR,2,1,,,-86.2019,-3.933565,-2.989799,18.70797,3.165996,,,,,,,,2.864355,-2.266018,4.189198,18.74351,1,,-89.5994,-89.5994,-2079.51,0
54.602,5379,51,NOERROR,2,1,,,-86.2019,-3.933565,-2.989799,18.70797,3.165996,,,,,,,,2.864355,-2.266018,4.189198,18.74351,1,,-89.5994,-89.5994,-2079.51,0
54.61,5380,51,NOERROR,2,1,,,-86.2019,-3.933565,-2.989799,18.70797,3.164047,,,,,,,,2.864355,-2.266018,4.189198,18.74351,1,,-89.5994,-89.5994,-2079.51,0
54.617,5381,51,NOERROR,2,1,,,-86.2019,-3.933565,-3.07769,18.70797,3.164047,,,,,,,,2.864355,-2.266018,4.189198,18.74351,1,,-89.5994,-89.5994,-2079.51,0
54.625,5382,51,NOERROR,2,1,,,-86.2019,-3.933565,-3.07769,18.70797,3.162249,,,,,,,,2.864355,-2.266018,4.189198,18.74351,1,,-89.5994,-89.5994,-2079.51,0
54.632,5383,51,NOERROR,2,1,,,-86.2019,-3.933565,-3.07769,18.70797,3.158652,,,,,,,,2.864355,-2.266018,4.189198,18.74351,1,,-89.5994,-89.5994,-2079.51,0
54.64,5384,51,NOERROR,2,1,,,-86.2019,-3.933565,-3.07769,18.70797,3.158652,,,,,,,,2.864355,-2.266018,4.189198,18.74351,1,,-89.5994,-89.5994,-2079.51,0
54.647,5385,51,NOERROR,2,1,,,-86.2019,-3.933565,-3.07769,18.70797,3.157753,,,,,,,,2.864355,-2.266018,4.189198,18.74351,1,,-89.5994,-89.5994,-2079.51,0
54.655,5386,51,NOERROR,2,1,,,-86.2019,-3.933565,-3.07769,18.70797,3.157304,,,,,,,,2.864355,-2.266018,4.189198,18.74351,1,,-89.5994,-89.5994,-2079.51,0
54.662,5387,51,NOERROR,2,1,,,-86.2019,-3.933565,-3.07769,18.70797,3.157304,,,,,,,,2.864355,-2.266018,4.189198,18.74351,1,,-89.5994,-89.5994,-2079.51,0
54.669,5388,51,NOERROR,2,1,,,-86.2019,-3.933565,-3.07769,18.70797,3.158053,,,,,,,,2.864355,-2.266018,4.189198,18.74351,1,,-89.5994,-89.5994,-2079.51,0
54.677,5389,51,NOERROR,2,1,,,-86.2019,-3.933565,-3.07769,18.70797,3.158053,,,,,,,,2.864355,-2.266018,4.189198,18.74351,1,,-89.5994,-89.5994,-2079.51,0
54.684,5390,51,NOERROR,2,1,,,-86.2019,-4.021456,-3.07769,18.70797,3.16105,,,,,,,,2.864355,-2.266018,4.189198,18.74351,1,,-89.5994,-89.5994,-2079.51,0
54.692,5391,51,NOERROR,2,1,,,-86.2019,-4.021456,-3.07769,18.70797,3.164197,,,,,,,,2.864355,-2.266018,4.189198,18.74351,1,,-89.5994,-89.5994,-2079.51,0
54.699,5392,51,NOERROR,2,1,,,-86.2019,-4.021456,-3.07769,18.70797,3.164197,,,,,,,,2.864355,-2.266018,4.189198,18.74351,1,,-89.5994,-89.5994,-2079.51,0
54.707,5393,51,NOERROR,2,1,,,-86.2019,-4.021456,-3.07769,18.70797,3.167494,,,,,,,,2.864355,-2.266018,4.189198,18.74351,1,,-89.5994,-89.5994,-2079.51,0
54.714,5394,51,NOERROR,2,1,,,-86.2019,-4.021456,-3.07769,18.70797,3.169293,,,,,,,,2.864355,-2.266018,4.189198,18.74351,1,,-89.5994,-89.5994,-2079.51,0
54.722,5395,51,NOERROR,2,1,,,-86.2019,-4.021456,-3.07769,18.70797,3.169293,,,,,,,,2.864355,-2.266018,4.189198,18.74351,1,,-89.5994,-89.5994,-2079.51,0
54.729,5396,51,NOERROR,2,1,,,-86.2019,-4.021456,-3.07769,18.70797,3.168094,,,,,,,,2.864355,-2.266018,4.189198,18.74351,1,,-89.5994,-89.5994,-2079.51,0
54.737,5397,51,NOERROR,2,1,,,-86.2019,-4.021456,-3.07769,18.70797,3.168094,,,,,,,,2.864355,-2.266018,4.189198,18.74351,1,,-89.5994,-89.5994,-2079.51,0
54.744,5398,51,NOERROR,2,1,,,-86.2019,-4.021456,-3.07769,18.70797,3.168543,,,,,,,,2.864355,-2.266018,4.189198,18.74351,1,,-89.5994,-89.5994,-2079.51,0
54.752,5399,51,NOERROR,2,1,,,-86.2019,-4.021456,-3.07769,18.70797,3.166595,,,,,,,,2.864355,-2.266018,4.189198,18.74351,1,,-89.5994,-89.5994,-2079.51,0
54.759,5400,51,NOERROR,2,1,,,-86.2019,-4.021456,-3.07769,18.70797,3.166595,,,,,,,,2.864355,-2.266018,4.189198,18.74351,1,,-89.5994,-89.5994,-2079.51,0
54.767,5401,51,NOERROR,2,1,,,-86.2019,-4.021456,-3.07769,18.70797,3.164197,,,,,,,,2.864355,-2.266018,4.189198,18.74351,1,,-89.5994,-89.5994,-2079.51,0
54.774,5402,51,NOERROR,2,1,,,-86.2019,-4.021456,-3.07769,18.70797,3.164197,,,,,,,,2.864355,-2.266018,4.189198,18.74351,1,,-89.5994,-89.5994,-2079.51,0
54.781,5403,51,NOERROR,2,1,,,-86.2019,-4.021456,-3.07769,18.70797,3.163148,,,,,,,,2.864355,-2.266018,4.189198,18.74351,1,,-89.5994,-89.5994,-2079.51,0
54.789,5404,51,NOERROR,2,1,,,-86.2019,-4.021456,-3.07769,18.70797,3.1612,,,,,,,,2.864355,-2.266018,4.189198,18.74351,1,,-89.5994,-89.5994,-2079.51,0
54.796,5405,51,NOERROR,2,1,,,-86.2019,-4.021456,-3.07769,18.70797,3.1612,,,,,,,,2.864355,-2.266018,4.189198,18.74351,1,,-89.5994,-89.5994,-2079.51,0
54.804,5406,51,NOERROR,2,1,,,-86.2019,-4.021456,-3.07769,18.70797,3.16135,,,,,,,,2.864355,-2.266018,4.189198,18.74351,1,,-89.5994,-89.5994,-2079.51,0
54.811,5407,51,NOERROR,2,1,,,-86.2019,-4.021456,-3.07769,18.70797,3.159252,,,,,,,,2.864355,-2.266018,4.189198,18.74351,1,,-89.5994,-89.5994,-2079.51,0
54.819,5408,51,NOERROR,2,1,,,-86.2019,-4.021456,-3.07769,18.70797,3.159252,,,,,,,,2.864355,-2.266018,4.189198,18.74351,1,,-89.5994,-89.5994,-2079.51,0
54.826,5409,51,NOERROR,2,1,,,-86.2019,-4.021456,-3.07769,18.70797,3.158802,,,,,,,,2.864355,-2.266018,4.189198,18.74351,1,,-89.5994,-89.5994,-2079.51,0
54.834,5410,51,NOERROR,2,1,,,-86.2019,-4.021456,-3.07769,18.70797,3.158802,,,,,,,,2.864355,-2.266018,4.189198,18.74351,1,,-89.5994,-89.5994,-2079.51,0
54.841,5411,51,NOERROR,2,1,,,-86.2019,-4.021456,-3.07769,18.70797,3.160151,,,,,,,,2.864355,-2.266018,4.189198,18.74351,1,,-89.5994,-89.5994,-2079.51,0
54.849,5412,51,NOERROR,2,1,,,-86.2019,-4.021456,-3.07769,18.70797,3.162099,,,,,,,,2.864355,-2.266018,4.189198,18.74351,1,,-89.5994,-89.5994,-2079.51,0
54.856,5413,51,NOERROR,2,1,,,-86.2019,-4.021456,-3.16558,18.70797,3.162099,,,,,,,,2.864355,-2.266018,4.189198,18.74351,1,,-89.5994,-89.5994,-2079.51,0
54.864,5414,51,NOERROR,2,1,,,-86.2019,-4.021456,-3.16558,18.70797,3.165546,,,,,,,,2.864355,-2.266018,4.189198,18.74351,1,,-89.5994,-89.5994,-2079.51,0
54.871,5415,51,NOERROR,2,1,,,-86.2019,-4.021456,-3.16558,18.70797,3.166595,,,,,,,,2.864355,-2.266018,4.189198,18.74351,1,,-89.5994,-89.5994,-2079.51,0
54.879,5416,51,NOERROR,2,1,,,-86.2019,-4.021456,-3.16558,18.70797,3.166595,,,,,,,,2.864355,-2.266018,4.189198,18.74351,1,,-89.5994,-89.5994,-2079.51,0
54.886,5417,51,NOERROR,2,1,,,-86.2019,-4.021456,-3.16558,18.70797,3.167344,,,,,,,,2.864355,-2.266018,4.189198,18.74351,1,,-89.5994,-89.5994,-2079.51,0
54.894,5418,51,NOERROR,2,1,,,-86.2019,-4.021456,-3.16558,18.70797,3.167344,,,,,,,,2.864355,-2.266018,4.189198,18.74351,1,,-89.5994,-89.5994,-2079.51,0
54.901,5419,51,NOERROR,2,1,,,-86.2019,-4.021456,-3.16558,18.70797,3.168693,,,,,,,,2.864355,-2.266018,4.189198,18.74351,1,,-89.5994,-89.5994,-2079.51,0
54.908,5420,51,NOERROR,2,1,,,-86.2019,-4.021456,-3.16558,18.70797,3.166895,,,,,,,,2.864355,-2.266018,4.189198,18.74351,1,,-89.5994,-89.5994,-2079.51,0
54.916,5421,51,NOERROR,2,1,,,-86.2019,-4.021456,-3.16558,18.70797,3.166895,,,,,,,,2.864355,-2.266018,4.189198,18.74351,1,,-89.5994,-89.5994,-2079.51,0
54.923,5422,51,NOERROR,2,1,,,-86.2019,-4.021456,-3.16558,18.70797,3.167194,,,,,,,,2.864355,-2.266018,4.189198,18.74351,1,,-89.5994,-89.5994,-2079.51,0
54.931,5423,51,NOERROR,2,1,,,-86.2019,-4.021456,-3.16558,18.70797,3.164647,,,,,,,,2.864355,-2.266018,4.189198,18.74351,1,,-89.5994,-89.5994,-2079.51,0
54.938,5424,51,NOERROR,2,1,,,-86.2019,-4.021456,-3.16558,18.70797,3.164647,,,,,,,,2.864355,-2.266018,4.189198,18.74351,1,,-89.5994,-89.5994,-2079.51,0
54.946,5425,51,NOERROR,2,1,,,-86.2019,-4.021456,-3.16558,18.70797,3.162699,,,,,,,,2.864355,-2.266018,4.189198,18.74351,1,,-89.5994,-89.5994,-2079.51,0
54.953,5426,51,NOERROR,2,1,,,-86.2019,-4.021456,-3.16558,18.70797,3.162699,,,,,,,,2.864355,-2.266018,4.189198,18.74351,1,,-89.5994,-89.5994,-2079.51,0
54.961,5427,51,NOERROR,2,1,,,-86.2019,-4.021456,-3.16558,18.70797,3.16135,,,,,,,,2.864355,-2.266018,4.189198,18.74351,1,,-89.5994,-89.5994,-2079.51,0
54.968,5428,51,NOERROR,2,1,,,-86.2019,-4.021456,-3.16558,18.70797,3.159252,,,,,,,,2.864355,-2.266018,4.189198,18.74351,1,,-89.5994,-89.5994,-2079.51,0
54.976,5429,51,NOERROR,2,1,,,-86.2019,-4.021456,-3.16558,18.70797,3.159252,,,,,,,,2.864355,-2.266018,4.189198,18.74351,1,,-89.5994,-89.5994,-2079.51,0
54.983,5430,51,NOERROR,2,1,,,-86.2019,-4.021456,-3.16558,18.70797,3.159252,,,,,,,,2.864355,-2.266018,4.189198,18.74351,1,,-89.5994,-89.5994,-2079.51,0
54.991,5431,51,NOERROR,2,1,,,-86.2019,-4.021456,-3.16558,18.70797,3.159252,,,,,,,,2.864355,-2.266018,4.189198,18.74351,1,,-89.5994,-89.5994,-2079.51,0
54.998,5432,51,NOERROR,2,1,,,-86.2019,-4.021456,-3.16558,18.70797,3.16075,,,,,,,,2.864355,-2.266018,4.189198,18.74351,1,,-89.5994,-89.5994,-2079.51,0
55.006,5433,51,NOERROR,2,1,,,-86.2019,-4.021456,-3.16558,18.70797,3.163748,,,,,,,,2.864355,-2.266018,4.189198,18.74351,1,,-89.5994,-89.5994,-2079.51,0
55.013,5434,51,NOERROR,2,1,,,-86.2019,-4.021456,-3.16558,18.70797,3.163748,,,,,,,,2.864355,-2.266018,4.189198,18.74351,1,,-89.5994,-89.5994,-2079.51,0
55.02,5435,51,NOERROR,2,1,,,-86.2019,-4.021456,-3.16558,18.70797,3.165246,,,,,,,,2.864355,-2.266018,4.189198,18.74351,1,,-89.5994,-89.5994,-2079.51,0
55.028,5436,51,NOERROR,2,1,,,-86.2019,-4.021456,-3.16558,18.70797,3.166145,,,,,,,,2.864355,-2.266018,4.189198,18.74351,1,,-89.5994,-89.5994,-2079.51,0
55.035,5437,51,NOERROR,2,1,,,-86.2019,-4.021456,-3.16558,18.70797,3.166145,,,,,,,,2.864355,-2.266018,4.189198,18.74351,1,,-89.5994,-89.5994,-2079.51,0
55.043,5438,51,NOERROR,2,1,,,-86.2019,-4.021456,-3.16558,18.70797,3.169143,,,,,,,,2.864355,-2.266018,4.189198,18.74351,1,,-89.5994,-89.5994,-2079.51,0
55.05,5439,51,NOERROR,2,1,,,-86.2019,-4.021456,-3.16558,18.70797,3.169143,,,,,,,,2.864355,-2.266018,4.189198,18.74351,1,,-89.5994,-89.5994,-2079.51,0
55.058,5440,51,NOERROR,2,1,,,-86.2019,-4.021456,-3.16558,18.70797,3.169592,,,,,,,,2.864355,-2.266018,4.189198,18.74351,1,,-89.5994,-89.5994,-2079.51,0
55.065,5441,51,NOERROR,2,1,,,-86.2019,-4.021456,-3.16558,18.70797,3.168543,,,,,,,,2.864355,-2.266018,4.189198,18.74351,1,,-89.5994,-89.5994,-2079.51,0
55.073,5442,51,NOERROR,2,1,,,-86.2019,-4.021456,-3.16558,18.70797,3.168543,,,,,,,,2.864355,-2.266018,4.189198,18.74351,1,,-89.5994,-89.5994,-2079.51,0
55.08,5443,51,NOERROR,2,1,,,-86.2019,-4.021456,-3.16558,18.70797,3.167344,,,,,,,,2.864355,-2.266018,4.189198,18.74351,1,,-89.5994,-89.5994,-2079.51,0
55.088,5444,51,NOERROR,2,1,,,-86.2019,-4.021456,-3.16558,18.70797,3.164497,,,,,,,,2.864355,-2.266018,4.189198,18.74351,1,,-89.5994,-89.5994,-2079.51,0
55.095,5445,51,NOERROR,2,1,,,-86.2019,-4.021456,-3.16558,18.70797,3.164497,,,,,,,,2.864355,-2.266018,4.189198,18.74351,1,,-89.5994,-89.5994,-2079.51,0
55.103,5446,51,NOERROR,2,1,,,-86.2019,-4.021456,-3.16558,18.70797,3.163898,,,,,,,,2.864355,-2.266018,4.189198,18.74351,1,,-89.5994,-89.5994,-2079.51,0
55.11,5447,51,NOERROR,2,1,,,-86.2019,-4.021456,-3.16558,18.70797,3.163898,,,,,,,,2.864355,-2.266018,4.189198,18.74351,1,,-89.5994,-89.5994,-2079.51,0
55.118,5448,51,NOERROR,2,1,,,-86.2019,-4.021456,-3.16558,18.70797,3.162998,,,,,,,,2.864355,-2.266018,4.189198,18.74351,1,,-89.5994,-89.5994,-2079.51,0
55.125,5449,51,NOERROR,2,1,,,-86.2019,-4.021456,-3.16558,18.70797,3.1612,,,,,,,,2.864355,-2.266018,4.189198,18.74351,1,,-89.5994,-89.5994,-2079.51,0
55.132,5450,51,NOERROR,2,1,,,-86.2019,-4.021456,-3.16558,18.70797,3.1612,,,,,,,,2.864355,-2.266018,4.189198,18.74351,1,,-89.5994,-89.5994,-2079.51,0
55.14,5451,51,NOERROR,2,1,,,-86.2019,-4.021456,-3.16558,18.70797,3.1609,,,,,,,,2.864355,-2.266018,4.189198,18.74351,1,,-89.5994,-89.5994,-2079.51,0
55.147,5452,51,NOERROR,2,1,,,-86.2019,-4.021456,-3.16558,18.70797,3.1609,,,,,,,,2.864355,-2.266018,4.189198,18.74351,1,,-89.5994,-89.5994,-2079.51,0
55.155,5453,51,NOERROR,2,1,,,-86.2019,-4.021456,-3.16558,18.70797,3.1606,,,,,,,,2.864355,-2.266018,4.189198,18.74351,1,,-89.5994,-89.5994,-2079.51,0
55.162,5454,51,NOERROR,2,1,,,-86.2019,-4.021456,-3.16558,18.70797,3.162998,,,,,,,,2.864355,-2.266018,4.189198,18.74351,1,,-89.5994,-89.5994,-2079.51,0
55.17,5455,51,NOERROR,2,1,,,-86.2019,-4.021456,-3.16558,18.70797,3.162998,,,,,,,,2.864355,-2.266018,4.189198,18.74351,1,,-89.5994,-89.5994,-2079.51,0
55.177,5456,51,NOERROR,2,1,,,-86.2019,-4.021456,-3.16558,18.70797,3.163298,,,,,,,,2.864355,-2.266018,4.189198,18.74351,1,,-89.5994,-89.5994,-2079.51,0
55.185,5457,51,NOERROR,2,1,,,-86.2019,-4.021456,-3.16558,18.70797,3.164947,,,,,,,,2.864355,-2.266018,4.189198,18.74351,1,,-89.5994,-89.5994,-2079.51,0
55.192,5458,51,NOERROR,2,1,,,-86.2019,-4.021456,-3.16558,18.70797,3.164947,,,,,,,,2.864355,-2.266018,4.189198,18.74351,1,,-89.5994,-89.5994,-2079.51,0
55.2,5459,51,NOERROR,2,1,,,-86.2019,-4.021456,-3.16558,18.70797,3.167194,,,,,,,,2.864355,-2.266018,4.189198,18.74351,1,,-89.5994,-89.5994,-2079.51,0
55.207,5460,51,NOERROR,2,1,,,-86.2019,-4.021456,-3.16558,18.70797,3.167194,,,,,,,,2.864355,-2.266018,4.189198,18.74351,1,,-89.5994,-89.5994,-2079.51,0
55.215,5461,51,NOERROR,2,1,,,-86.2019,-4.021456,-3.16558,18.70797,3.166595,,,,,,,,2.864355,-2.266018,4.189198,18.74351,1,,-89.5994,-89.5994,-2079.51,0
55.222,5462,51,NOERROR,2,1,,,-86.2019,-4.021456,-3.16558,18.70797,3.166895,,,,,,,,2.864355,-2.266018,4.189198,18.74351,1,,-89.5994,-89.5994,-2079.51,0
55.23,5463,51,NOERROR,2,1,,,-86.2019,-4.021456,-3.16558,18.70797,3.166895,,,,,,,,2.864355,-2.266018,4.189198,18.74351,1,,-89.5994,-89.5994,-2079.51,0
55.237,5464,51,NOERROR,2,1,,,-86.2019,-4.021456,-3.16558,18.70797,3.166445,,,,,,,,2.864355,-2.266018,4.189198,18.74351,1,,-89.5994,-89.5994,-2079.51,0
55.244,5465,51,NOERROR,2,1,,,-86.2019,-4.021456,-3.16558,18.70797,3.165696,,,,,,,,2.864355,-2.266018,4.189198,18.74351,1,,-89.5994,-89.5994,-2079.51,0
55.252,5466,51,NOERROR,2,1,,,-86.2019,-4.021456,-3.16558,18.70797,3.165696,,,,,,,,2.864355,-2.266018,4.189198,18.74351,1,,-89.5994,-89.5994,-2079.51,0
55.259,5467,51,NOERROR,2,1,,,-86.2019,-4.021456,-3.16558,18.70797,3.163598,,,,,,,,2.864355,-2.266018,4.189198,18.74351,1,,-89.5994,-89.5994,-2079.51,0
55.267,5468,51,NOERROR,2,1,,,-86.2019,-4.021456,-3.16558,18.70797,3.163598,,,,,,,,2.864355,-2.266018,4.189198,18.74351,1,,-89.5994,-89.5994,-2079.51,0
55.274,5469,51,NOERROR,2,1,,,-86.2019,-4.021456,-3.16558,18.70797,3.1612,,,,,,,,2.864355,-2.266018,4.189198,18.74351,1,,-89.5994,-89.5994,-2079.51,0
55.282,5470,51,NOERROR,2,1,,,-86.2019,-4.021456,-3.16558,18.70797,3.16135,,,,,,,,2.864355,-2.266018,4.189198,18.74351,1,,-89.5994,-89.5994,-2079.51,0
55.289,5471,51,NOERROR,2,1,,,-86.2019,-4.021456,-3.16558,18.70797,3.16135,,,,,,,,2.864355,-2.266018,4.189198,18.74351,1,,-89.5994,-89.5994,-2079.51,0
55.297,5472,51,NOERROR,2,1,,,-86.2019,-4.021456,-3.16558,18.70797,3.16045,,,,,,,,2.864355,-2.266018,4.189198,18.74351,1,,-89.5994,-89.5994,-2079.51,0
55.304,5473,51,NOERROR,2,1,,,-86.2019,-4.021456,-3.16558,18.70797,3.159851,,,,,,,,2.864355,-2.266018,4.189198,18.74351,1,,-89.5994,-89.5994,-2079.51,0
55.312,5474,51,NOERROR,2,1,,,-86.2019,-4.021456,-3.16558,18.70797,3.159851,,,,,,,,2.864355,-2.266018,4.189198,18.74351,1,,-89.5994,-89.5994,-2079.51,0
55.319,5475,51,NOERROR,2,1,,,-86.2019,-4.021456,-3.16558,18.70797,3.16105,,,,,,,,2.864355,-2.266018,4.189198,18.74351,1,,-89.5994,-89.5994,-2079.51,0
55.327,5476,51,NOERROR,2,1,,,-86.2019,-4.021456,-3.16558,18.70797,3.16105,,,,,,,,2.864355,-2.266018,4.189198,18.74351,1,,-89.5994,-89.5994,-2079.51,0
55.334,5477,51,NOERROR,2,1,,,-86.2019,-4.021456,-3.16558,18.70797,3.16135,,,,,,,,2.864355,-2.266018,4.189198,18.74351,1,,-89.5994,-89.5994,-2079.51,0
55.342,5478,51,NOERROR,2,1,,,-86.2019,-4.021456,-3.16558,18.70797,3.163598,,,,,,,,2.864355,-2.266018,4.189198,18.74351,1,,-89.5994,-89.5994,-2079.51,0
55.349,5479,51,NOERROR,2,1,,,-86.2019,-4.021456,-3.16558,18.70797,3.163598,,,,,,,,2.864355,-2.266018,4.189198,18.74351,1,,-89.5994,-89.5994,-2079.51,0
55.356,5480,51,NOERROR,2,1,,,-86.2019,-4.021456,-3.16558,18.70797,3.164497,,,,,,,,2.864355,-2.266018,4.189198,18.74351,1,,-89.5994,-89.5994,-2079.51,0
55.364,5481,51,NOERROR,2,1,,,-86.2019,-4.021456,-3.16558,18.70797,3.164497,,,,,,,,2.864355,-2.266018,4.189198,18.74351,1,,-89.5994,-89.5994,-2079.51,0
55.371,5482,51,NOERROR,2,1,,,-86.2019,-4.021456,-3.16558,18.70797,3.164497,,,,,,,,2.864355,-2.266018,4.189198,18.74351,1,,-89.5994,-89.5994,-2079.51,0
55.379,5483,51,NOERROR,2,1,,,-86.2019,-4.021456,-3.07769,18.70797,3.164947,,,,,,,,2.864355,-2.266018,4.189198,18.74351,1,,-89.5994,-89.5994,-2079.51,0
55.386,5484,51,NOERROR,2,1,,,-86.2019,-4.021456,-3.07769,18.70797,3.164947,,,,,,,,2.864355,-2.266018,4.189198,18.74351,1,,-89.5994,-89.5994,-2079.51,0
55.394,5485,51,NOERROR,2,1,,,-86.2019,-4.021456,-3.07769,18.70797,3.164197,,,,,,,,2.864355,-2.266018,4.189198,18.74351,1,,-89.5994,-89.5994,-2079.51,0
55.401,5486,51,NOERROR,2,1,,,-86.2019,-4.021456,-3.07769,18.70797,3.163298,,,,,,,,2.864355,-2.266018,4.189198,18.74351,1,,-89.5994,-89.5994,-2079.51,0
55.409,5487,51,NOERROR,2,1,,,-86.2019,-4.021456,-3.07769,18.70797,3.163298,,,,,,,,2.864355,-2.266018,4.189198,18.74351,1,,-89.5994,-89.5994,-2079.51,0
55.416,5488,51,NOERROR,2,1,,,-86.2019,-4.021456,-3.07769,18.70797,3.1606,,,,,,,,2.864355,-2.266018,4.189198,18.74351,1,,-89.5994,-89.5994,-2079.51,0
55.424,5489,51,NOERROR,2,1,,,-86.2019,-4.021456,-3.07769,18.70797,3.1606,,,,,,,,2.864355,-2.266018,4.189198,18.74351,1,,-89.5994,-89.5994,-2079.51,0
55.431,5490,51,NOERROR,2,1,,,-86.2019,-4.021456,-3.07769,18.70797,3.158053,,,,,,,,2.864355,-2.266018,4.189198,18.74351,1,,-89.5994,-89.5994,-2079.51,0
55.439,5491,51,NOERROR,2,1,,,-86.2019,-4.021456,-3.07769,18.70797,3.155355,,,,,,,,2.864355,-2.266018,4.189198,18.74351,1,,-89.5994,-89.5994,-2079.51,0
55.446,5492,51,NOERROR,2,1,,,-86.2019,-4.021456,-3.07769,18.70797,3.155355,,,,,,,,2.864355,-2.266018,4.189198,18.74351,1,,-89.5994,-89.5994,-2079.51,0
55.454,5493,51,NOERROR,2,1,,,-86.2019,-4.021456,-3.07769,18.70797,3.154006,,,,,,,,2.864355,-2.266018,4.189198,18.74351,1,,-89.5994,-89.5994,-2079.51,0
55.461,5494,51,NOERROR,2,1,,,-86.2019,-4.021456,-3.07769,18.70797,3.156854,,,,,,,,2.864355,-2.266018,4.189198,18.74351,1,,-89.5994,-89.5994,-2079.51,0
55.468,5495,51,NOERROR,2,1,,,-86.2019,-4.021456,-3.07769,18.70797,3.156854,,,,,,,,2.864355,-2.266018,4.189198,18.74351,1,,-89.5994,-89.5994,-2079.51,0
55.476,5496,51,NOERROR,2,1,,,-86.2019,-4.021456,-3.07769,18.70797,3.159701,,,,,,,,2.864355,-2.266018,4.189198,18.74351,1,,-89.5994,-89.5994,-2079.51,0
55.483,5497,51,NOERROR,2,1,,,-86.2019,-4.021456,-3.07769,18.70797,3.159701,,,,,,,,2.864355,-2.266018,4.189198,18.74351,1,,-89.5994,-89.5994,-2079.51,0
55.491,5498,51,NOERROR,2,1,,,-86.2019,-4.021456,-3.07769,18.70797,3.1612,,,,,,,,2.864355,-2.266018,4.189198,18.74351,1,,-89.5994,-89.5994,-2079.51,0
55.498,5499,51,NOERROR,2,1,,,-86.2019,-4.021456,-3.07769,18.70797,3.163748,,,,,,,,2.864355,-2.266018,4.189198,18.74351,1,,-89.5994,-89.5994,-2079.51,0
55.506,5500,51,NOERROR,2,1,,,-86.2019,-4.021456,-3.07769,18.70797,3.163748,,,,,,,,2.864355,-2.266018,4.189198,18.74351,1,,-89.5994,-89.5994,-2079.51,0
55.513,5501,51,NOERROR,2,1,,,-86.2019,-4.021456,-3.07769,18.70797,3.164047,,,,,,,,2.864355,-2.266018,4.189198,18.74351,1,,-89.5994,-89.5994,-2079.51,0
55.521,5502,51,NOERROR,2,1,,,-86.2019,-4.021456,-3.07769,18.70797,3.166295,,,,,,,,2.864355,-2.266018,4.189198,18.74351,1,,-89.5994,-89.5994,-2079.51,0
55.528,5503,51,NOERROR,2,1,,,-86.2019,-4.021456,-3.07769,18.70797,3.166295,,,,,,,,2.864355,-2.266018,4.189198,18.74351,1,,-89.5994,-89.5994,-2079.51,0
55.536,5504,51,NOERROR,2,1,,,-86.2019,-4.021456,-3.07769,18.70797,3.166295,,,,,,,,2.864355,-2.266018,4.189198,18.74351,1,,-89.5994,-89.5994,-2079.51,0
55.543,5505,51,NOERROR,2,1,,,-86.2019,-4.021456,-3.07769,18.70797,3.166295,,,,,,,,2.864355,-2.266018,4.189198,18.74351,1,,-89.5994,-89.5994,-2079.51,0
55.551,5506,51,NOERROR,2,1,,,-86.2019,-4.021456,-3.07769,18.70797,3.164797,,,,,,,,2.864355,-2.266018,4.189198,18.74351,1,,-89.5994,-89.5994,-2079.51,0
55.558,5507,51,NOERROR,2,1,,,-86.2019,-4.021456,-3.07769,18.70797,3.163598,,,,,,,,2.864355,-2.266018,4.189198,18.74351,1,,-89.5994,-89.5994,-2079.51,0
55.566,5508,51,NOERROR,2,1,,,-86.2019,-4.021456,-3.07769,18.70797,3.163598,,,,,,,,2.864355,-2.266018,4.189198,18.74351,1,,-89.5994,-89.5994,-2079.51,0
55.573,5509,51,NOERROR,2,1,,,-86.2019,-4.021456,-3.07769,18.70797,3.1612,,,,,,,,2.864355,-2.266018,4.189198,18.74351,1,,-89.5994,-89.5994,-2079.51,0
55.581,5510,51,NOERROR,2,1,,,-86.2019,-4.021456,-3.07769,18.70797,3.1612,,,,,,,,2.864355,-2.266018,4.189198,18.74351,1,,-89.5994,-89.5994,-2079.51,0
55.588,5511,51,NOERROR,2,1,,,-86.2019,-4.021456,-3.07769,18.70797,3.1612,,,,,,,,2.864355,-2.266018,4.189198,18.74351,1,,-89.5994,-89.5994,-2079.51,0
55.595,5512,51,NOERROR,2,1,,,-86.2019,-4.021456,-2.989799,18.70797,3.160151,,,,,,,,2.864355,-2.266018,4.189198,18.74351,1,,-89.5994,-89.5994,-2079.51,0
55.603,5513,51,NOERROR,2,1,,,-86.2019,-4.021456,-2.989799,18.70797,3.160151,,,,,,,,2.864355,-2.266018,4.189198,18.74351,1,,-89.5994,-89.5994,-2079.51,0
55.61,5514,51,NOERROR,2,1,,,-86.2019,-4.021456,-2.989799,18.70797,3.159701,,,,,,,,2.864355,-2.266018,4.189198,18.74351,1,,-89.5994,-89.5994,-2079.51,0
55.618,5515,51,NOERROR,2,1,,,-86.2019,-4.021456,-2.989799,18.70797,3.162399,,,,,,,,2.864355,-2.266018,4.189198,18.74351,1,,-89.5994,-89.5994,-2079.51,0
55.625,5516,51,NOERROR,2,1,,,-86.2019,-3.933565,-2.989799,18.70797,3.162399,,,,,,,,2.864355,-2.266018,4.189198,18.74351,1,,-89.5994,-89.5994,-2079.51,0
55.633,5517,51,NOERROR,2,1,,,-86.2019,-3.933565,-2.989799,18.70797,3.164197,,,,,,,,2.864355,-2.266018,4.189198,18.74351,1,,-89.5994,-89.5994,-2079.51,0
55.64,5518,51,NOERROR,2,1,,,-86.2019,-3.933565,-2.989799,18.70797,3.164197,,,,,,,,2.864355,-2.266018,4.189198,18.74351,1,,-89.5994,-89.5994,-2079.51,0
55.648,5519,51,NOERROR,2,1,,,-86.2019,-3.933565,-2.989799,18.70797,3.166445,,,,,,,,2.864355,-2.266018,4.189198,18.74351,1,,-89.5994,-89.5994,-2079.51,0
55.655,5520,51,NOERROR,2,1,,,-86.2019,-3.933565,-2.989799,18.70797,3.168693,,,,,,,,2.864355,-2.266018,4.189198,18.74351,1,,-89.5994,-89.5994,-2079.51,0
55.663,5521,51,NOERROR,2,1,,,-86.2019,-3.933565,-2.989799,18.70797,3.168693,,,,,,,,2.864355,-2.266018,4.189198,18.74351,1,,-89.5994,-89.5994,-2079.51,0
55.67,5522,51,NOERROR,2,1,,,-86.2019,-3.933565,-2.989799,18.70797,3.169892,,,,,,,,2.864355,-2.266018,4.189198,18.74351,1,,-89.5994,-89.5994,-2079.51,0
55.678,5523,51,NOERROR,2,1,,,-86.2019,-3.933565,-2.989799,18.70797,3.170042,,,,,,,,2.864355,-2.266018,4.189198,18.74351,1,,-89.5994,-89.5994,-2079.51,0
55.685,5524,51,NOERROR,2,1,,,-86.2019,-3.933565,-2.989799,18.70797,3.170042,,,,,,,,2.864355,-2.266018,4.189198,18.74351,1,,-89.5994,-89.5994,-2079.51,0
55.693,5525,51,NOERROR,2,1,,,-86.2019,-3.933565,-2.989799,18.70797,3.167944,,,,,,,,2.864355,-2.266018,4.189198,18.74351,1,,-89.5994,-89.5994,-2079.51,0
55.7,5526,51,NOERROR,2,1,,,-86.2019,-3.933565,-2.989799,18.70797,3.167944,,,,,,,,2.864355,-2.266018,4.189198,18.74351,1,,-89.5994,-89.5994,-2079.51,0
55.707,5527,51,NOERROR,2,1,,,-86.2019,-3.933565,-2.989799,18.70797,3.168693,,,,,,,,2.864355,-2.266018,4.189198,18.74351,1,,-89.5994,-89.5994,-2079.51,0
55.715,5528,51,NOERROR,2,1,,,-86.2019,-3.933565,-2.989799,18.70797,3.168393,,,,,,,,2.864355,-2.266018,4.189198,18.74351,1,,-89.5994,-89.5994,-2079.51,0
55.722,5529,51,NOERROR,2,1,,,-86.2019,-3.933565,-2.989799,18.70797,3.168393,,,,,,,,2.864355,-2.266018,4.189198,18.74351,1,,-89.5994,-89.5994,-2079.51,0
55.73,5530,51,NOERROR,2,1,,,-86.2019,-3.933565,-2.989799,18.70797,3.167194,,,,,,,,2.864355,-2.266018,4.189198,18.74351,1,,-89.5994,-89.5994,-2079.51,0
55.737,5531,51,NOERROR,2,1,,,-86.2019,-3.933565,-2.989799,18.70797,3.167194,,,,,,,,2.864355,-2.266018,4.189198,18.74351,1,,-89.5994,-89.5994,-2079.51,0
55.745,5532,51,NOERROR,2,1,,,-86.2019,-3.933565,-2.989799,18.70797,3.166145,,,,,,,,2.864355,-2.266018,4.189198,18.74351,1,,-89.5994,-89.5994,-2079.51,0
55.752,5533,51,NOERROR,2,1,,,-86.2019,-3.933565,-2.989799,18.70797,3.162699,,,,,,,,2.864355,-2.266018,4.189198,18.74351,1,,-89.5994,-89.5994,-2079.51,0
55.76,5534,51,NOERROR,2,1,,,-86.2019,-3.933565,-2.989799,18.70797,3.162699,,,,,,,,2.864355,-2.266018,4.189198,18.74351,1,,-89.5994,-89.5994,-2079.51,0
55.767,5535,51,NOERROR,2,1,,,-86.2019,-3.933565,-2.989799,18.70797,3.161949,,,,,,,,2.864355,-2.266018,4.189198,18.74351,1,,-89.5994,-89.5994,-2079.51,0
55.775,5536,51,NOERROR,2,1,,,-86.2019,-3.933565,-2.989799,18.70797,3.162699,,,,,,,,2.864355,-2.266018,4.189198,18.74351,1,,-89.5994,-89.5994,-2079.51,0
55.782,5537,51,NOERROR,2,1,,,-86.2019,-3.933565,-2.989799,18.70797,3.162699,,,,,,,,2.864355,-2.266018,4.189198,18.74351,1,,-89.5994,-89.5994,-2079.51,0
55.79,5538,51,NOERROR,2,1,,,-86.2019,-3.933565,-2.989799,18.70797,3.162998,,,,,,,,2.864355,-2.266018,4.189198,18.74351,1,,-89.5994,-89.5994,-2079.51,0
55.797,5539,51,NOERROR,2,1,,,-86.2019,-3.933565,-2.989799,18.70797,3.162998,,,,,,,,2.864355,-2.266018,4.189198,18.74351,1,,-89.5994,-89.5994,-2079.51,0
55.805,5540,51,NOERROR,2,1,,,-86.2019,-3.933565,-2.989799,18.70797,3.164947,,,,,,,,2.864355,-2.266018,4.189198,18.74351,1,,-89.5994,-89.5994,-2079.51,0
55.812,5541,51,NOERROR,2,1,,,-86.2019,-3.933565,-2.989799,18.70797,3.165246,,,,,,,,2.864355,-2.266018,4.189198,18.74351,1,,-89.5994,-89.5994,-2079.51,0
55.819,5542,51,NOERROR,2,1,,,-86.2019,-3.933565,-2.989799,18.70797,3.165246,,,,,,,,2.864355,-2.266018,4.189198,18.74351,1,,-89.5994,-89.5994,-2079.51,0
55.827,5543,51,NOERROR,2,1,,,-86.2019,-3.933565,-2.989799,18.70797,3.165996,,,,,,,,2.864355,-2.266018,4.189198,18.74351,1,,-89.5994,-89.5994,-2079.51,0
55.834,5544,51,NOERROR,2,1,,,-86.2019,-3.933565,-2.989799,18.70797,3.164797,,,,,,,,2.864355,-2.266018,4.189198,18.74351,1,,-89.5994,-89.5994,-2079.51,0
55.842,5545,51,NOERROR,2,1,,,-86.2019,-3.933565,-2.989799,18.70797,3.164797,,,,,,,,2.864355,-2.266018,4.189198,18.74351,1,,-89.5994,-89.5994,-2079.51,0
55.849,5546,51,NOERROR,2,1,,,-86.2019,-3.933565,-2.989799,18.70797,3.162848,,,,,,,,2.864355,-2.266018,4.189198,18.74351,1,,-89.5994,-89.5994,-2079.51,0
55.857,5547,51,NOERROR,2,1,,,-86.2019,-3.933565,-2.989799,18.70797,3.162848,,,,,,,,2.864355,-2.266018,4.189198,18.74351,1,,-89.5994,-89.5994,-2079.51,0
55.864,5548,51,NOERROR,2,1,,,-86.2019,-3.933565,-2.989799,18.70797,3.163448,,,,,,,,2.864355,-2.266018,4.189198,18.74351,1,,-89.5994,-89.5994,-2079.51,0
55.872,5549,51,NOERROR,2,1,,,-86.2019,-3.933565,-2.989799,18.70797,3.16105,,,,,,,,2.864355,-2.266018,4.189198,18.74351,1,,-89.5994,-89.5994,-2079.51,0
55.879,5550,51,NOERROR,2,1,,,-86.2019,-3.933565,-2.989799,18.70797,3.16105,,,,,,,,2.864355,-2.266018,4.189198,18.74351,1,,-89.5994,-89.5994,-2079.51,0
55.887,5551,51,NOERROR,2,1,,,-86.2019,-3.933565,-2.989799,18.70797,3.159252,,,,,,,,2.864355,-2.266018,4.189198,18.74351,1,,-89.5994,-89.5994,-2079.51,0
55.894,5552,51,NOERROR,2,1,,,-86.2019,-3.933565,-2.989799,18.70797,3.157454,,,,,,,,2.864355,-2.266018,4.189198,18.74351,1,,-89.5994,-89.5994,-2079.51,0
55.902,5553,51,NOERROR,2,1,,,-86.2019,-3.933565,-2.989799,18.70797,3.157454,,,,,,,,2.864355,-2.266018,4.189198,18.74351,1,,-89.5994,-89.5994,-2079.51,0
55.909,5554,51,NOERROR,2,1,,,-86.2019,-3.933565,-2.989799,18.70797,3.155955,,,,,,,,2.864355,-2.266018,4.189198,18.74351,1,,-89.5994,-89.5994,-2079.51,0
55.917,5555,51,NOERROR,2,1,,,-86.2019,-3.933565,-2.989799,18.70797,3.155955,,,,,,,,2.864355,-2.266018,4.189198,18.74351,1,,-89.5994,-89.5994,-2079.51,0
55.924,5556,51,NOERROR,2,1,,,-86.2019,-3.933565,-2.989799,18.70797,3.155355,,,,,,,,2.864355,-2.266018,4.189198,18.74351,1,,-89.5994,-89.5994,-2079.51,0
55.931,5557,51,NOERROR,2,1,,,-86.2019,-3.933565,-2.989799,18.70797,3.153407,,,,,,,,2.864355,-2.266018,4.189198,18.74351,1,,-89.5994,-89.5994,-2079.51,0
55.939,5558,51,NOERROR,2,1,,,-86.2019,-3.933565,-2.989799,18.70797,3.153407,,,,,,,,2.864355,-2.266018,4.189198,18.74351,1,,-89.5994,-89.5994,-2079.51,0
55.946,5559,51,NOERROR,2,1,,,-86.2019,-3.933565,-2.989799,18.70797,3.153857,,,,,,,,2.864355,-2.266018,4.189198,18.74351,1,,-89.5994,-89.5994,-2079.51,0
55.954,5560,51,NOERROR,2,1,,,-86.2019,-3.933565,-2.989799,18.70797,3.153857,,,,,,,,2.864355,-2.266018,4.189198,18.74351,1,,-89.5994,-89.5994,-2079.51,0
55.961,5561,51,NOERROR,2,1,,,-86.2019,-3.933565,-2.989799,18.70797,3.157004,,,,,,,,2.864355,-2.266018,4.189198,18.74351,1,,-89.5994,-89.5994,-2079.51,0
55.969,5562,51,NOERROR,2,1,,,-86.2019,-3.933565,-2.989799,18.70797,3.158952,,,,,,,,2.864355,-2.266018,4.189198,18.74351,1,,-89.5994,-89.5994,-2079.51,0
55.976,5563,51,NOERROR,2,1,,,-86.2019,-3.933565,-2.989799,18.70797,3.158952,,,,,,,,2.864355,-2.266018,4.189198,18.74351,1,,-89.5994,-89.5994,-2079.51,0
55.984,5564,51,NOERROR,2,1,,,-86.2019,-3.933565,-2.989799,18.70797,3.16135,,,,,,,,2.864355,-2.266018,4.189198,18.74351,1,,-89.5994,-89.5994,-2079.51,0
55.991,5565,51,NOERROR,2,1,,,-86.2019,-3.933565,-2.989799,18.70797,3.159401,,,,,,,,2.864355,-2.266018,4.189198,18.74351,1,,-89.5994,-89.5994,-2079.51,0
55.999,5566,51,NOERROR,2,1,,,-86.2019,-3.933565,-2.989799,18.70797,3.159401,,,,,,,,2.864355,-2.266018,4.189198,18.74351,1,,-89.5994,-89.5994,-2079.51,0
56.006,5567,51,NOERROR,2,1,,,-86.2019,-3.933565,-2.989799,18.70797,3.158652,,,,,,,,2.864355,-2.266018,4.189198,18.74351,1,,-89.5994,-89.5994,-2079.51,0
56.014,5568,51,NOERROR,2,1,,,-86.2019,-3.933565,-2.989799,18.70797,3.158652,,,,,,,,2.864355,-2.266018,4.189198,18.74351,1,,-89.5994,-89.5994,-2079.51,0
56.021,5569,51,NOERROR,2,1,,,-86.2019,-3.933565,-2.989799,18.70797,3.158952,,,,,,,,2.864355,-2.266018,4.189198,18.74351,1,,-89.5994,-89.5994,-2079.51,0
56.029,5570,51,NOERROR,2,1,,,-86.2019,-3.933565,-2.989799,18.70797,3.158652,,,,,,,,2.864355,-2.266018,4.189198,18.74351,1,,-89.5994,-89.5994,-2079.51,0
56.036,5571,51,NOERROR,2,1,,,-86.2019,-3.933565,-2.989799,18.70797,3.158652,,,,,,,,2.864355,-2.266018,4.189198,18.74351,1,,-89.5994,-89.5994,-2079.51,0
56.043,5572,51,NOERROR,2,1,,,-86.2019,-3.933565,-2.989799,18.70797,3.159851,,,,,,,,2.864355,-2.266018,4.189198,18.74351,1,,-89.5994,-89.5994,-2079.51,0
56.051,5573,51,NOERROR,2,1,,,-86.2019,-3.933565,-2.989799,18.70797,3.160001,,,,,,,,2.864355,-2.266018,4.189198,18.74351,1,,-89.5994,-89.5994,-2079.51,0
56.058,5574,51,NOERROR,2,1,,,-86.2019,-3.933565,-2.989799,18.70797,3.160001,,,,,,,,2.864355,-2.266018,4.189198,18.74351,1,,-89.5994,-89.5994,-2079.51,0
56.066,5575,51,NOERROR,2,1,,,-86.2019,-3.933565,-2.989799,18.70797,3.1606,,,,,,,,2.864355,-2.266018,4.189198,18.74351,1,,-89.5994,-89.5994,-2079.51,0
56.073,5576,51,NOERROR,2,1,,,-86.2019,-3.933565,-2.989799,18.70797,3.1606,,,,,,,,2.864355,-2.266018,4.189198,18.74351,1,,-89.5994,-89.5994,-2079.51,0
56.081,5577,51,NOERROR,2,1,,,-86.2019,-3.933565,-2.989799,18.70797,3.1606,,,,,,,,2.864355,-2.266018,4.189198,18.74351,1,,-89.5994,-89.5994,-2079.51,0
56.088,5578,51,NOERROR,2,1,,,-86.2019,-3.933565,-2.989799,18.70797,3.16105,,,,,,,,2.864355,-2.266018,4.189198,18.74351,1,,-89.5994,-89.5994,-2079.51,0
56.096,5579,51,NOERROR,2,1,,,-86.2019,-3.933565,-2.989799,18.70797,3.16105,,,,,,,,2.864355,-2.266018,4.189198,18.74351,1,,-89.5994,-89.5994,-2079.51,0
56.103,5580,51,NOERROR,2,1,,,-86.2019,-3.933565,-2.989799,18.70797,3.162998,,,,,,,,2.864355,-2.266018,4.189198,18.74351,1,,-89.5994,-89.5994,-2079.51,0
56.111,5581,51,NOERROR,2,1,,,-86.2019,-3.933565,-2.989799,18.70797,3.163448,,,,,,,,2.864355,-2.266018,4.189198,18.74351,1,,-89.5994,-89.5994,-2079.51,0
56.118,5582,51,NOERROR,2,1,,,-86.2019,-3.933565,-2.989799,18.70797,3.163448,,,,,,,,2.864355,-2.266018,4.189198,18.74351,1,,-89.5994,-89.5994,-2079.51,0
56.126,5583,51,NOERROR,2,1,,,-86.2019,-3.933565,-3.07769,18.70797,3.164497,,,,,,,,2.864355,-2.266018,4.189198,18.74351,1,,-89.5994,-89.5994,-2079.51,0
56.133,5584,51,NOERROR,2,1,,,-86.2019,-3.933565,-3.07769,18.70797,3.164497,,,,,,,,2.864355,-2.266018,4.189198,18.74351,1,,-89.5994,-89.5994,-2079.51,0
56.141,5585,51,NOERROR,2,1,,,-86.2019,-3.933565,-3.07769,18.70797,3.165696,,,,,,,,2.864355,-2.266018,4.189198,18.74351,1,,-89.5994,-89.5994,-2079.51,0
56.148,5586,51,NOERROR,2,1,,,-86.2019,-3.933565,-3.07769,18.70797,3.166595,,,,,,,,2.864355,-2.266018,4.189198,18.74351,1,,-89.5994,-89.5994,-2079.51,0
56.155,5587,51,NOERROR,2,1,,,-86.2019,-3.933565,-3.07769,18.70797,3.166595,,,,,,,,2.864355,-2.266018,4.189198,18.74351,1,,-89.5994,-89.5994,-2079.51,0
56.163,5588,51,NOERROR,2,1,,,-86.2019,-3.933565,-3.07769,18.70797,3.168993,,,,,,,,2.864355,-2.266018,4.189198,18.74351,1,,-89.5994,-89.5994,-2079.51,0
56.17,5589,51,NOERROR,2,1,,,-86.2019,-3.933565,-3.07769,18.70797,3.168993,,,,,,,,2.864355,-2.266018,4.189198,18.74351,1,,-89.5994,-89.5994,-2079.51,0
56.178,5590,51,NOERROR,2,1,,,-86.2019,-3.933565,-3.07769,18.70797,3.167944,,,,,,,,2.864355,-2.266018,4.189198,18.74351,1,,-89.5994,-89.5994,-2079.51,0
56.185,5591,51,NOERROR,2,1,,,-86.2019,-4.021456,-3.07769,18.70797,3.167194,,,,,,,,2.864355,-2.266018,4.189198,18.74351,1,,-89.5994,-89.5994,-2079.51,0
56.193,5592,51,NOERROR,2,1,,,-86.2019,-4.021456,-3.07769,18.70797,3.167194,,,,,,,,2.864355,-2.266018,4.189198,18.74351,1,,-89.5994,-89.5994,-2079.51,0
56.2,5593,51,NOERROR,2,1,,,-86.2019,-4.021456,-3.07769,18.70797,3.167045,,,,,,,,2.864355,-2.266018,4.189198,18.74351,1,,-89.5994,-89.5994,-2079.51,0
56.208,5594,51,NOERROR,2,1,,,-86.2019,-4.021456,-3.07769,18.70797,3.166445,,,,,,,,2.864355,-2.266018,4.189198,18.74351,1,,-89.5994,-89.5994,-2079.51,0
56.215,5595,51,NOERROR,2,1,,,-86.2019,-4.021456,-3.07769,18.70797,3.166445,,,,,,,,2.864355,-2.266018,4.189198,18.74351,1,,-89.5994,-89.5994,-2079.51,0
56.223,5596,51,NOERROR,2,1,,,-86.2019,-4.021456,-3.07769,18.70797,3.168094,,,,,,,,2.864355,-2.266018,4.189198,18.74351,1,,-89.5994,-89.5994,-2079.51,0
56.23,5597,51,NOERROR,2,1,,,-86.2019,-4.021456,-3.07769,18.70797,3.168094,,,,,,,,2.864355,-2.266018,4.189198,18.74351,1,,-89.5994,-89.5994,-2079.51,0
56.238,5598,51,NOERROR,2,1,,,-86.2019,-4.021456,-3.07769,18.70797,3.166595,,,,,,,,2.864355,-2.266018,4.189198,18.74351,1,,-89.5994,-89.5994,-2079.51,0
56.245,5599,51,NOERROR,2,1,,,-86.2019,-4.021456,-3.07769,18.70797,3.165246,,,,,,,,2.864355,-2.266018,4.189198,18.74351,1,,-89.5994,-89.5994,-2079.51,0
56.253,5600,51,NOERROR,2,1,,,-86.2019,-4.021456,-3.07769,18.70797,3.165246,,,,,,,,2.864355,-2.266018,4.189198,18.74351,1,,-89.5994,-89.5994,-2079.51,0
56.26,5601,51,NOERROR,2,1,,,-86.2019,-4.021456,-3.07769,18.70797,3.164797,,,,,,,,2.864355,-2.266018,4.189198,18.74351,1,,-89.5994,-89.5994,-2079.51,0
56.268,5602,51,NOERROR,2,1,,,-86.2019,-4.021456,-3.07769,18.70797,3.163448,,,,,,,,2.864355,-2.266018,4.189198,18.74351,1,,-89.5994,-89.5994,-2079.51,0
56.275,5603,51,NOERROR,2,1,,,-86.2019,-4.021456,-3.07769,18.70797,3.163448,,,,,,,,2.864355,-2.266018,4.189198,18.74351,1,,-89.5994,-89.5994,-2079.51,0
56.282,5604,51,NOERROR,2,1,,,-86.2019,-4.021456,-3.07769,18.70797,3.164347,,,,,,,,2.864355,-2.266018,4.189198,18.74351,1,,-89.5994,-89.5994,-2079.51,0
56.29,5605,51,NOERROR,2,1,,,-86.2019,-4.021456,-3.07769,18.70797,3.164347,,,,,,,,2.864355,-2.266018,4.189198,18.74351,1,,-89.5994,-89.5994,-2079.51,0
56.297,5606,51,NOERROR,2,1,,,-86.2019,-4.021456,-3.07769,18.70797,3.163298,,,,,,,,2.864355,-2.266018,4.189198,18.74351,1,,-89.5994,-89.5994,-2079.51,0
56.305,5607,51,NOERROR,2,1,,,-86.2019,-4.021456,-3.07769,18.70797,3.163898,,,,,,,,2.864355,-2.266018,4.189198,18.74351,1,,-89.5994,-89.5994,-2079.51,0
56.312,5608,51,NOERROR,2,1,,,-86.2019,-4.021456,-3.07769,18.70797,3.163898,,,,,,,,2.864355,-2.266018,4.189198,18.74351,1,,-89.5994,-89.5994,-2079.51,0
56.32,5609,51,NOERROR,2,1,,,-86.2019,-4.021456,-3.07769,18.70797,3.165096,,,,,,,,2.864355,-2.266018,4.189198,18.74351,1,,-89.5994,-89.5994,-2079.51,0
56.327,5610,51,NOERROR,2,1,,,-86.2019,-4.021456,-3.07769,18.70797,3.164797,,,,,,,,2.864355,-2.266018,4.189198,18.74351,1,,-89.5994,-89.5994,-2079.51,0
56.335,5611,51,NOERROR,2,1,,,-86.2019,-4.021456,-3.07769,18.70797,3.164797,,,,,,,,2.864355,-2.266018,4.189198,18.74351,1,,-89.5994,-89.5994,-2079.51,0
56.342,5612,51,NOERROR,2,1,,,-86.2019,-4.021456,-3.07769,18.70797,3.165096,,,,,,,,2.864355,-2.266018,4.189198,18.74351,1,,-89.5994,-89.5994,-2079.51,0
56.35,5613,51,NOERROR,2,1,,,-86.2019,-4.021456,-3.07769,18.70797,3.165096,,,,,,,,2.864355,-2.266018,4.189198,18.74351,1,,-89.5994,-89.5994,-2079.51,0
56.357,5614,51,NOERROR,2,1,,,-86.2019,-4.021456,-3.07769,18.70797,3.162549,,,,,,,,2.864355,-2.266018,4.189198,18.74351,1,,-89.5994,-89.5994,-2079.51,0
56.365,5615,51,NOERROR,2,1,,,-86.2019,-4.021456,-3.07769,18.70797,3.16045,,,,,,,,2.864355,-2.266018,4.189198,18.74351,1,,-89.5994,-89.5994,-2079.51,0
56.372,5616,51,NOERROR,2,1,,,-86.2019,-4.021456,-3.07769,18.70797,3.16045,,,,,,,,2.864355,-2.266018,4.189198,18.74351,1,,-89.5994,-89.5994,-2079.51,0
56.38,5617,51,NOERROR,2,1,,,-86.2019,-4.021456,-3.07769,18.70797,3.159102,,,,,,,,2.864355,-2.266018,4.189198,18.74351,1,,-89.5994,-89.5994,-2079.51,0
56.387,5618,51,NOERROR,2,1,,,-86.2019,-4.021456,-3.07769,18.70797,3.159102,,,,,,,,2.864355,-2.266018,4.189198,18.74351,1,,-89.5994,-89.5994,-2079.51,0
56.394,5619,51,NOERROR,2,1,,,-86.2019,-4.021456,-3.07769,18.70797,3.157454,,,,,,,,2.864355,-2.266018,4.189198,18.74351,1,,-89.5994,-89.5994,-2079.51,0
56.402,5620,51,NOERROR,2,1,,,-86.2019,-4.021456,-3.07769,18.70797,3.157004,,,,,,,,2.864355,-2.266018,4.189198,18.74351,1,,-89.5994,-89.5994,-2079.51,0
56.409,5621,51,NOERROR,2,1,,,-86.2019,-4.021456,-3.07769,18.70797,3.157004,,,,,,,,2.864355,-2.266018,4.189198,18.74351,1,,-89.5994,-89.5994,-2079.51,0
56.417,5622,51,NOERROR,2,1,,,-86.2019,-4.021456,-3.07769,18.70797,3.155355,,,,,,,,2.864355,-2.266018,4.189198,18.74351,1,,-89.5994,-89.5994,-2079.51,0
56.424,5623,51,NOERROR,2,1,,,-86.2019,-4.021456,-3.07769,18.70797,3.155056,,,,,,,,2.864355,-2.266018,4.189198,18.74351,1,,-89.5994,-89.5994,-2079.51,0
56.432,5624,51,NOERROR,2,1,,,-86.2019,-4.021456,-3.07769,18.70797,3.155056,,,,,,,,2.864355,-2.266018,4.189198,18.74351,1,,-89.5994,-89.5994,-2079.51,0
56.439,5625,51,NOERROR,2,1,,,-86.2019,-4.021456,-3.07769,18.70797,3.154456,,,,,,,,2.864355,-2.266018,4.189198,18.74351,1,,-89.5994,-89.5994,-2079.51,0
56.447,5626,51,NOERROR,2,1,,,-86.2019,-4.021456,-3.07769,18.70797,3.154456,,,,,,,,2.864355,-2.266018,4.189198,18.74351,1,,-89.5994,-89.5994,-2079.51,0
56.454,5627,51,NOERROR,2,1,,,-86.2019,-4.021456,-3.07769,18.70797,3.152508,,,,,,,,2.864355,-2.266018,4.189198,18.74351,1,,-89.5994,-89.5994,-2079.51,0
56.462,5628,51,NOERROR,2,1,,,-86.2019,-4.021456,-3.07769,18.70797,3.154756,,,,,,,,2.864355,-2.266018,4.189198,18.74351,1,,-89.5994,-89.5994,-2079.51,0
56.469,5629,51,NOERROR,2,1,,,-86.2019,-4.021456,-3.07769,18.70797,3.154756,,,,,,,,2.864355,-2.266018,4.189198,18.74351,1,,-89.5994,-89.5994,-2079.51,0
56.477,5630,51,NOERROR,2,1,,,-86.2019,-4.021456,-3.07769,18.70797,3.154906,,,,,,,,2.864355,-2.266018,4.189198,18.74351,1,,-89.5994,-89.5994,-2079.51,0
56.484,5631,51,NOERROR,2,1,,,-86.2019,-4.021456,-3.07769,18.70797,3.156404,,,,,,,,2.864355,-2.266018,4.189198,18.74351,1,,-89.5994,-89.5994,-2079.51,0
56.492,5632,51,NOERROR,2,1,,,-86.2019,-4.021456,-3.07769,18.70797,3.156404,,,,,,,,2.864355,-2.266018,4.189198,18.74351,1,,-89.5994,-89.5994,-2079.51,0
56.499,5633,51,NOERROR,2,1,,,-86.2019,-4.021456,-3.07769,18.70797,3.157304,,,,,,,,2.864355,-2.266018,4.189198,18.74351,1,,-89.5994,-89.5994,-2079.51,0
56.506,5634,51,NOERROR,2,1,,,-86.2019,-4.021456,-3.07769,18.70797,3.157304,,,,,,,,2.864355,-2.266018,4.189198,18.74351,1,,-89.5994,-89.5994,-2079.51,0
56.514,5635,51,NOERROR,2,1,,,-86.2019,-4.021456,-3.07769,18.70797,3.156554,,,,,,,,2.864355,-2.266018,4.189198,18.74351,1,,-89.5994,-89.5994,-2079.51,0
56.521,5636,51,NOERROR,2,1,,,-86.2019,-4.021456,-3.07769,18.70797,3.156704,,,,,,,,2.864355,-2.266018,4.189198,18.74351,1,,-89.5994,-89.5994,-2079.51,0
56.529,5637,51,NOERROR,2,1,,,-86.2019,-4.021456,-3.07769,18.70797,3.156704,,,,,,,,2.864355,-2.266018,4.189198,18.74351,1,,-89.5994,-89.5994,-2079.51,0
56.536,5638,51,NOERROR,2,1,,,-86.2019,-4.021456,-3.07769,18.70797,3.154156,,,,,,,,2.864355,-2.266018,4.189198,18.74351,1,,-89.5994,-89.5994,-2079.51,0
56.544,5639,51,NOERROR,2,1,,,-86.2019,-4.021456,-3.07769,18.70797,3.154156,,,,,,,,2.864355,-2.266018,4.189198,18.74351,1,,-89.5994,-89.5994,-2079.51,0
56.551,5640,51,NOERROR,2,1,,,-86.2019,-4.021456,-3.07769,18.70797,3.152508,,,,,,,,2.864355,-2.266018,4.189198,18.74351,1,,-89.5994,-89.5994,-2079.51,0
56.559,5641,51,NOERROR,2,1,,,-86.2019,-4.021456,-3.07769,18.70797,3.152358,,,,,,,,2.864355,-2.266018,4.189198,18.74351,1,,-89.5994,-89.5994,-2079.51,0
56.566,5642,51,NOERROR,2,1,,,-86.2019,-4.021456,-3.07769,18.70797,3.152358,,,,,,,,2.864355,-2.266018,4.189198,18.74351,1,,-89.5994,-89.5994,-2079.51,0
56.574,5643,51,NOERROR,2,1,,,-86.2019,-4.021456,-3.07769,18.70797,3.152808,,,,,,,,2.864355,-2.266018,4.189198,18.74351,1,,-89.5994,-89.5994,-2079.51,0
56.581,5644,51,NOERROR,2,1,,,-86.2019,-4.021456,-3.07769,18.70797,3.154906,,,,,,,,2.864355,-2.266018,4.189198,18.74351,1,,-89.5994,-89.5994,-2079.51,0
56.589,5645,51,NOERROR,2,1,,,-86.2019,-4.021456,-3.07769,18.70797,3.154906,,,,,,,,2.864355,-2.266018,4.189198,18.74351,1,,-89.5994,-89.5994,-2079.51,0
56.596,5646,51,NOERROR,2,1,,,-86.2019,-4.021456,-3.07769,18.70797,3.153857,,,,,,,,2.864355,-2.266018,4.189198,18.74351,1,,-89.5994,-89.5994,-2079.51,0
56.604,5647,51,NOERROR,2,1,,,-86.2019,-4.021456,-3.07769,18.70797,3.153857,,,,,,,,2.864355,-2.266018,4.189198,18.74351,1,,-89.5994,-89.5994,-2079.51,0
56.611,5648,51,NOERROR,2,1,,,-86.2019,-4.021456,-3.07769,18.70797,3.155205,,,,,,,,2.864355,-2.266018,4.189198,18.74351,1,,-89.5994,-89.5994,-2079.51,0
56.618,5649,51,NOERROR,2,1,,,-86.2019,-4.021456,-3.07769,18.70797,3.157903,,,,,,,,2.864355,-2.266018,4.189198,18.74351,1,,-89.5994,-89.5994,-2079.51,0
56.626,5650,51,NOERROR,2,1,,,-86.2019,-4.021456,-3.07769,18.70797,3.157903,,,,,,,,2.864355,-2.266018,4.189198,18.74351,1,,-89.5994,-89.5994,-2079.51,0
56.633,5651,51,NOERROR,2,1,,,-86.2019,-4.021456,-3.07769,18.70797,3.158952,,,,,,,,2.864355,-2.266018,4.189198,18.74351,1,,-89.5994,-89.5994,-2079.51,0
56.641,5652,51,NOERROR,2,1,,,-86.2019,-4.021456,-3.07769,18.70797,3.16135,,,,,,,,2.864355,-2.266018,4.189198,18.74351,1,,-89.5994,-89.5994,-2079.51,0
56.648,5653,51,NOERROR,2,1,,,-86.2019,-4.021456,-3.07769,18.70797,3.16135,,,,,,,,2.864355,-2.266018,4.189198,18.74351,1,,-89.5994,-89.5994,-2079.51,0
56.656,5654,51,NOERROR,2,1,,,-86.2019,-4.021456,-3.07769,18.70797,3.162699,,,,,,,,2.864355,-2.266018,4.189198,18.74351,1,,-89.5994,-89.5994,-2079.51,0
56.663,5655,51,NOERROR,2,1,,,-86.2019,-4.021456,-3.07769,18.70797,3.162699,,,,,,,,2.864355,-2.266018,4.189198,18.74351,1,,-89.5994,-89.5994,-2079.51,0
56.671,5656,51,NOERROR,2,1,,,-86.2019,-4.021456,-3.07769,18.70797,3.164647,,,,,,,,2.864355,-2.266018,4.189198,18.74351,1,,-89.5994,-89.5994,-2079.51,0
56.678,5657,51,NOERROR,2,1,,,-86.2019,-4.021456,-3.07769,18.70797,3.165096,,,,,,,,2.864355,-2.266018,4.189198,18.74351,1,,-89.5994,-89.5994,-2079.51,0
56.686,5658,51,NOERROR,2,1,,,-86.2019,-4.021456,-3.07769,18.70797,3.165096,,,,,,,,2.864355,-2.266018,4.189198,18.74351,1,,-89.5994,-89.5994,-2079.51,0
56.693,5659,51,NOERROR,2,1,,,-86.2019,-4.021456,-3.07769,18.70797,3.163148,,,,,,,,2.864355,-2.266018,4.189198,18.74351,1,,-89.5994,-89.5994,-2079.51,0
56.701,5660,51,NOERROR,2,1,,,-86.2019,-4.021456,-3.07769,18.70797,3.162249,,,,,,,,2.864355,-2.266018,4.189198,18.74351,1,,-89.5994,-89.5994,-2079.51,0
56.708,5661,51,NOERROR,2,1,,,-86.2019,-4.021456,-3.07769,18.70797,3.162249,,,,,,,,2.864355,-2.266018,4.189198,18.74351,1,,-89.5994,-89.5994,-2079.51,0
56.716,5662,51,NOERROR,2,1,,,-86.2019,-4.021456,-3.07769,18.70797,3.160151,,,,,,,,2.864355,-2.266018,4.189198,18.74351,1,,-89.5994,-89.5994,-2079.51,0
56.723,5663,51,NOERROR,2,1,,,-86.2019,-4.021456,-3.07769,18.70797,3.160151,,,,,,,,2.864355,-2.266018,4.189198,18.74351,1,,-89.5994,-89.5994,-2079.51,0
56.73,5664,51,NOERROR,2,1,,,-86.2019,-4.021456,-3.07769,18.70797,3.158503,,,,,,,,2.864355,-2.266018,4.189198,18.74351,1,,-89.5994,-89.5994,-2079.51,0
56.738,5665,51,NOERROR,2,1,,,-86.2019,-4.021456,-3.07769,18.70797,3.158053,,,,,,,,2.864355,-2.266018,4.189198,18.74351,1,,-89.5994,-89.5994,-2079.51,0
56.745,5666,51,NOERROR,2,1,,,-86.2019,-4.021456,-3.07769,18.70797,3.158053,,,,,,,,2.864355,-2.266018,4.189198,18.74351,1,,-89.5994,-89.5994,-2079.51,0
56.753,5667,51,NOERROR,2,1,,,-86.2019,-4.021456,-3.07769,18.70797,3.157603,,,,,,,,2.864355,-2.266018,4.189198,18.74351,1,,-89.5994,-89.5994,-2079.51,0
56.76,5668,51,NOERROR,2,1,,,-86.2019,-4.021456,-3.07769,18.70797,3.157603,,,,,,,,2.864355,-2.266018,4.189198,18.74351,1,,-89.5994,-89.5994,-2079.51,0
56.768,5669,51,NOERROR,2,1,,,-86.2019,-4.021456,-3.07769,18.70797,3.159401,,,,,,,,2.864355,-2.266018,4.189198,18.74351,1,,-89.5994,-89.5994,-2079.51,0
56.775,5670,51,NOERROR,2,1,,,-86.2019,-4.021456,-3.07769,18.70797,3.159102,,,,,,,,2.864355,-2.266018,4.189198,18.74351,1,,-89.5994,-89.5994,-2079.51,0
56.783,5671,51,NOERROR,2,1,,,-86.2019,-4.021456,-3.07769,18.70797,3.159102,,,,,,,,2.864355,-2.266018,4.189198,18.74351,1,,-89.5994,-89.5994,-2079.51,0
56.79,5672,51,NOERROR,2,1,,,-86.2019,-4.021456,-3.07769,18.70797,3.158802,,,,,,,,2.864355,-2.266018,4.189198,18.74351,1,,-89.5994,-89.5994,-2079.51,0
56.798,5673,51,NOERROR,2,1,,,-86.2019,-4.021456,-3.07769,18.70797,3.159851,,,,,,,,2.864355,-2.266018,4.189198,18.74351,1,,-89.5994,-89.5994,-2079.51,0
56.805,5674,51,NOERROR,2,1,,,-86.2019,-4.021456,-3.07769,18.70797,3.159851,,,,,,,,2.864355,-2.266018,4.189198,18.74351,1,,-89.5994,-89.5994,-2079.51,0
56.813,5675,51,NOERROR,2,1,,,-86.2019,-4.021456,-3.07769,18.70797,3.16135,,,,,,,,2.864355,-2.266018,4.189198,18.74351,1,,-89.5994,-89.5994,-2079.51,0
56.82,5676,51,NOERROR,2,1,,,-86.2019,-4.021456,-3.07769,18.70797,3.16135,,,,,,,,2.864355,-2.266018,4.189198,18.74351,1,,-89.5994,-89.5994,-2079.51,0
56.828,5677,51,NOERROR,2,1,,,-86.2019,-4.021456,-3.07769,18.70797,3.162699,,,,,,,,2.864355,-2.266018,4.189198,18.74351,1,,-89.5994,-89.5994,-2079.51,0
56.835,5678,51,NOERROR,2,1,,,-86.2019,-4.021456,-3.07769,18.70797,3.1615,,,,,,,,2.864355,-2.266018,4.189198,18.74351,1,,-89.5994,-89.5994,-2079.51,0
56.842,5679,51,NOERROR,2,1,,,-86.2019,-4.021456,-3.07769,18.70797,3.1615,,,,,,,,2.864355,-2.266018,4.189198,18.74351,1,,-89.5994,-89.5994,-2079.51,0
56.85,5680,51,NOERROR,2,1,,,-86.2019,-4.021456,-3.07769,18.70797,3.158652,,,,,,,,2.864355,-2.266018,4.189198,18.74351,1,,-89.5994,-89.5994,-2079.51,0
56.857,5681,51,NOERROR,2,1,,,-86.2019,-4.021456,-3.07769,18.70797,3.157154,,,,,,,,2.864355,-2.266018,4.189198,18.74351,1,,-89.5994,-89.5994,-2079.51,0
56.865,5682,51,NOERROR,2,1,,,-86.2019,-4.021456,-3.07769,18.70797,3.157154,,,,,,,,2.864355,-2.266018,4.189198,18.74351,1,,-89.5994,-89.5994,-2079.51,0
56.872,5683,51,NOERROR,2,1,,,-86.2019,-4.021456,-3.07769,18.70797,3.153257,,,,,,,,2.864355,-2.266018,4.189198,18.74351,1,,-89.5994,-89.5994,-2079.51,0
56.88,5684,51,NOERROR,2,1,,,-86.2019,-4.021456,-3.07769,18.70797,3.153257,,,,,,,,2.864355,-2.266018,4.189198,18.74351,1,,-89.5994,-89.5994,-2079.51,0
56.887,5685,51,NOERROR,2,1,,,-86.2019,-4.021456,-3.07769,18.70797,3.152957,,,,,,,,2.864355,-2.266018,4.189198,18.74351,1,,-89.5994,-89.5994,-2079.51,0
56.895,5686,51,NOERROR,2,1,,,-86.2019,-4.021456,-3.07769,18.70797,3.153107,,,,,,,,2.864355,-2.266018,4.189198,18.74351,1,,-89.5994,-89.5994,-2079.51,0
56.902,5687,51,NOERROR,2,1,,,-86.2019,-4.021456,-3.07769,18.70797,3.153107,,,,,,,,2.864355,-2.266018,4.189198,18.74351,1,,-89.5994,-89.5994,-2079.51,0
56.91,5688,51,NOERROR,2,1,,,-86.2019,-4.021456,-3.07769,18.70797,3.154156,,,,,,,,2.864355,-2.266018,4.189198,18.74351,1,,-89.5994,-89.5994,-2079.51,0
56.917,5689,51,NOERROR,2,1,,,-86.2019,-4.021456,-3.07769,18.70797,3.155355,,,,,,,,2.864355,-2.266018,4.189198,18.74351,1,,-89.5994,-89.5994,-2079.51,0
56.925,5690,51,NOERROR,2,1,,,-86.2019,-4.021456,-3.07769,18.70797,3.155355,,,,,,,,2.864355,-2.266018,4.189198,18.74351,1,,-89.5994,-89.5994,-2079.51,0
56.932,5691,51,NOERROR,2,1,,,-86.2019,-4.021456,-3.07769,18.70797,3.154606,,,,,,,,2.864355,-2.266018,4.189198,18.74351,1,,-89.5994,-89.5994,-2079.51,0
56.94,5692,51,NOERROR,2,1,,,-86.2019,-3.933565,-3.07769,18.70797,3.154606,,,,,,,,2.864355,-2.266018,4.189198,18.74351,1,,-89.5994,-89.5994,-2079.51,0
56.947,5693,51,NOERROR,2,1,,,-86.2019,-3.933565,-3.07769,18.70797,3.156554,,,,,,,,2.864355,-2.266018,4.189198,18.74351,1,,-89.5994,-89.5994,-2079.51,0
56.955,5694,51,NOERROR,2,1,,,-86.2019,-3.933565,-3.07769,18.70797,3.157304,,,,,,,,2.864355,-2.266018,4.189198,18.74351,1,,-89.5994,-89.5994,-2079.51,0
56.962,5695,51,NOERROR,2,1,,,-86.2019,-3.933565,-3.07769,18.70797,3.157304,,,,,,,,2.864355,-2.266018,4.189198,18.74351,1,,-89.5994,-89.5994,-2079.51,0
56.969,5696,51,NOERROR,2,1,,,-86.2019,-3.933565,-3.07769,18.70797,3.157304,,,,,,,,2.864355,-2.266018,4.189198,18.74351,1,,-89.5994,-89.5994,-2079.51,0
56.977,5697,51,NOERROR,2,1,,,-86.2019,-3.933565,-3.07769,18.70797,3.157304,,,,,,,,2.864355,-2.266018,4.189198,18.74351,1,,-89.5994,-89.5994,-2079.51,0
56.984,5698,51,NOERROR,2,1,,,-86.2019,-3.933565,-3.07769,18.70797,3.158353,,,,,,,,2.864355,-2.266018,4.189198,18.74351,1,,-89.5994,-89.5994,-2079.51,0
56.992,5699,51,NOERROR,2,1,,,-86.2019,-3.933565,-3.07769,18.70797,3.157603,,,,,,,,2.864355,-2.266018,4.189198,18.74351,1,,-89.5994,-89.5994,-2079.51,0
56.999,5700,51,NOERROR,2,1,,,-86.2019,-3.933565,-3.07769,18.70797,3.157603,,,,,,,,2.864355,-2.266018,4.189198,18.74351,1,,-89.5994,-89.5994,-2079.51,0
57.007,5701,51,NOERROR,2,1,,,-86.2019,-3.933565,-3.07769,18.70797,3.158203,,,,,,,,2.864355,-2.266018,4.189198,18.74351,1,,-89.5994,-89.5994,-2079.51,0
57.014,5702,51,NOERROR,2,1,,,-86.2019,-3.933565,-3.07769,18.70797,3.157753,,,,,,,,2.864355,-2.266018,4.189198,18.74351,1,,-89.5994,-89.5994,-2079.51,0
57.022,5703,51,NOERROR,2,1,,,-86.2019,-3.933565,-3.07769,18.70797,3.157753,,,,,,,,2.864355,-2.266018,4.189198,18.74351,1,,-89.5994,-89.5994,-2079.51,0
57.029,5704,51,NOERROR,2,1,,,-86.2019,-3.933565,-3.07769,18.70797,3.156255,,,,,,,,2.864355,-2.266018,4.189198,18.74351,1,,-89.5994,-89.5994,-2079.51,0
57.037,5705,51,NOERROR,2,1,,,-86.2019,-3.933565,-3.07769,18.70797,3.156255,,,,,,,,2.864355,-2.266018,4.189198,18.74351,1,,-89.5994,-89.5994,-2079.51,0
57.044,5706,51,NOERROR,2,1,,,-86.2019,-3.933565,-3.07769,18.70797,3.156255,,,,,,,,2.864355,-2.266018,4.189198,18.74351,1,,-89.5994,-89.5994,-2079.51,0
57.052,5707,51,NOERROR,2,1,,,-86.2019,-3.933565,-3.07769,18.70797,3.155505,,,,,,,,2.864355,-2.266018,4.189198,18.74351,1,,-89.5994,-89.5994,-2079.51,0
57.059,5708,51,NOERROR,2,1,,,-86.2019,-3.933565,-3.07769,18.70797,3.155505,,,,,,,,2.864355,-2.266018,4.189198,18.74351,1,,-89.5994,-89.5994,-2079.51,0
57.067,5709,51,NOERROR,2,1,,,-86.2019,-3.933565,-3.07769,18.70797,3.157004,,,,,,,,2.864355,-2.266018,4.189198,18.74351,1,,-89.5994,-89.5994,-2079.51,0
57.074,5710,51,NOERROR,2,1,,,-86.2019,-3.933565,-3.07769,18.70797,3.159401,,,,,,,,2.864355,-2.266018,4.189198,18.74351,1,,-89.5994,-89.5994,-2079.51,0
57.081,5711,51,NOERROR,2,1,,,-86.2019,-3.933565,-3.07769,18.70797,3.159401,,,,,,,,2.864355,-2.266018,4.189198,18.74351,1,,-89.5994,-89.5994,-2079.51,0
57.089,5712,51,NOERROR,2,1,,,-86.2019,-3.933565,-3.07769,18.70797,3.159401,,,,,,,,2.864355,-2.266018,4.189198,18.74351,1,,-89.5994,-89.5994,-2079.51,0
57.096,5713,51,NOERROR,2,1,,,-86.2019,-3.933565,-3.07769,18.70797,3.159401,,,,,,,,2.864355,-2.266018,4.189198,18.74351,1,,-89.5994,-89.5994,-2079.51,0
57.104,5714,51,NOERROR,2,1,,,-86.2019,-3.933565,-3.07769,18.70797,3.159701,,,,,,,,2.864355,-2.266018,4.189198,18.74351,1,,-89.5994,-89.5994,-2079.51,0
57.111,5715,51,NOERROR,2,1,,,-86.2019,-3.933565,-3.07769,18.70797,3.158053,,,,,,,,2.864355,-2.266018,4.189198,18.74351,1,,-89.5994,-89.5994,-2079.51,0
57.119,5716,51,NOERROR,2,1,,,-86.2019,-3.933565,-3.07769,18.70797,3.158053,,,,,,,,2.864355,-2.266018,4.189198,18.74351,1,,-89.5994,-89.5994,-2079.51,0
57.126,5717,51,NOERROR,2,1,,,-86.2019,-3.933565,-3.07769,18.70797,3.160001,,,,,,,,2.864355,-2.266018,4.189198,18.74351,1,,-89.5994,-89.5994,-2079.51,0
57.134,5718,51,NOERROR,2,1,,,-86.2019,-3.933565,-3.07769,18.70797,3.160001,,,,,,,,2.864355,-2.266018,4.189198,18.74351,1,,-89.5994,-89.5994,-2079.51,0
57.141,5719,51,NOERROR,2,1,,,-86.2019,-3.933565,-3.07769,18.70797,3.160001,,,,,,,,2.864355,-2.266018,4.189198,18.74351,1,,-89.5994,-89.5994,-2079.51,0
57.149,5720,51,NOERROR,2,1,,,-86.2019,-3.933565,-3.07769,18.70797,3.160301,,,,,,,,2.864355,-2.266018,4.189198,18.74351,1,,-89.5994,-89.5994,-2079.51,0
57.156,5721,51,NOERROR,2,1,,,-86.2019,-3.933565,-3.07769,18.70797,3.160301,,,,,,,,2.864355,-2.266018,4.189198,18.74351,1,,-89.5994,-89.5994,-2079.51,0
57.164,5722,51,NOERROR,2,1,,,-86.2019,-3.933565,-3.07769,18.70797,3.162699,,,,,,,,2.864355,-2.266018,4.189198,18.74351,1,,-89.5994,-89.5994,-2079.51,0
57.171,5723,51,NOERROR,2,1,,,-86.2019,-3.933565,-3.07769,18.70797,3.163148,,,,,,,,2.864355,-2.266018,4.189198,18.74351,1,,-89.5994,-89.5994,-2079.51,0
57.179,5724,51,NOERROR,2,1,,,-86.2019,-3.933565,-3.07769,18.70797,3.163148,,,,,,,,2.864355,-2.266018,4.189198,18.74351,1,,-89.5994,-89.5994,-2079.51,0
57.186,5725,51,NOERROR,2,1,,,-86.2019,-3.933565,-3.07769,18.70797,3.165696,,,,,,,,2.864355,-2.266018,4.189198,18.74351,1,,-89.5994,-89.5994,-2079.51,0
57.193,5726,51,NOERROR,2,1,,,-86.2019,-3.933565,-3.07769,18.70797,3.165696,,,,,,,,2.864355,-2.266018,4.189198,18.74351,1,,-89.5994,-89.5994,-2079.51,0
57.201,5727,51,NOERROR,2,1,,,-86.2019,-3.933565,-3.07769,18.70797,3.166745,,,,,,,,2.864355,-2.266018,4.189198,18.74351,1,,-89.5994,-89.5994,-2079.51,0
57.208,5728,51,NOERROR,2,1,,,-86.2019,-3.933565,-3.07769,18.70797,3.166445,,,,,,,,2.864355,-2.266018,4.189198,18.74351,1,,-89.5994,-89.5994,-2079.51,0
57.216,5729,51,NOERROR,2,1,,,-86.2019,-3.933565,-3.07769,18.70797,3.166445,,,,,,,,2.864355,-2.266018,4.189198,18.74351,1,,-89.5994,-89.5994,-2079.51,0
57.223,5730,51,NOERROR,2,1,,,-86.2019,-3.933565,-3.07769,18.70797,3.166445,,,,,,,,2.864355,-2.266018,4.189198,18.74351,1,,-89.5994,-89.5994,-2079.51,0
57.231,5731,51,NOERROR,2,1,,,-86.2019,-3.933565,-3.07769,18.70797,3.164497,,,,,,,,2.864355,-2.266018,4.189198,18.74351,1,,-89.5994,-89.5994,-2079.51,0
57.238,5732,51,NOERROR,2,1,,,-86.2019,-3.933565,-3.07769,18.70797,3.164497,,,,,,,,2.864355,-2.266018,4.189198,18.74351,1,,-89.5994,-89.5994,-2079.51,0
57.246,5733,51,NOERROR,2,1,,,-86.2019,-3.933565,-3.07769,18.70797,3.166595,,,,,,,,2.864355,-2.266018,4.189198,18.74351,1,,-89.5994,-89.5994,-2079.51,0
57.253,5734,51,NOERROR,2,1,,,-86.2019,-3.933565,-3.07769,18.70797,3.166595,,,,,,,,2.864355,-2.266018,4.189198,18.74351,1,,-89.5994,-89.5994,-2079.51,0
57.261,5735,51,NOERROR,2,1,,,-86.2019,-3.933565,-3.07769,18.70797,3.166595,,,,,,,,2.864355,-2.266018,4.189198,18.74351,1,,-89.5994,-89.5994,-2079.51,0
57.268,5736,51,NOERROR,2,1,,,-86.2019,-3.933565,-3.07769,18.70797,3.166145,,,,,,,,2.864355,-2.266018,4.189198,18.74351,1,,-89.5994,-89.5994,-2079.51,0
57.276,5737,51,NOERROR,2,1,,,-86.2019,-3.933565,-3.07769,18.70797,3.166145,,,,,,,,2.864355,-2.266018,4.189198,18.74351,1,,-89.5994,-89.5994,-2079.51,0
57.283,5738,51,NOERROR,2,1,,,-86.2019,-3.933565,-3.07769,18.70797,3.168243,,,,,,,,2.864355,-2.266018,4.189198,18.74351,1,,-89.5994,-89.5994,-2079.51,0
57.291,5739,51,NOERROR,2,1,,,-86.2019,-3.933565,-3.07769,18.70797,3.167344,,,,,,,,2.864355,-2.266018,4.189198,18.74351,1,,-89.5994,-89.5994,-2079.51,0
57.298,5740,51,NOERROR,2,1,,,-86.2019,-3.933565,-3.07769,18.70797,3.167344,,,,,,,,2.864355,-2.266018,4.189198,18.74351,1,,-89.5994,-89.5994,-2079.51,0
57.305,5741,51,NOERROR,2,1,,,-86.2019,-3.933565,-3.07769,18.70797,3.169742,,,,,,,,2.864355,-2.266018,4.189198,18.74351,1,,-89.5994,-89.5994,-2079.51,0
57.313,5742,51,NOERROR,2,1,,,-86.2019,-3.933565,-3.07769,18.70797,3.169742,,,,,,,,2.864355,-2.266018,4.189198,18.74351,1,,-89.5994,-89.5994,-2079.51,0
57.32,5743,51,NOERROR,2,1,,,-86.2019,-3.933565,-3.07769,18.70797,3.171091,,,,,,,,2.864355,-2.266018,4.189198,18.74351,1,,-89.5994,-89.5994,-2079.51,0
57.328,5744,51,NOERROR,2,1,,,-86.2019,-3.933565,-3.07769,18.70797,3.170491,,,,,,,,2.864355,-2.266018,4.189198,18.74351,1,,-89.5994,-89.5994,-2079.51,0
57.335,5745,51,NOERROR,2,1,,,-86.2019,-3.933565,-3.07769,18.70797,3.170491,,,,,,,,2.864355,-2.266018,4.189198,18.74351,1,,-89.5994,-89.5994,-2079.51,0
57.343,5746,51,NOERROR,2,1,,,-86.2019,-3.933565,-3.07769,18.70797,3.168993,,,,,,,,2.864355,-2.266018,4.189198,18.74351,1,,-89.5994,-89.5994,-2079.51,0
57.35,5747,51,NOERROR,2,1,,,-86.2019,-3.933565,-3.07769,18.70797,3.168993,,,,,,,,2.864355,-2.266018,4.189198,18.74351,1,,-89.5994,-89.5994,-2079.51,0
57.358,5748,51,NOERROR,2,1,,,-86.2019,-3.933565,-3.07769,18.70797,3.167344,,,,,,,,2.864355,-2.266018,4.189198,18.74351,1,,-89.5994,-89.5994,-2079.51,0
57.365,5749,51,NOERROR,2,1,,,-86.2019,-3.933565,-3.07769,18.70797,3.168243,,,,,,,,2.864355,-2.266018,4.189198,18.74351,1,,-89.5994,-89.5994,-2079.51,0
57.373,5750,51,NOERROR,2,1,,,-86.2019,-3.933565,-3.07769,18.70797,3.168243,,,,,,,,2.864355,-2.266018,4.189198,18.74351,1,,-89.5994,-89.5994,-2079.51,0
57.38,5751,51,NOERROR,2,1,,,-86.2019,-3.933565,-3.07769,18.70797,3.167344,,,,,,,,2.864355,-2.266018,4.189198,18.74351,1,,-89.5994,-89.5994,-2079.51,0
57.388,5752,51,NOERROR,2,1,,,-86.2019,-3.933565,-3.07769,18.70797,3.166745,,,,,,,,2.864355,-2.266018,4.189198,18.74351,1,,-89.5994,-89.5994,-2079.51,0
57.395,5753,51,NOERROR,2,1,,,-86.2019,-3.933565,-3.07769,18.70797,3.166745,,,,,,,,2.864355,-2.266018,4.189198,18.74351,1,,-89.5994,-89.5994,-2079.51,0
57.403,5754,51,NOERROR,2,1,,,-86.2019,-3.933565,-3.07769,18.70797,3.165846,,,,,,,,2.864355,-2.266018,4.189198,18.74351,1,,-89.5994,-89.5994,-2079.51,0
57.41,5755,51,NOERROR,2,1,,,-86.2019,-3.933565,-3.07769,18.70797,3.165846,,,,,,,,2.864355,-2.266018,4.189198,18.74351,1,,-89.5994,-89.5994,-2079.51,0
57.417,5756,51,NOERROR,2,1,,,-86.2019,-3.933565,-3.07769,18.70797,3.162549,,,,,,,,2.864355,-2.266018,4.189198,18.74351,1,,-89.5994,-89.5994,-2079.51,0
57.425,5757,51,NOERROR,2,1,,,-86.2019,-3.933565,-3.07769,18.70797,3.162249,,,,,,,,2.864355,-2.266018,4.189198,18.74351,1,,-89.5994,-89.5994,-2079.51,0
57.432,5758,51,NOERROR,2,1,,,-86.2019,-3.933565,-3.07769,18.70797,3.162249,,,,,,,,2.864355,-2.266018,4.189198,18.74351,1,,-89.5994,-89.5994,-2079.51,0
57.44,5759,51,NOERROR,2,1,,,-86.2019,-3.933565,-3.07769,18.70797,3.161649,,,,,,,,2.864355,-2.266018,4.189198,18.74351,1,,-89.5994,-89.5994,-2079.51,0
57.447,5760,51,NOERROR,2,1,,,-86.2019,-3.933565,-3.07769,18.70797,3.161799,,,,,,,,2.864355,-2.266018,4.189198,18.74351,1,,-89.5994,-89.5994,-2079.51,0
57.455,5761,51,NOERROR,2,1,,,-86.2019,-3.933565,-3.07769,18.70797,3.161799,,,,,,,,2.864355,-2.266018,4.189198,18.74351,1,,-89.5994,-89.5994,-2079.51,0
57.462,5762,51,NOERROR,2,1,,,-86.2019,-3.933565,-3.07769,18.70797,3.16135,,,,,,,,2.864355,-2.266018,4.189198,18.74351,1,,-89.5994,-89.5994,-2079.51,0
57.47,5763,51,NOERROR,2,1,,,-86.2019,-3.933565,-3.07769,18.70797,3.16135,,,,,,,,2.864355,-2.266018,4.189198,18.74351,1,,-89.5994,-89.5994,-2079.51,0
57.477,5764,51,NOERROR,2,1,,,-86.2019,-3.933565,-3.07769,18.70797,3.159102,,,,,,,,2.864355,-2.266018,4.189198,18.74351,1,,-89.5994,-89.5994,-2079.51,0
57.485,5765,51,NOERROR,2,1,,,-86.2019,-3.933565,-3.07769,18.70797,3.158652,,,,,,,,2.864355,-2.266018,4.189198,18.74351,1,,-89.5994,-89.5994,-2079.51,0
57.492,5766,51,NOERROR,2,1,,,-86.2019,-3.933565,-3.07769,18.70797,3.158652,,,,,,,,2.864355,-2.266018,4.189198,18.74351,1,,-89.5994,-89.5994,-2079.51,0
57.5,5767,51,NOERROR,2,1,,,-86.2019,-3.933565,-3.07769,18.70797,3.157304,,,,,,,,2.864355,-2.266018,4.189198,18.74351,1,,-89.5994,-89.5994,-2079.51,0
57.507,5768,51,NOERROR,2,1,,,-86.2019,-3.933565,-3.07769,18.70797,3.154606,,,,,,,,2.864355,-2.266018,4.189198,18.74351,1,,-89.5994,-89.5994,-2079.51,0
57.515,5769,51,NOERROR,2,1,,,-86.2019,-3.933565,-3.07769,18.70797,3.154606,,,,,,,,2.864355,-2.266018,4.189198,18.74351,1,,-89.5994,-89.5994,-2079.51,0
57.522,5770,51,NOERROR,2,1,,,-86.2019,-3.933565,-3.07769,18.70797,3.152957,,,,,,,,2.864355,-2.266018,4.189198,18.74351,1,,-89.5994,-89.5994,-2079.51,0
57.529,5771,51,NOERROR,2,1,,,-86.2019,-3.933565,-3.07769,18.70797,3.152957,,,,,,,,2.864355,-2.266018,4.189198,18.74351,1,,-89.5994,-89.5994,-2079.51,0
57.537,5772,51,NOERROR,2,1,,,-86.2019,-3.933565,-3.07769,18.70797,3.151759,,,,,,,,2.864355,-2.266018,4.189198,18.74351,1,,-89.5994,-89.5994,-2079.51,0
57.544,5773,51,NOERROR,2,1,,,-86.2019,-3.933565,-3.07769,18.70797,3.152957,,,,,,,,2.864355,-2.266018,4.189198,18.74351,1,,-89.5994,-89.5994,-2079.51,0
57.552,5774,51,NOERROR,2,1,,,-86.2019,-3.933565,-3.07769,18.70797,3.152957,,,,,,,,2.864355,-2.266018,4.189198,18.74351,1,,-89.5994,-89.5994,-2079.51,0
57.559,5775,51,NOERROR,2,1,,,-86.2019,-3.933565,-3.07769,18.70797,3.153257,,,,,,,,2.864355,-2.266018,4.189198,18.74351,1,,-89.5994,-89.5994,-2079.51,0
57.567,5776,51,NOERROR,2,1,,,-86.2019,-3.933565,-3.07769,18.70797,3.153257,,,,,,,,2.864355,-2.266018,4.189198,18.74351,1,,-89.5994,-89.5994,-2079.51,0
57.574,5777,51,NOERROR,2,1,,,-86.2019,-3.933565,-3.07769,18.70797,3.152208,,,,,,,,2.864355,-2.266018,4.189198,18.74351,1,,-89.5994,-89.5994,-2079.51,0
57.582,5778,51,NOERROR,2,1,,,-86.2019,-3.933565,-3.07769,18.70797,3.152808,,,,,,,,2.864355,-2.266018,4.189198,18.74351,1,,-89.5994,-89.5994,-2079.51,0
57.589,5779,51,NOERROR,2,1,,,-86.2019,-4.021456,-3.07769,18.70797,3.152808,,,,,,,,2.864355,-2.266018,4.189198,18.74351,1,,-89.5994,-89.5994,-2079.51,0
57.597,5780,51,NOERROR,2,1,,,-86.2019,-4.021456,-3.07769,18.70797,3.152508,,,,,,,,2.864355,-2.266018,4.189198,18.74351,1,,-89.5994,-89.5994,-2079.51,0
57.604,5781,51,NOERROR,2,1,,,-86.2019,-4.021456,-3.07769,18.70797,3.153707,,,,,,,,2.864355,-2.266018,4.189198,18.74351,1,,-89.5994,-89.5994,-2079.51,0
57.612,5782,51,NOERROR,2,1,,,-86.2019,-4.021456,-3.07769,18.70797,3.153707,,,,,,,,2.864355,-2.266018,4.189198,18.74351,1,,-89.5994,-89.5994,-2079.51,0
57.619,5783,51,NOERROR,2,1,,,-86.2019,-4.021456,-3.07769,18.70797,3.154606,,,,,,,,2.864355,-2.266018,4.189198,18.74351,1,,-89.5994,-89.5994,-2079.51,0
57.627,5784,51,NOERROR,2,1,,,-86.2019,-4.021456,-3.07769,18.70797,3.154606,,,,,,,,2.864355,-2.266018,4.189198,18.74351,1,,-89.5994,-89.5994,-2079.51,0
57.634,5785,51,NOERROR,2,1,,,-86.2019,-4.021456,-3.07769,18.70797,3.155655,,,,,,,,2.864355,-2.266018,4.189198,18.74351,1,,-89.5994,-89.5994,-2079.51,0
57.641,5786,51,NOERROR,2,1,,,-86.2019,-4.021456,-3.07769,18.70797,3.158203,,,,,,,,2.864355,-2.266018,4.189198,18.74351,1,,-89.5994,-89.5994,-2079.51,0
57.649,5787,51,NOERROR,2,1,,,-86.2019,-4.021456,-3.07769,18.70797,3.158203,,,,,,,,2.864355,-2.266018,4.189198,18.74351,1,,-89.5994,-89.5994,-2079.51,0
57.656,5788,51,NOERROR,2,1,,,-86.2019,-4.021456,-3.07769,18.70797,3.159252,,,,,,,,2.864355,-2.266018,4.189198,18.74351,1,,-89.5994,-89.5994,-2079.51,0
57.664,5789,51,NOERROR,2,1,,,-86.2019,-4.021456,-3.07769,18.70797,3.16075,,,,,,,,2.864355,-2.266018,4.189198,18.74351,1,,-89.5994,-89.5994,-2079.51,0
57.671,5790,51,NOERROR,2,1,,,-86.2019,-4.021456,-3.07769,18.70797,3.16075,,,,,,,,2.864355,-2.266018,4.189198,18.74351,1,,-89.5994,-89.5994,-2079.51,0
57.679,5791,51,NOERROR,2,1,,,-86.2019,-4.021456,-3.07769,18.70797,3.1609,,,,,,,,2.864355,-2.266018,4.189198,18.74351,1,,-89.5994,-89.5994,-2079.51,0
57.686,5792,51,NOERROR,2,1,,,-86.2019,-4.021456,-3.07769,18.70797,3.1609,,,,,,,,2.864355,-2.266018,4.189198,18.74351,1,,-89.5994,-89.5994,-2079.51,0
57.694,5793,51,NOERROR,2,1,,,-86.2019,-4.021456,-3.07769,18.70797,3.16045,,,,,,,,2.864355,-2.266018,4.189198,18.74351,1,,-89.5994,-89.5994,-2079.51,0
57.701,5794,51,NOERROR,2,1,,,-86.2019,-4.021456,-3.07769,18.70797,3.162549,,,,,,,,2.864355,-2.266018,4.189198,18.74351,1,,-89.5994,-89.5994,-2079.51,0
57.709,5795,51,NOERROR,2,1,,,-86.2019,-4.021456,-3.07769,18.70797,3.162549,,,,,,,,2.864355,-2.266018,4.189198,18.74351,1,,-89.5994,-89.5994,-2079.51,0
57.716,5796,51,NOERROR,2,1,,,-86.2019,-4.021456,-3.07769,18.70797,3.161799,,,,,,,,2.864355,-2.266018,4.189198,18.74351,1,,-89.5994,-89.5994,-2079.51,0
57.724,5797,51,NOERROR,2,1,,,-86.2019,-4.021456,-3.07769,18.70797,3.162848,,,,,,,,2.864355,-2.266018,4.189198,18.74351,1,,-89.5994,-89.5994,-2079.51,0
57.731,5798,51,NOERROR,2,1,,,-86.2019,-4.021456,-3.07769,18.70797,3.162848,,,,,,,,2.864355,-2.266018,4.189198,18.74351,1,,-89.5994,-89.5994,-2079.51,0
57.739,5799,51,NOERROR,2,1,,,-86.2019,-4.021456,-3.07769,18.70797,3.164497,,,,,,,,2.864355,-2.266018,4.189198,18.74351,1,,-89.5994,-89.5994,-2079.51,0
57.746,5800,51,NOERROR,2,1,,,-86.2019,-4.021456,-3.07769,18.70797,3.164497,,,,,,,,2.864355,-2.266018,4.189198,18.74351,1,,-89.5994,-89.5994,-2079.51,0
57.754,5801,51,NOERROR,2,1,,,-86.2019,-4.021456,-3.07769,18.70797,3.163148,,,,,,,,2.864355,-2.266018,4.189198,18.74351,1,,-89.5994,-89.5994,-2079.51,0
57.761,5802,51,NOERROR,2,1,,,-86.2019,-4.021456,-3.07769,18.70797,3.164647,,,,,,,,2.864355,-2.266018,4.189198,18.74351,1,,-89.5994,-89.5994,-2079.51,0
57.768,5803,51,NOERROR,2,1,,,-86.2019,-4.021456,-3.07769,18.70797,3.164647,,,,,,,,2.864355,-2.266018,4.189198,18.74351,1,,-89.5994,-89.5994,-2079.51,0
57.776,5804,51,NOERROR,2,1,,,-86.2019,-4.021456,-3.07769,18.70797,3.165096,,,,,,,,2.864355,-2.266018,4.189198,18.74351,1,,-89.5994,-89.5994,-2079.51,0
57.783,5805,51,NOERROR,2,1,,,-86.2019,-4.021456,-3.07769,18.70797,3.165096,,,,,,,,2.864355,-2.266018,4.189198,18.74351,1,,-89.5994,-89.5994,-2079.51,0
57.791,5806,51,NOERROR,2,1,,,-86.2019,-4.021456,-3.07769,18.70797,3.166295,,,,,,,,2.864355,-2.266018,4.189198,18.74351,1,,-89.5994,-89.5994,-2079.51,0
57.798,5807,51,NOERROR,2,1,,,-86.2019,-4.021456,-3.07769,18.70797,3.167644,,,,,,,,2.864355,-2.266018,4.189198,18.74351,1,,-89.5994,-89.5994,-2079.51,0
57.806,5808,51,NOERROR,2,1,,,-86.2019,-4.021456,-3.07769,18.70797,3.167644,,,,,,,,2.864355,-2.266018,4.189198,18.74351,1,,-89.5994,-89.5994,-2079.51,0
57.813,5809,51,NOERROR,2,1,,,-86.2019,-4.021456,-3.07769,18.70797,3.167194,,,,,,,,2.864355,-2.266018,4.189198,18.74351,1,,-89.5994,-89.5994,-2079.51,0
57.821,5810,51,NOERROR,2,1,,,-86.2019,-4.021456,-3.07769,18.70797,3.165396,,,,,,,,2.864355,-2.266018,4.189198,18.74351,1,,-89.5994,-89.5994,-2079.51,0
57.828,5811,51,NOERROR,2,1,,,-86.2019,-4.021456,-3.07769,18.70797,3.165396,,,,,,,,2.864355,-2.266018,4.189198,18.74351,1,,-89.5994,-89.5994,-2079.51,0
57.836,5812,51,NOERROR,2,1,,,-86.2019,-4.021456,-3.07769,18.70797,3.162249,,,,,,,,2.864355,-2.266018,4.189198,18.74351,1,,-89.5994,-89.5994,-2079.51,0
57.843,5813,51,NOERROR,2,1,,,-86.2019,-4.021456,-3.07769,18.70797,3.162249,,,,,,,,2.864355,-2.266018,4.189198,18.74351,1,,-89.5994,-89.5994,-2079.51,0
57.851,5814,51,NOERROR,2,1,,,-86.2019,-4.021456,-3.07769,18.70797,3.162099,,,,,,,,2.864355,-2.266018,4.189198,18.74351,1,,-89.5994,-89.5994,-2079.51,0
57.858,5815,51,NOERROR,2,1,,,-86.2019,-4.021456,-3.07769,18.70797,3.163448,,,,,,,,2.864355,-2.266018,4.189198,18.74351,1,,-89.5994,-89.5994,-2079.51,0
57.866,5816,51,NOERROR,2,1,,,-86.2019,-4.021456,-3.07769,18.70797,3.163448,,,,,,,,2.864355,-2.266018,4.189198,18.74351,1,,-89.5994,-89.5994,-2079.51,0
57.873,5817,51,NOERROR,2,1,,,-86.2019,-4.021456,-3.07769,18.70797,3.161799,,,,,,,,2.864355,-2.266018,4.189198,18.74351,1,,-89.5994,-89.5994,-2079.51,0
57.88,5818,51,NOERROR,2,1,,,-86.2019,-4.021456,-3.07769,18.70797,3.16075,,,,,,,,2.864355,-2.266018,4.189198,18.74351,1,,-89.5994,-89.5994,-2079.51,0
57.888,5819,51,NOERROR,2,1,,,-86.2019,-4.021456,-3.07769,18.70797,3.16075,,,,,,,,2.864355,-2.266018,4.189198,18.74351,1,,-89.5994,-89.5994,-2079.51,0
57.895,5820,51,NOERROR,2,1,,,-86.2019,-4.021456,-3.07769,18.70797,3.159401,,,,,,,,2.864355,-2.266018,4.189198,18.74351,1,,-89.5994,-89.5994,-2079.51,0
57.903,5821,51,NOERROR,2,1,,,-86.2019,-4.021456,-3.07769,18.70797,3.159401,,,,,,,,2.864355,-2.266018,4.189198,18.74351,1,,-89.5994,-89.5994,-2079.51,0
57.91,5822,51,NOERROR,2,1,,,-86.2019,-4.021456,-3.07769,18.70797,3.160001,,,,,,,,2.864355,-2.266018,4.189198,18.74351,1,,-89.5994,-89.5994,-2079.51,0
57.918,5823,51,NOERROR,2,1,,,-86.2019,-4.021456,-3.07769,18.70797,3.1606,,,,,,,,2.864355,-2.266018,4.189198,18.74351,1,,-89.5994,-89.5994,-2079.51,0
57.925,5824,51,NOERROR,2,1,,,-86.2019,-4.021456,-3.07769,18.70797,3.1606,,,,,,,,2.864355,-2.266018,4.189198,18.74351,1,,-89.5994,-89.5994,-2079.51,0
57.933,5825,51,NOERROR,2,1,,,-86.2019,-4.021456,-3.07769,18.70797,3.162249,,,,,,,,2.864355,-2.266018,4.189198,18.74351,1,,-89.5994,-89.5994,-2079.51,0
57.94,5826,51,NOERROR,2,1,,,-86.2019,-4.021456,-3.07769,18.70797,3.162249,,,,,,,,2.864355,-2.266018,4.189198,18.74351,1,,-89.5994,-89.5994,-2079.51,0
57.948,5827,51,NOERROR,2,1,,,-86.2019,-4.021456,-3.07769,18.70797,3.163598,,,,,,,,2.864355,-2.266018,4.189198,18.74351,1,,-89.5994,-89.5994,-2079.51,0
57.955,5828,51,NOERROR,2,1,,,-86.2019,-4.021456,-3.07769,18.70797,3.161649,,,,,,,,2.864355,-2.266018,4.189198,18.74351,1,,-89.5994,-89.5994,-2079.51,0
57.963,5829,51,NOERROR,2,1,,,-86.2019,-4.021456,-3.07769,18.70797,3.161649,,,,,,,,2.864355,-2.266018,4.189198,18.74351,1,,-89.5994,-89.5994,-2079.51,0
57.97,5830,51,NOERROR,2,1,,,-86.2019,-4.021456,-3.07769,18.70797,3.161649,,,,,,,,2.864355,-2.266018,4.189198,18.74351,1,,-89.5994,-89.5994,-2079.51,0
57.978,5831,51,NOERROR,2,1,,,-86.2019,-4.021456,-3.07769,18.70797,3.16045,,,,,,,,2.864355,-2.266018,4.189198,18.74351,1,,-89.5994,-89.5994,-2079.51,0
57.985,5832,51,NOERROR,2,1,,,-86.2019,-4.021456,-3.07769,18.70797,3.16045,,,,,,,,2.864355,-2.266018,4.189198,18.74351,1,,-89.5994,-89.5994,-2079.51,0
57.992,5833,51,NOERROR,2,1,,,-86.2019,-4.021456,-3.07769,18.70797,3.159552,,,,,,,,2.864355,-2.266018,4.189198,18.74351,1,,-89.5994,-89.5994,-2079.51,0
58,5834,51,NOERROR,2,1,,,-86.2019,-4.021456,-3.07769,18.70797,3.159552,,,,,,,,2.864355,-2.266018,4.189198,18.74351,1,,-89.5994,-89.5994,-2079.51,0
58.007,5835,51,NOERROR,2,1,,,-86.2019,-4.021456,-3.07769,18.70797,3.1609,,,,,,,,2.864355,-2.266018,4.189198,18.74351,1,,-89.5994,-89.5994,-2079.51,0
58.015,5836,51,NOERROR,2,1,,,-86.2019,-4.021456,-3.07769,18.70797,3.160001,,,,,,,,2.864355,-2.266018,4.189198,18.74351,1,,-89.5994,-89.5994,-2079.51,0
58.022,5837,51,NOERROR,2,1,,,-86.2019,-4.021456,-3.07769,18.70797,3.160001,,,,,,,,2.864355,-2.266018,4.189198,18.74351,1,,-89.5994,-89.5994,-2079.51,0
58.03,5838,51,NOERROR,2,1,,,-86.2019,-4.021456,-3.07769,18.70797,3.16045,,,,,,,,2.864355,-2.266018,4.189198,18.74351,1,,-89.5994,-89.5994,-2079.51,0
58.037,5839,51,NOERROR,2,1,,,-86.2019,-4.021456,-3.07769,18.70797,3.162848,,,,,,,,2.864355,-2.266018,4.189198,18.74351,1,,-89.5994,-89.5994,-2079.51,0
58.045,5840,51,NOERROR,2,1,,,-86.2019,-4.021456,-3.07769,18.70797,3.162848,,,,,,,,2.864355,-2.266018,4.189198,18.74351,1,,-89.5994,-89.5994,-2079.51,0
58.052,5841,51,NOERROR,2,1,,,-86.2019,-4.021456,-3.07769,18.70797,3.162699,,,,,,,,2.864355,-2.266018,4.189198,18.74351,1,,-89.5994,-89.5994,-2079.51,0
58.06,5842,51,NOERROR,2,1,,,-86.2019,-4.021456,-3.07769,18.70797,3.162699,,,,,,,,2.864355,-2.266018,4.189198,18.74351,1,,-89.5994,-89.5994,-2079.51,0
58.067,5843,51,NOERROR,2,1,,,-86.2019,-4.021456,-3.07769,18.70797,3.161949,,,,,,,,2.864355,-2.266018,4.189198,18.74351,1,,-89.5994,-89.5994,-2079.51,0
58.075,5844,51,NOERROR,2,1,,,-86.2019,-4.021456,-3.07769,18.70797,3.159851,,,,,,,,2.864355,-2.266018,4.189198,18.74351,1,,-89.5994,-89.5994,-2079.51,0
58.082,5845,51,NOERROR,2,1,,,-86.2019,-4.021456,-3.07769,18.70797,3.159851,,,,,,,,2.864355,-2.266018,4.189198,18.74351,1,,-89.5994,-89.5994,-2079.51,0
58.09,5846,51,NOERROR,2,1,,,-86.2019,-4.021456,-3.07769,18.70797,3.16135,,,,,,,,2.864355,-2.266018,4.189198,18.74351,1,,-89.5994,-89.5994,-2079.51,0
58.097,5847,51,NOERROR,2,1,,,-86.2019,-4.021456,-3.07769,18.70797,3.162848,,,,,,,,2.864355,-2.266018,4.189198,18.74351,1,,-89.5994,-89.5994,-2079.51,0
58.104,5848,51,NOERROR,2,1,,,-86.2019,-4.021456,-3.07769,18.70797,3.162848,,,,,,,,2.864355,-2.266018,4.189198,18.74351,1,,-89.5994,-89.5994,-2079.51,0
58.112,5849,51,NOERROR,2,1,,,-86.2019,-4.021456,-3.07769,18.70797,3.161649,,,,,,,,2.864355,-2.266018,4.189198,18.74351,1,,-89.5994,-89.5994,-2079.51,0
58.119,5850,51,NOERROR,2,1,,,-86.2019,-4.021456,-3.07769,18.70797,3.161649,,,,,,,,2.864355,-2.266018,4.189198,18.74351,1,,-89.5994,-89.5994,-2079.51,0
58.127,5851,51,NOERROR,2,1,,,-86.2019,-4.021456,-3.07769,18.70797,3.162549,,,,,,,,2.864355,-2.266018,4.189198,18.74351,1,,-89.5994,-89.5994,-2079.51,0
58.134,5852,51,NOERROR,2,1,,,-86.2019,-4.021456,-3.07769,18.70797,3.161649,,,,,,,,2.864355,-2.266018,4.189198,18.74351,1,,-89.5994,-89.5994,-2079.51,0
58.142,5853,51,NOERROR,2,1,,,-86.2019,-4.021456,-3.07769,18.70797,3.161649,,,,,,,,2.864355,-2.266018,4.189198,18.74351,1,,-89.5994,-89.5994,-2079.51,0
58.149,5854,51,NOERROR,2,1,,,-86.2019,-4.021456,-3.07769,18.70797,3.1615,,,,,,,,2.864355,-2.266018,4.189198,18.74351,1,,-89.5994,-89.5994,-2079.51,0
58.157,5855,51,NOERROR,2,1,,,-86.2019,-4.021456,-3.07769,18.70797,3.1615,,,,,,,,2.864355,-2.266018,4.189198,18.74351,1,,-89.5994,-89.5994,-2079.51,0
58.164,5856,51,NOERROR,2,1,,,-86.2019,-4.021456,-3.07769,18.70797,3.163298,,,,,,,,2.864355,-2.266018,4.189198,18.74351,1,,-89.5994,-89.5994,-2079.51,0
58.172,5857,51,NOERROR,2,1,,,-86.2019,-4.021456,-3.07769,18.70797,3.163898,,,,,,,,2.864355,-2.266018,4.189198,18.74351,1,,-89.5994,-89.5994,-2079.51,0
58.179,5858,51,NOERROR,2,1,,,-86.2019,-4.021456,-3.07769,18.70797,3.163898,,,,,,,,2.864355,-2.266018,4.189198,18.74351,1,,-89.5994,-89.5994,-2079.51,0
58.187,5859,51,NOERROR,2,1,,,-86.2019,-4.021456,-3.07769,18.70797,3.166595,,,,,,,,2.864355,-2.266018,4.189198,18.74351,1,,-89.5994,-89.5994,-2079.51,0
58.194,5860,51,NOERROR,2,1,,,-86.2019,-4.021456,-3.07769,18.70797,3.167194,,,,,,,,2.864355,-2.266018,4.189198,18.74351,1,,-89.5994,-89.5994,-2079.51,0
58.202,5861,51,NOERROR,2,1,,,-86.2019,-4.021456,-3.07769,18.70797,3.167194,,,,,,,,2.864355,-2.266018,4.189198,18.74351,1,,-89.5994,-89.5994,-2079.51,0
58.209,5862,51,NOERROR,2,1,,,-86.2019,-4.021456,-3.07769,18.70797,3.168094,,,,,,,,2.864355,-2.266018,4.189198,18.74351,1,,-89.5994,-89.5994,-2079.51,0
58.216,5863,51,NOERROR,2,1,,,-86.2019,-4.021456,-3.07769,18.70797,3.168094,,,,,,,,2.864355,-2.266018,4.189198,18.74351,1,,-89.5994,-89.5994,-2079.51,0
58.224,5864,51,NOERROR,2,1,,,-86.2019,-4.021456,-3.07769,18.70797,3.168393,,,,,,,,2.864355,-2.266018,4.189198,18.74351,1,,-89.5994,-89.5994,-2079.51,0
58.231,5865,51,NOERROR,2,1,,,-86.2019,-4.021456,-3.07769,18.70797,3.167194,,,,,,,,2.864355,-2.266018,4.189198,18.74351,1,,-89.5994,-89.5994,-2079.51,0
58.239,5866,51,NOERROR,2,1,,,-86.2019,-4.021456,-3.07769,18.70797,3.167194,,,,,,,,2.864355,-2.266018,4.189198,18.74351,1,,-89.5994,-89.5994,-2079.51,0
58.246,5867,51,NOERROR,2,1,,,-86.2019,-4.021456,-3.07769,18.70797,3.168094,,,,,,,,2.864355,-2.266018,4.189198,18.74351,1,,-89.5994,-89.5994,-2079.51,0
58.254,5868,51,NOERROR,2,1,,,-86.2019,-4.021456,-3.07769,18.70797,3.166295,,,,,,,,2.864355,-2.266018,4.189198,18.74351,1,,-89.5994,-89.5994,-2079.51,0
58.261,5869,51,NOERROR,2,1,,,-86.2019,-4.021456,-3.07769,18.70797,3.166295,,,,,,,,2.864355,-2.266018,4.189198,18.74351,1,,-89.5994,-89.5994,-2079.51,0
58.269,5870,51,NOERROR,2,1,,,-86.2019,-4.021456,-3.07769,18.70797,3.166145,,,,,,,,2.864355,-2.266018,4.189198,18.74351,1,,-89.5994,-89.5994,-2079.51,0
58.276,5871,51,NOERROR,2,1,,,-86.2019,-4.021456,-3.07769,18.70797,3.166145,,,,,,,,2.864355,-2.266018,4.189198,18.74351,1,,-89.5994,-89.5994,-2079.51,0
58.284,5872,51,NOERROR,2,1,,,-86.2019,-4.021456,-3.07769,18.70797,3.168243,,,,,,,,2.864355,-2.266018,4.189198,18.74351,1,,-89.5994,-89.5994,-2079.51,0
58.291,5873,51,NOERROR,2,1,,,-86.2019,-4.021456,-3.07769,18.70797,3.168993,,,,,,,,2.864355,-2.266018,4.189198,18.74351,1,,-89.5994,-89.5994,-2079.51,0
58.299,5874,51,NOERROR,2,1,,,-86.2019,-4.021456,-3.07769,18.70797,3.168993,,,,,,,,2.864355,-2.266018,4.189198,18.74351,1,,-89.5994,-89.5994,-2079.51,0
58.306,5875,51,NOERROR,2,1,,,-86.2019,-4.021456,-3.07769,18.70797,3.169892,,,,,,,,2.864355,-2.266018,4.189198,18.74351,1,,-89.5994,-89.5994,-2079.51,0
58.314,5876,51,NOERROR,2,1,,,-86.2019,-4.021456,-3.07769,18.70797,3.170042,,,,,,,,2.864355,-2.266018,4.189198,18.74351,1,,-89.5994,-89.5994,-2079.51,0
58.321,5877,51,NOERROR,2,1,,,-86.2019,-4.021456,-3.07769,18.70797,3.170042,,,,,,,,2.864355,-2.266018,4.189198,18.74351,1,,-89.5994,-89.5994,-2079.51,0
58.328,5878,51,NOERROR,2,1,,,-86.2019,-4.021456,-3.07769,18.70797,3.17199,,,,,,,,2.864355,-2.266018,4.189198,18.74351,1,,-89.5994,-89.5994,-2079.51,0
58.336,5879,51,NOERROR,2,1,,,-86.2019,-4.021456,-3.07769,18.70797,3.17199,,,,,,,,2.864355,-2.266018,4.189198,18.74351,1,,-89.5994,-89.5994,-2079.51,0
58.343,5880,51,NOERROR,2,1,,,-86.2019,-4.021456,-3.07769,18.70797,3.173638,,,,,,,,2.864355,-2.266018,4.189198,18.74351,1,,-89.5994,-89.5994,-2079.51,0
58.351,5881,51,NOERROR,2,1,,,-86.2019,-4.021456,-3.07769,18.70797,3.173788,,,,,,,,2.864355,-2.266018,4.189198,18.74351,1,,-89.5994,-89.5994,-2079.51,0
58.358,5882,51,NOERROR,2,1,,,-86.2019,-4.021456,-3.07769,18.70797,3.173788,,,,,,,,2.864355,-2.266018,4.189198,18.74351,1,,-89.5994,-89.5994,-2079.51,0
58.366,5883,51,NOERROR,2,1,,,-86.2019,-4.021456,-3.07769,18.70797,3.174837,,,,,,,,2.864355,-2.266018,4.189198,18.74351,1,,-89.5994,-89.5994,-2079.51,0
58.373,5884,51,NOERROR,2,1,,,-86.2019,-4.021456,-3.07769,18.70797,3.174837,,,,,,,,2.864355,-2.266018,4.189198,18.74351,1,,-89.5994,-89.5994,-2079.51,0
58.381,5885,51,NOERROR,2,1,,,-86.2019,-4.021456,-3.07769,18.70797,3.173189,,,,,,,,2.864355,-2.266018,4.189198,18.74351,1,,-89.5994,-89.5994,-2079.51,0
58.388,5886,51,NOERROR,2,1,,,-86.2019,-4.021456,-3.07769,18.70797,3.17274,,,,,,,,2.864355,-2.266018,4.189198,18.74351,1,,-89.5994,-89.5994,-2079.51,0
58.396,5887,51,NOERROR,2,1,,,-86.2019,-4.021456,-3.07769,18.70797,3.17274,,,,,,,,2.864355,-2.266018,4.189198,18.74351,1,,-89.5994,-89.5994,-2079.51,0
58.403,5888,51,NOERROR,2,1,,,-86.2019,-4.021456,-3.07769,18.70797,3.171241,,,,,,,,2.864355,-2.266018,4.189198,18.74351,1,,-89.5994,-89.5994,-2079.51,0
58.411,5889,51,NOERROR,2,1,,,-86.2019,-4.021456,-3.07769,18.70797,3.168543,,,,,,,,2.864355,-2.266018,4.189198,18.74351,1,,-89.5994,-89.5994,-2079.51,0
58.418,5890,51,NOERROR,2,1,,,-86.2019,-4.021456,-3.07769,18.70797,3.168543,,,,,,,,2.864355,-2.266018,4.189198,18.74351,1,,-89.5994,-89.5994,-2079.51,0
58.426,5891,51,NOERROR,2,1,,,-86.2019,-4.021456,-3.07769,18.70797,3.167194,,,,,,,,2.864355,-2.266018,4.189198,18.74351,1,,-89.5994,-89.5994,-2079.51,0
58.433,5892,51,NOERROR,2,1,,,-86.2019,-4.021456,-3.07769,18.70797,3.167194,,,,,,,,2.864355,-2.266018,4.189198,18.74351,1,,-89.5994,-89.5994,-2079.51,0
58.441,5893,51,NOERROR,2,1,,,-86.2019,-4.021456,-3.07769,18.70797,3.166745,,,,,,,,2.864355,-2.266018,4.189198,18.74351,1,,-89.5994,-89.5994,-2079.51,0
58.448,5894,51,NOERROR,2,1,,,-86.2019,-4.021456,-3.07769,18.70797,3.167194,,,,,,,,2.864355,-2.266018,4.189198,18.74351,1,,-89.5994,-89.5994,-2079.51,0
58.455,5895,51,NOERROR,2,1,,,-86.2019,-4.021456,-3.07769,18.70797,3.167194,,,,,,,,2.864355,-2.266018,4.189198,18.74351,1,,-89.5994,-89.5994,-2079.51,0
58.463,5896,51,NOERROR,2,1,,,-86.2019,-4.021456,-3.07769,18.70797,3.167194,,,,,,,,2.864355,-2.266018,4.189198,18.74351,1,,-89.5994,-89.5994,-2079.51,0
58.47,5897,51,NOERROR,2,1,,,-86.2019,-4.021456,-3.07769,18.70797,3.165696,,,,,,,,2.864355,-2.266018,4.189198,18.74351,1,,-89.5994,-89.5994,-2079.51,0
58.478,5898,51,NOERROR,2,1,,,-86.2019,-4.021456,-3.07769,18.70797,3.165696,,,,,,,,2.864355,-2.266018,4.189198,18.74351,1,,-89.5994,-89.5994,-2079.51,0
58.485,5899,51,NOERROR,2,1,,,-86.2019,-4.021456,-3.07769,18.70797,3.168243,,,,,,,,2.864355,-2.266018,4.189198,18.74351,1,,-89.5994,-89.5994,-2079.51,0
58.493,5900,51,NOERROR,2,1,,,-86.2019,-4.021456,-3.07769,18.70797,3.168243,,,,,,,,2.864355,-2.266018,4.189198,18.74351,1,,-89.5994,-89.5994,-2079.51,0
58.5,5901,51,NOERROR,2,1,,,-86.2019,-4.021456,-3.07769,18.70797,3.168993,,,,,,,,2.864355,-2.266018,4.189198,18.74351,1,,-89.5994,-89.5994,-2079.51,0
58.508,5902,51,NOERROR,2,1,,,-86.2019,-4.021456,-3.07769,18.70797,3.168094,,,,,,,,2.864355,-2.266018,4.189198,18.74351,1,,-89.5994,-89.5994,-2079.51,0
58.515,5903,51,NOERROR,2,1,,,-86.2019,-4.021456,-3.07769,18.70797,3.168094,,,,,,,,2.864355,-2.266018,4.189198,18.74351,1,,-89.5994,-89.5994,-2079.51,0
58.523,5904,51,NOERROR,2,1,,,-86.2019,-4.021456,-3.07769,18.70797,3.168243,,,,,,,,2.864355,-2.266018,4.189198,18.74351,1,,-89.5994,-89.5994,-2079.51,0
58.53,5905,51,NOERROR,2,1,,,-86.2019,-4.021456,-3.07769,18.70797,3.166895,,,,,,,,2.864355,-2.266018,4.189198,18.74351,1,,-89.5994,-89.5994,-2079.51,0
58.538,5906,51,NOERROR,2,1,,,-86.2019,-4.021456,-3.07769,18.70797,3.166895,,,,,,,,2.864355,-2.266018,4.189198,18.74351,1,,-89.5994,-89.5994,-2079.51,0
58.545,5907,51,NOERROR,2,1,,,-86.2019,-4.021456,-3.07769,18.70797,3.166895,,,,,,,,2.864355,-2.266018,4.189198,18.74351,1,,-89.5994,-89.5994,-2079.51,0
58.553,5908,51,NOERROR,2,1,,,-86.2019,-4.021456,-3.07769,18.70797,3.166895,,,,,,,,2.864355,-2.266018,4.189198,18.74351,1,,-89.5994,-89.5994,-2079.51,0
58.56,5909,51,NOERROR,2,1,,,-86.2019,-4.021456,-3.07769,18.70797,3.165696,,,,,,,,2.864355,-2.266018,4.189198,18.74351,1,,-89.5994,-89.5994,-2079.51,0
58.567,5910,51,NOERROR,2,1,,,-86.2019,-4.021456,-3.07769,18.70797,3.163748,,,,,,,,2.864355,-2.266018,4.189198,18.74351,1,,-89.5994,-89.5994,-2079.51,0
58.575,5911,51,NOERROR,2,1,,,-86.2019,-4.021456,-3.07769,18.70797,3.163748,,,,,,,,2.864355,-2.266018,4.189198,18.74351,1,,-89.5994,-89.5994,-2079.51,0
58.582,5912,51,NOERROR,2,1,,,-86.2019,-4.021456,-3.07769,18.70797,3.16135,,,,,,,,2.864355,-2.266018,4.189198,18.74351,1,,-89.5994,-89.5994,-2079.51,0
58.59,5913,51,NOERROR,2,1,,,-86.2019,-4.021456,-3.07769,18.70797,3.16135,,,,,,,,2.864355,-2.266018,4.189198,18.74351,1,,-89.5994,-89.5994,-2079.51,0
58.597,5914,51,NOERROR,2,1,,,-86.2019,-4.021456,-3.07769,18.70797,3.158952,,,,,,,,2.864355,-2.266018,4.189198,18.74351,1,,-89.5994,-89.5994,-2079.51,0
58.605,5915,51,NOERROR,2,1,,,-86.2019,-4.021456,-3.07769,18.70797,3.158503,,,,,,,,2.864355,-2.266018,4.189198,18.74351,1,,-89.5994,-89.5994,-2079.51,0
58.612,5916,51,NOERROR,2,1,,,-86.2019,-4.021456,-3.07769,18.70797,3.158503,,,,,,,,2.864355,-2.266018,4.189198,18.74351,1,,-89.5994,-89.5994,-2079.51,0
58.62,5917,51,NOERROR,2,1,,,-86.2019,-4.021456,-3.07769,18.70797,3.158952,,,,,,,,2.864355,-2.266018,4.189198,18.74351,1,,-89.5994,-89.5994,-2079.51,0
58.627,5918,51,NOERROR,2,1,,,-86.2019,-4.021456,-3.07769,18.70797,3.159851,,,,,,,,2.864355,-2.266018,4.189198,18.74351,1,,-89.5994,-89.5994,-2079.51,0
58.635,5919,51,NOERROR,2,1,,,-86.2019,-4.021456,-3.07769,18.70797,3.159851,,,,,,,,2.864355,-2.266018,4.189198,18.74351,1,,-89.5994,-89.5994,-2079.51,0
58.642,5920,51,NOERROR,2,1,,,-86.2019,-4.021456,-3.07769,18.70797,3.162099,,,,,,,,2.864355,-2.266018,4.189198,18.74351,1,,-89.5994,-89.5994,-2079.51,0
58.65,5921,51,NOERROR,2,1,,,-86.2019,-4.021456,-3.07769,18.70797,3.162099,,,,,,,,2.864355,-2.266018,4.189198,18.74351,1,,-89.5994,-89.5994,-2079.51,0
58.657,5922,51,NOERROR,2,1,,,-86.2019,-4.021456,-3.07769,18.70797,3.161649,,,,,,,,2.864355,-2.266018,4.189198,18.74351,1,,-89.5994,-89.5994,-2079.51,0
58.665,5923,51,NOERROR,2,1,,,-86.2019,-4.021456,-3.07769,18.70797,3.162099,,,,,,,,2.864355,-2.266018,4.189198,18.74351,1,,-89.5994,-89.5994,-2079.51,0
58.672,5924,51,NOERROR,2,1,,,-86.2019,-4.021456,-3.07769,18.70797,3.162099,,,,,,,,2.864355,-2.266018,4.189198,18.74351,1,,-89.5994,-89.5994,-2079.51,0
58.679,5925,51,NOERROR,2,1,,,-86.2019,-4.021456,-3.07769,18.70797,3.1609,,,,,,,,2.864355,-2.266018,4.189198,18.74351,1,,-89.5994,-89.5994,-2079.51,0
58.687,5926,51,NOERROR,2,1,,,-86.2019,-4.021456,-3.07769,18.70797,3.1609,,,,,,,,2.864355,-2.266018,4.189198,18.74351,1,,-89.5994,-89.5994,-2079.51,0
58.694,5927,51,NOERROR,2,1,,,-86.2019,-4.021456,-3.07769,18.70797,3.1609,,,,,,,,2.864355,-2.266018,4.189198,18.74351,1,,-89.5994,-89.5994,-2079.51,0
58.702,5928,51,NOERROR,2,1,,,-86.2019,-4.021456,-3.07769,18.70797,3.160151,,,,,,,,2.864355,-2.266018,4.189198,18.74351,1,,-89.5994,-89.5994,-2079.51,0
58.709,5929,51,NOERROR,2,1,,,-86.2019,-4.021456,-3.07769,18.70797,3.160151,,,,,,,,2.864355,-2.266018,4.189198,18.74351,1,,-89.5994,-89.5994,-2079.51,0
58.717,5930,51,NOERROR,2,1,,,-86.2019,-4.021456,-3.07769,18.70797,3.159252,,,,,,,,2.864355,-2.266018,4.189198,18.74351,1,,-89.5994,-89.5994,-2079.51,0
58.724,5931,51,NOERROR,2,1,,,-86.2019,-4.021456,-3.07769,18.70797,3.1609,,,,,,,,2.864355,-2.266018,4.189198,18.74351,1,,-89.5994,-89.5994,-2079.51,0
58.732,5932,51,NOERROR,2,1,,,-86.2019,-4.021456,-3.07769,18.70797,3.1609,,,,,,,,2.864355,-2.266018,4.189198,18.74351,1,,-89.5994,-89.5994,-2079.51,0
58.739,5933,51,NOERROR,2,1,,,-86.2019,-4.021456,-3.07769,18.70797,3.1615,,,,,,,,2.864355,-2.266018,4.189198,18.74351,1,,-89.5994,-89.5994,-2079.51,0
58.747,5934,51,NOERROR,2,1,,,-86.2019,-4.021456,-3.07769,18.70797,3.1615,,,,,,,,2.864355,-2.266018,4.189198,18.74351,1,,-89.5994,-89.5994,-2079.51,0
58.754,5935,51,NOERROR,2,1,,,-86.2019,-4.021456,-3.07769,18.70797,3.1612,,,,,,,,2.864355,-2.266018,4.189198,18.74351,1,,-89.5994,-89.5994,-2079.51,0
58.762,5936,51,NOERROR,2,1,,,-86.2019,-4.021456,-3.07769,18.70797,3.162549,,,,,,,,2.864355,-2.266018,4.189198,18.74351,1,,-89.5994,-89.5994,-2079.51,0
58.769,5937,51,NOERROR,2,1,,,-86.2019,-4.021456,-3.07769,18.70797,3.162549,,,,,,,,2.864355,-2.266018,4.189198,18.74351,1,,-89.5994,-89.5994,-2079.51,0
58.777,5938,51,NOERROR,2,1,,,-86.2019,-4.021456,-3.07769,18.70797,3.1612,,,,,,,,2.864355,-2.266018,4.189198,18.74351,1,,-89.5994,-89.5994,-2079.51,0
58.784,5939,51,NOERROR,2,1,,,-86.2019,-4.021456,-3.07769,18.70797,3.161949,,,,,,,,2.864355,-2.266018,4.189198,18.74351,1,,-89.5994,-89.5994,-2079.51,0
58.791,5940,51,NOERROR,2,1,,,-86.2019,-4.021456,-3.07769,18.70797,3.161949,,,,,,,,2.864355,-2.266018,4.189198,18.74351,1,,-89.5994,-89.5994,-2079.51,0
58.799,5941,51,NOERROR,2,1,,,-86.2019,-4.021456,-3.07769,18.70797,3.163748,,,,,,,,2.864355,-2.266018,4.189198,18.74351,1,,-89.5994,-89.5994,-2079.51,0
58.806,5942,51,NOERROR,2,1,,,-86.2019,-4.021456,-3.07769,18.70797,3.163748,,,,,,,,2.864355,-2.266018,4.189198,18.74351,1,,-89.5994,-89.5994,-2079.51,1
58.814,5943,51,NOERROR,2,1,,,-86.2019,-4.021456,-3.07769,18.70797,3.164647,,,,,,,,2.864355,-2.266018,4.189198,18.74351,1,,-89.5994,-89.5994,-2079.51,0
58.821,5944,51,NOERROR,2,1,,,-86.2019,-4.021456,-3.07769,18.70797,3.167194,,,,,,,,2.864355,-2.266018,4.189198,18.74351,1,,-89.5994,-89.5994,-2079.51,0
58.829,5945,48,ANG1JUMPERR,0,0,,,-81.2019,-4.021456,-3.07769,18.70797,3.167194,,,,,,,,2.864355,-2.266018,4.189198,18.74351,1,,999,999,0,0
58.836,5946,48,ANG1JUMPERR,0,0,,,86.18613,4.021456,3.07769,-18.70797,3.166595,,,,,,,,-86.13762,20.48036,-52.36581,-24.36523,1,,999,999,3686,0
58.849,5947,48,ANG1JUMPERR,0,0,,,86.09483,4.021456,3.07769,-18.70797,3.167944,,,,,,,,-85.62813,3.840949,-33.32808,-10.18789,1,,999,999,-39.45972,0
58.861,5948,48,ANG1JUMPERR,0,0,,,85.97697,4.021456,3.07769,-18.70797,3.167944,,,,,,,,-84.60451,14.90933,-53.20747,-11.37736,1,,999,999,-77.17065,0
58.874,5949,48,ANG1JUMPERR,0,0,,,85.85786,4.109346,3.07769,-18.70797,3.166745,,,,,,,,-83.95755,15.82745,-51.51135,-6.136283,1,,999,999,-67.14982,0
58.886,5950,48,ANG1JUMPERR,0,0,,,85.74706,4.109346,3.07769,-18.70797,3.143366,,,,,,,,-85.39188,20.33057,-66.71278,-8.35479,1,,999,999,-68.21504,0
58.898,5951,48,ANG1JUMPERR,0,0,,,85.63583,4.021456,3.07769,-18.70797,3.082672,,,,,,,,-86.41211,13.7663,-52.8223,-5.804599,1,,999,999,-68.72323,0
58.911,5952,48,ANG1JUMPERR,0,0,,,85.51507,4.021456,3.07769,-18.70797,2.998,,,,,,,,-86.77888,10.73438,-44.82936,-14.13367,1,,999,999,-69.03835,0
58.923,5953,48,ANG1JUMPERR,0,0,,,85.38227,4.021456,3.07769,-18.70797,2.917673,,,,,,,,-85.68673,10.92949,-32.38114,-19.89225,1,,999,999,-97.97282,0
58.936,5954,48,ANG1JUMPERR,0,0,,,85.23163,3.933565,3.07769,-18.70797,2.862674,,,,,,,,-84.81549,8.552942,-29.87536,-17.46576,1,,999,999,-107.4231,0
58.948,5955,48,ANG1JUMPERR,0,0,,,85.06231,3.933565,3.07769,-18.70797,2.846489,,,,,,,,-84.31751,5.954896,-23.43124,-20.4258,1,,999,999,-159.2721,0
58.96,5956,48,ANG1JUMPERR,0,0,,,84.88427,3.933565,3.07769,-18.70797,2.846938,,,,,,,,-82.60423,9.761775,-23.81646,-21.01737,1,,999,999,-176.1004,0
58.973,5957,48,ANG1JUMPERR,0,0,,,84.69835,3.933565,3.07769,-18.70797,2.858478,,,,,,,,-81.5041,7.070345,-19.53885,-19.86009,1,,999,999,-163.6285,0
58.985,5958,48,ANG1JUMPERR,0,0,,,84.51035,3.933565,3.07769,-18.70797,2.883055,,,,,,,,-80.79305,9.729991,-22.23462,-19.28608,1,,999,999,-196.347,0
58.998,5959,48,ANG1JUMPERR,0,0,,,84.32443,4.021456,3.07769,-18.70797,2.915575,,,,,,,,-82.20401,6.284337,-19.23374,-19.33402,1,,999,999,-163.6285,0
59.01,5960,48,ANG1JUMPERR,0,0,,,84.14349,4.021456,2.989799,-18.70797,2.934758,,,,,,,,-82.15677,8.705463,-27.5343,-13.02022,1,,999,999,-181.8824,0
59.023,5961,48,ANG1JUMPERR,0,0,,,83.96961,4.021456,2.989799,-18.70797,2.937755,,,,,,,,-83.63783,10.27015,-29.39124,-21.10898,1,,999,999,-143.1232,0
59.035,5962,48,ANG1JUMPERR,0,0,,,83.80278,4.021456,2.989799,-18.70797,2.931311,,,,,,,,-84.26244,4.92455,-27.49989,-15.06144,1,,999,999,-154.6273,0
59.047,5963,48,ANG1JUMPERR,0,0,,,83.63678,4.021456,2.901908,-18.70797,2.916474,,,,,,,,-85.20399,8.875411,-28.84787,-15.94747,1,,999,999,-153.0895,0
59.06,5964,48,ANG1JUMPERR,0,0,,,83.4741,4.021456,2.901908,-18.70797,2.900439,,,,,,,,-84.17992,8.411355,-28.99109,-18.89272,1,,999,999,-125.2795,0
59.072,5965,48,ANG1JUMPERR,0,0,,,83.30852,4.021456,2.901908,-18.70797,2.890998,,,,,,,,-83.48205,8.828589,-25.15719,-15.81729,1,,999,999,-152.3166,0
59.085,5966,48,ANG1JUMPERR,0,0,,,83.14252,4.021456,2.814018,-18.70797,2.889199,,,,,,,,-81.38509,5.21971,-18.54817,-17.49145,1,,999,999,-130.4432,0
59.097,5967,48,ANG1JUMPERR,0,0,,,82.97153,4.021456,2.814018,-18.70797,2.913627,,,,,,,,-80.47559,3.135259,-13.17868,-18.67002,1,,999,999,-162.4165,0
59.109,5968,48,ANG1JUMPERR,0,0,,,82.79807,4.021456,2.814018,-18.70797,2.982863,,,,,,,,-79.54129,5.908769,-18.11979,-18.14608,1,,999,999,-167.176,0
59.122,5969,48,ANG1JUMPERR,0,0,,,82.62376,4.021456,2.814018,-18.70797,3.082222,,,,,,,,-79.44933,4.17957,-14.95194,-16.39261,1,,999,999,-143.8149,0
59.134,5970,48,ANG1JUMPERR,0,0,,,82.45196,4.021456,2.814018,-18.70797,3.170042,,,,,,,,-79.55254,7.008106,-19.38069,-15.17011,1,,999,999,-163.9857,0
59.147,5971,48,ANG1JUMPERR,0,0,,,82.28181,4.021456,2.726127,-18.70797,3.225191,,,,,,,,-80.95706,8.426969,-20.78018,-16.5602,1,,999,999,-137.0475,0
59.159,5972,48,ANG1JUMPERR,0,0,,,82.11497,4.021456,2.726127,-18.70797,3.244524,,,,,,,,-82.05376,7.444745,-21.54652,-18.27001,1,,999,999,-154.6273,0
59.172,5973,48,ANG1JUMPERR,0,0,,,81.95229,4.021456,2.726127,-18.70797,3.257711,,,,,,,,-82.76571,0.7727286,-12.31463,-19.61337,1,,999,999,-125.2795,0
59.184,5974,48,ANG1JUMPERR,0,0,,,81.79086,4.021456,2.726127,-18.70797,3.241077,,,,,,,,-82.63564,3.22296,-16.5587,-21.61305,1,,999,999,-144.7764,0
59.196,5975,48,ANG1JUMPERR,0,0,,,81.62984,3.933565,2.726127,-18.70797,3.208557,,,,,,,,-82.24653,8.438378,-21.26879,-17.3877,1,,999,999,-144.0384,0
59.209,5976,48,ANG1JUMPERR,0,0,,,81.46674,3.933565,2.638237,-18.70797,3.176186,,,,,,,,-81.09521,5.867871,-18.79134,-19.10119,1,,999,999,-125.9266,0
59.221,5977,48,ANG1JUMPERR,0,0,,,81.30116,3.933565,2.638237,-18.70797,3.158053,,,,,,,,-79.65543,7.250389,-16.96305,-19.86979,1,,999,999,-152.3166,0
59.234,5978,48,ANG1JUMPERR,0,0,,,81.13724,3.933565,2.638237,-18.70797,3.136772,,,,,,,,-78.52454,9.081704,-19.21535,-15.88237,1,,999,999,-127.2022,0
59.246,5979,48,ANG1JUMPERR,0,0,,,80.96957,3.933565,2.638237,-18.70797,3.124634,,,,,,,,-77.91367,7.989327,-16.24499,-18.11172,1,,999,999,-156.1727,0
59.258,5980,48,ANG1JUMPERR,0,0,,,80.80565,3.933565,2.550346,-18.70797,3.124783,,,,,,,,-77.90164,5.859483,-15.29154,-17.55886,1,,999,999,-149.2859,0
59.271,5981,48,ANG1JUMPERR,0,0,,,80.63924,3.933565,2.550346,-18.70797,3.131227,,,,,,,,-78.83356,6.293432,-16.28009,-16.96253,1,,999,999,-131.0915,0
59.283,5982,48,ANG1JUMPERR,0,0,,,80.47324,3.933565,2.462455,-18.70797,3.132576,,,,,,,,-79.49568,5.026611,-13.87143,-18.74261,1,,999,999,-153.0895,0
59.296,5983,48,ANG1JUMPERR,0,0,,,80.30143,3.933565,2.462455,-18.70797,3.137971,,,,,,,,-80.26069,5.895082,-15.56223,-19.14364,1,,999,999,-139.7274,0
59.308,5984,48,ANG1JUMPERR,0,0,,,80.1292,3.933565,2.374565,-18.70797,3.144565,,,,,,,,-81.04808,8.220209,-21.0012,-18.32657,1,,999,999,-164.7876,0
59.321,5985,48,ANG1JUMPERR,0,0,,,79.9549,3.933565,2.374565,-18.70797,3.147413,,,,,,,,-80.2678,6.613461,-18.63381,-16.57822,1,,999,999,-143.8149,0
59.333,5986,48,ANG1JUMPERR,0,0,,,79.78101,3.933565,2.286674,-18.70797,3.135274,,,,,,,,-79.38719,7.810756,-18.03406,-19.7349,1,,999,999,-167.9858,0
59.345,5987,48,ANG1JUMPERR,0,0,,,79.60962,3.933565,2.286674,-18.70797,3.124933,,,,,,,,-78.7851,8.264091,-17.81029,-19.79339,1,,999,999,-163.2001,0
59.358,5988,48,ANG1JUMPERR,0,0,,,79.43864,3.845675,2.198783,-18.70797,3.112195,,,,,,,,-77.45469,7.084061,-16.11703,-18.92718,1,,999,999,-138.378,0
59.37,5989,48,ANG1JUMPERR,0,0,,,79.26932,3.845675,2.198783,-18.70797,3.103503,,,,,,,,-76.95846,7.248698,-15.07284,-18.90284,1,,999,999,-159.2864,0
59.383,5990,48,ANG1JUMPERR,0,0,,,79.10249,3.845675,2.110893,-18.70797,3.090315,,,,,,,,-76.55569,6.280294,-12.00684,-22.86079,1,,999,999,-131.7413,0
59.395,5991,48,ANG1JUMPERR,0,0,,,78.93234,3.845675,2.023002,-18.70797,3.082822,,,,,,,,-77.11436,4.906067,-13.92623,-17.83559,1,,999,999,-160.8404,0
59.407,5992,48,ANG1JUMPERR,0,0,,,78.75721,3.845675,1.935112,-18.70797,3.087917,,,,,,,,-77.44903,6.43954,-14.87061,-20.26214,1,,999,999,-170.3971,0
59.42,5993,48,ANG1JUMPERR,0,0,,,78.57793,3.845675,1.847221,-18.70797,3.090914,,,,,,,,-77.73674,6.638457,-14.02983,-20.86522,1,,999,999,-152.1406,0
59.432,5994,48,ANG1JUMPERR,0,0,,,78.40031,3.845675,1.75933,-18.70797,3.093312,,,,,,,,-78.29091,6.563312,-16.17591,-19.10695,1,,999,999,-175.2714,0
59.445,5995,48,ANG1JUMPERR,0,0,,,78.22103,3.845675,1.67144,-18.70797,3.099007,,,,,,,,-77.89593,8.821505,-18.99403,-17.51696,1,,999,999,-152.1536,0
59.457,5996,48,ANG1JUMPERR,0,0,,,78.04507,3.845675,1.495658,-18.70797,3.103653,,,,,,,,-77.6252,8.639636,-18.53356,-20.2098,1,,999,999,-172.0043,0
59.469,5997,48,ANG1JUMPERR,0,0,,,77.87409,3.845675,1.407768,-18.70797,3.105301,,,,,,,,-77.48849,5.562791,-14.6878,-18.25656,1,,999,999,-162.4165,0
59.482,5998,48,ANG1JUMPERR,0,0,,,77.70435,3.845675,1.319877,-18.70797,3.108149,,,,,,,,-76.37579,6.565868,-14.3286,-16.80738,1,,999,999,-136.3846,0
59.494,5999,48,ANG1JUMPERR,0,0,,,77.53711,3.845675,1.231987,-18.70797,3.1062,,,,,,,,-75.78891,6.333903,-12.29016,-21.34964,1,,999,999,-155.3919,0
59.507,6000,48,ANG1JUMPERR,0,0,,,77.36738,3.845675,1.056205,-18.70797,3.102454,,,,,,,,-75.54517,5.643318,-10.64653,-21.46803,1,,999,999,-136.3723,0
59.519,6001,48,ANG1JUMPERR,0,0,,,77.19473,3.845675,0.9683146,-18.70797,3.100206,,,,,,,,-74.79401,4.540276,-11.28429,-20.39952,1,,999,999,-165.5916,0
59.532,6002,48,ANG1JUMPERR,0,0,,,77.02376,3.845675,0.7925334,-18.70797,3.091664,,,,,,,,-75.52042,4.330638,-11.58473,-19.10453,1,,999,999,-138.378,0
59.544,6003,48,ANG1JUMPERR,0,0,,,76.85112,3.845675,0.7046428,-18.70797,3.082972,,,,,,,,-75.68674,5.02774,-13.85505,-16.08832,1,,999,999,-165.577,0
59.556,6004,48,ANG1JUMPERR,0,0,,,76.68138,3.845675,0.5288615,-18.70797,3.081773,,,,,,,,-76.30308,4.367472,-13.98372,-15.47567,1,,999,999,-160.0625,0
59.569,6005,48,ANG1JUMPERR,0,0,,,76.51497,3.845675,0.4409709,-18.70797,3.086868,,,,,,,,-76.25495,3.594404,-14.03583,-15.46798,1,,999,999,-131.0915,0
59.581,6006,48,ANG1JUMPERR,0,0,,,76.34772,3.845675,0.2651896,-18.70797,3.098557,,,,,,,,-76.46085,4.498476,-12.37618,-17.88658,1,,999,999,-155.3919,0
59.594,6007,48,ANG1JUMPERR,0,0,,,76.1838,3.845675,0.0894084,-18.70797,3.109347,,,,,,,,-75.8943,4.350458,-12.72084,-18.41771,1,,999,999,-127.2022,0
59.606,6008,48,ANG1JUMPERR,0,0,,,76.01738,3.845675,0.001517773,-18.70797,3.123285,,,,,,,,-74.96066,4.047202,-11.65504,-17.46488,1,,999,999,-153.8645,0
59.618,6009,48,ANG1JUMPERR,0,0,,,75.85221,3.845675,-0.1742635,-18.70797,3.134225,,,,,,,,-74.30631,4.733105,-11.33111,-18.9816,1,,999,999,-151.5596,0
59.631,6010,48,ANG1JUMPERR,0,0,,,75.68497,3.845675,-0.3500447,-18.70797,3.131377,,,,,,,,-73.70895,4.797151,-11.74668,-17.94888,1,,999,999,-132.4049,0
59.643,6011,48,ANG1JUMPERR,0,0,,,75.52229,3.845675,-0.4379354,-18.70797,3.122835,,,,,,,,-73.48306,4.074873,-10.98749,-17.8555,1,,999,999,-147.0294,0
59.656,6012,48,ANG1JUMPERR,0,0,,,75.36002,3.845675,-0.6137166,-18.70797,3.109947,,,,,,,,-73.8497,5.340173,-11.77351,-17.75365,1,,999,999,-124.6341,0
59.668,6013,48,ANG1JUMPERR,0,0,,,75.19775,3.845675,-0.7894979,-18.70797,3.09511,,,,,,,,-73.38915,3.638474,-10.1453,-17.43514,1,,999,999,-146.2856,0
59.681,6014,48,ANG1JUMPERR,0,0,,,75.033,3.845675,-0.8773885,-18.70797,3.086718,,,,,,,,-74.32408,3.790243,-9.500835,-18.98199,1,,999,999,-128.4842,0
59.693,6015,48,ANG1JUMPERR,0,0,,,74.8699,3.845675,-1.05317,-18.70797,3.079975,,,,,,,,-74.49796,3.733677,-11.66837,-17.03466,1,,999,999,-147.7889,0
59.705,6016,48,ANG1JUMPERR,0,0,,,74.70017,3.845675,-1.228951,-18.70797,3.079525,,,,,,,,-74.63789,3.458724,-11.29901,-16.65714,1,,999,999,-160.0481,0
59.718,6017,48,ANG1JUMPERR,0,0,,,74.5321,3.845675,-1.316842,-18.70797,3.088517,,,,,,,,-74.07997,4.575969,-11.59176,-16.90494,1,,999,999,-133.7249,0
59.73,6018,48,ANG1JUMPERR,0,0,,,74.35987,3.757784,-1.492623,-18.70797,3.099457,,,,,,,,-73.57868,3.477239,-11.46735,-16.20558,1,,999,999,-164.7876,0
59.743,6019,48,ANG1JUMPERR,0,0,,,74.18931,3.757784,-1.580513,-18.70797,3.097508,,,,,,,,-72.9193,3.383481,-10.38631,-16.51238,1,,999,999,-137.7119,0
59.755,6020,48,ANG1JUMPERR,0,0,,,74.01957,3.757784,-1.756295,-18.70797,3.09556,,,,,,,,-72.46861,4.125665,-11.37493,-16.40357,1,,999,999,-160.0625,0
59.767,6021,48,ANG1JUMPERR,0,0,,,73.84942,3.757784,-1.844185,-18.70797,3.095261,,,,,,,,-71.49415,1.816195,-6.922139,-18.1104,1,,999,999,-160.8404,0
59.78,6022,48,ANG1JUMPERR,0,0,,,73.68508,3.757784,-1.932076,-18.70797,3.087018,,,,,,,,-72.20361,3.48765,-10.00985,-17.44493,1,,999,999,-127.8424,0
59.792,6023,48,ANG1JUMPERR,0,0,,,73.51617,3.669894,-2.107857,-18.70797,3.070533,,,,,,,,-72.21993,3.157,-9.903935,-15.94991,1,,999,999,-158.4979,0
59.805,6024,48,ANG1JUMPERR,0,0,,,73.34561,3.669894,-2.195748,-18.70797,3.059893,,,,,,,,-72.44112,2.871653,-8.909336,-15.65139,1,,999,999,-137.7119,0
59.817,6025,48,ANG1JUMPERR,0,0,,,73.17339,3.669894,-2.283638,-18.70797,3.056446,,,,,,,,-72.49701,2.757421,-9.380088,-16.49355,1,,999,999,-164.7876,0
59.83,6026,48,ANG1JUMPERR,0,0,,,72.99908,3.582003,-2.371529,-18.70797,3.048203,,,,,,,,-89.99482,135,-141.72,-15.78786,1,,999,999,-143.8149,0
59.842,6027,48,ANG1JUMPERR,0,0,,,72.82561,3.582003,-2.45942,-18.70797,3.04086,,,,,,,,-72.047,3.759223,-10.63878,-16.45448,1,,999,999,-167.176,0
59.854,6028,48,ANG1JUMPERR,0,0,,,72.6509,3.582003,-2.54731,-18.70797,3.037563,,,,,,,,-71.83512,2.393462,-9.393265,-15.91345,1,,999,999,-169.5816,0
59.867,6029,48,ANG1JUMPERR,0,0,,,72.47784,3.494112,-2.635201,-18.70797,3.034866,,,,,,,,-71.17824,2.207688,-7.207322,-17.84014,1,,999,999,-141.77,0
59.879,6030,48,ANG1JUMPERR,0,0,,,72.30687,3.494112,-2.723092,-18.70797,3.036215,,,,,,,,-71.01842,3.490373,-10.17171,-15.36522,1,,999,999,-162.402,0
59.892,6031,48,ANG1JUMPERR,0,0,,,72.13837,3.406222,-2.810982,-18.70797,3.035915,,,,,,,,-70.51859,2.218683,-8.256366,-16.31766,1,,999,999,-134.3935,0
59.904,6032,48,ANG1JUMPERR,0,0,,,71.96574,3.406222,-2.810982,-18.70797,3.038313,,,,,,,,-70.718,2.442017,-9.172261,-15.51021,1,,999,999,-165.577,0
59.916,6033,48,ANG1JUMPERR,0,0,,,71.79683,3.318331,-2.898873,-18.70797,3.04176,,,,,,,,-70.47247,3.17983,-10.35765,-15.44832,1,,999,999,-158.4979,0
59.929,6034,48,ANG1JUMPERR,0,0,,,71.62087,3.318331,-2.898873,-18.70797,3.042059,,,,,,,,-70.57813,1.477456,-7.480392,-16.54794,1,,999,999,-146.5598,0
59.941,6035,48,ANG1JUMPERR,0,0,,,71.44948,3.23044,-2.986763,-18.70797,3.042059,,,,,,,,-70.63284,2.413655,-8.649451,-15.10775,1,,999,999,-163.2001,0
59.954,6036,48,ANG1JUMPERR,0,0,,,71.27518,3.14255,-2.986763,-18.70797,3.034117,,,,,,,,-70.51332,3.314095,-11.10901,-15.56065,1,,999,999,-143.8149,0
59.966,6037,48,ANG1JUMPERR,0,0,,,71.10461,3.14255,-2.986763,-18.70797,3.031719,,,,,,,,-71.01272,2.476574,-10.50029,-14.06613,1,,999,999,-161.6203,0
59.979,6038,48,ANG1JUMPERR,0,0,,,70.93861,3.054659,-2.986763,-18.70797,3.031119,,,,,,,,-69.50682,3.307283,-9.856723,-15.94973,1,,999,999,-130.4432,0
59.991,6039,48,ANG1JUMPERR,0,0,,,70.77095,2.966769,-2.986763,-18.70797,3.027972,,,,,,,,-69.7411,3.215039,-8.99882,-17.70273,1,,999,999,-156.1727,0
60.003,6040,48,ANG1JUMPERR,0,0,,,70.60952,2.966769,-2.986763,-18.70797,3.031569,,,,,,,,-69.40347,3.265946,-8.93551,-17.47705,1,,999,999,-144.7764,0
60.016,6041,48,ANG1JUMPERR,0,0,,,70.44684,2.878878,-2.986763,-18.70797,3.035615,,,,,,,,-69.29238,3.452982,-9.048804,-17.97511,1,,999,999,-125.2795,0
60.028,6042,48,ANG1JUMPERR,0,0,,,70.28291,2.790987,-2.986763,-18.70797,3.039811,,,,,,,,-68.72876,2.956311,-7.475939,-19.23125,1,,999,999,-149.2859,0
60.041,6043,48,ANG1JUMPERR,0,0,,,70.11774,2.790987,-2.986763,-18.70797,3.039212,,,,,,,,-68.94862,3.821773,-9.640743,-17.59706,1,,999,999,-129.1395,0
60.053,6044,48,ANG1JUMPERR,0,0,,,69.95423,2.703097,-2.986763,-18.70797,3.035016,,,,,,,,-68.45415,4.28439,-9.498599,-17.56602,1,,999,999,-148.5365,0
60.065,6045,48,ANG1JUMPERR,0,0,,,69.78989,2.615206,-2.986763,-18.70797,3.034416,,,,,,,,-68.84628,4.173646,-9.190568,-18.5503,1,,999,999,-150.0372,0
60.078,6046,48,ANG1JUMPERR,0,0,,,69.62762,2.527315,-2.986763,-18.70797,3.034266,,,,,,,,-68.59753,4.79273,-10.10811,-18.78054,1,,999,999,-124.6458,0
60.09,6047,48,ANG1JUMPERR,0,0,,,69.46909,2.527315,-2.986763,-18.70797,3.037114,,,,,,,,-68.56995,4.923151,-9.806814,-18.62555,1,,999,999,-139.623,0
60.103,6048,48,ANG1JUMPERR,0,0,,,69.31015,2.439425,-2.898873,-18.70797,3.037114,,,,,,,,-68.53529,4.817993,-10.43498,-18.35315,1,,999,999,-119.5879,0
60.115,6049,48,ANG1JUMPERR,0,0,,,69.15038,2.351534,-2.898873,-18.70797,3.032618,,,,,,,,-68.55934,4.336948,-9.971214,-18.20288,1,,999,999,-141.8221,0
60.127,6050,48,ANG1JUMPERR,0,0,,,68.98977,2.351534,-2.898873,-18.70797,3.033067,,,,,,,,-67.70447,3.821473,-10.41939,-17.00819,1,,999,999,-143.3023,0
60.14,6051,48,ANG1JUMPERR,0,0,,,68.8271,2.263644,-2.898873,-18.70797,3.031269,,,,,,,,-67.59166,3.82385,-9.4531,-17.37518,1,,999,999,-125.2677,0
60.152,6052,48,ANG1JUMPERR,0,0,,,68.66234,2.175753,-2.898873,-18.70797,3.020479,,,,,,,,-67.17657,4.283682,-9.90805,-17.1707,1,,999,999,-150.8044,0
60.165,6053,48,ANG1JUMPERR,0,0,,,68.49758,2.175753,-2.898873,-18.70797,3.011637,,,,,,,,-67.0532,2.939343,-8.898813,-16.60839,1,,999,999,-128.496,0
60.177,6054,48,ANG1JUMPERR,0,0,,,68.33366,2.087862,-2.898873,-18.70797,3.009839,,,,,,,,-67.13737,4.176902,-10.23008,-16.92062,1,,999,999,-149.2859,0
60.19,6055,48,ANG1JUMPERR,0,0,,,68.16932,1.999972,-2.898873,-18.70797,3.007441,,,,,,,,-67.13669,2.865937,-7.936696,-18.02654,1,,999,999,-127.8424,0
60.202,6056,48,ANG1JUMPERR,0,0,,,68.00747,1.999972,-2.898873,-18.70797,2.995152,,,,,,,,-67.14107,3.860064,-9.540606,-18.36024,1,,999,999,-145.5301,0
60.214,6057,48,ANG1JUMPERR,0,0,,,67.84562,1.912081,-2.898873,-18.70797,2.989308,,,,,,,,-67.55428,2.406875,-7.136646,-18.37656,1,,999,999,-145.5301,0
60.227,6058,48,ANG1JUMPERR,0,0,,,67.68252,1.912081,-2.986763,-18.70797,2.989458,,,,,,,,-66.73209,4.217928,-8.953709,-17.49301,1,,999,999,-125.9266,0
60.239,6059,48,ANG1JUMPERR,0,0,,,67.51611,1.82419,-2.986763,-18.70797,2.988109,,,,,,,,-66.85843,3.47037,-8.572536,-17.78979,1,,999,999,-153.8504,0
60.252,6060,48,ANG1JUMPERR,0,0,,,67.34927,1.82419,-2.986763,-18.70797,2.983013,,,,,,,,-65.92839,3.444042,-8.85591,-17.28135,1,,999,999,-131.7534,0
60.264,6061,48,ANG1JUMPERR,0,0,,,67.18203,1.7363,-2.986763,-18.70797,2.980616,,,,,,,,-66.03701,3.196983,-7.898335,-17.18228,1,,999,999,-155.3919,0
60.276,6062,48,ANG1JUMPERR,0,0,,,67.01686,1.648409,-2.986763,-18.70797,2.97582,,,,,,,,-65.5187,3.368478,-8.674047,-17.49622,1,,999,999,-151.5596,0
60.289,6063,48,ANG1JUMPERR,0,0,,,66.8521,1.648409,-2.986763,-18.70797,2.965779,,,,,,,,-65.40351,2.607114,-7.769454,-16.52254,1,,999,999,-128.496,0
60.301,6064,48,ANG1JUMPERR,0,0,,,66.68984,1.560519,-2.986763,-18.70797,2.957986,,,,,,,,-64.84735,3.114837,-8.223724,-17.081,1,,999,999,-146.2719,0
60.314,6065,48,ANG1JUMPERR,0,0,,,66.52675,1.560519,-2.986763,-18.70797,2.951992,,,,,,,,-65.81968,3.346622,-8.198807,-17.33932,1,,999,999,-125.9149,0
60.326,6066,48,ANG1JUMPERR,0,0,,,66.35992,1.472628,-2.986763,-18.70797,2.952442,,,,,,,,-65.58868,2.80269,-7.11395,-18.23755,1,,999,999,-154.6273,0
60.339,6067,48,ANG1JUMPERR,0,0,,,66.19475,1.472628,-2.986763,-18.70797,2.951392,,,,,,,,-65.88347,2.390147,-6.923378,-16.86358,1,,999,999,-129.1395,0
60.351,6068,48,ANG1JUMPERR,0,0,,,66.02584,1.384737,-2.986763,-18.70797,2.949894,,,,,,,,-64.48215,3.045474,-7.723175,-18.47832,1,,999,999,-158.4979,0
60.363,6069,48,ANG1JUMPERR,0,0,,,65.85569,1.384737,-2.986763,-18.70797,2.951842,,,,,,,,-65.08698,3.216599,-8.790349,-17.18504,1,,999,999,-160.8404,0
60.376,6070,48,ANG1JUMPERR,0,0,,,65.68969,1.384737,-2.986763,-18.70797,2.950044,,,,,,,,-64.1823,2.908074,-8.161521,-16.79989,1,,999,999,-130.4432,0
60.388,6071,48,ANG1JUMPERR,0,0,,,65.52203,1.296847,-2.986763,-18.70797,2.944199,,,,,,,,-64.42675,2.277791,-6.392253,-17.59895,1,,999,999,-156.1584,0
60.401,6072,48,ANG1JUMPERR,0,0,,,65.36018,1.296847,-2.986763,-18.70797,2.940602,,,,,,,,-63.37925,2.635316,-5.869272,-18.87916,1,,999,999,-124.002,0
60.413,6073,48,ANG1JUMPERR,0,0,,,65.19667,1.208956,-2.986763,-18.70797,2.935507,,,,,,,,-64.35342,3.56839,-7.693156,-17.63574,1,,999,999,-148.5365,0
60.425,6074,48,ANG1JUMPERR,0,0,,,65.03482,1.208956,-2.986763,-18.70797,2.935807,,,,,,,,-63.82756,2.685747,-6.848102,-18.0211,1,,999,999,-145.5301,0
60.438,6075,48,ANG1JUMPERR,0,0,,,64.87297,1.121065,-2.986763,-18.70797,2.933259,,,,,,,,-64.00248,2.119925,-6.308504,-18.04479,1,,999,999,-124.002,0
60.45,6076,48,ANG1JUMPERR,0,0,,,64.71195,1.121065,-2.986763,-18.70797,2.93221,,,,,,,,-63.72711,2.557262,-6.955968,-17.63141,1,,999,999,-144.0384,0
60.463,6077,48,ANG1JUMPERR,0,0,,,64.55135,1.121065,-2.986763,-18.70797,2.933559,,,,,,,,-63.91622,2.388595,-6.969719,-17.8579,1,,999,999,-122.1037,0
60.475,6078,48,ANG1JUMPERR,0,0,,,64.39033,1.033175,-2.986763,-18.70797,2.928913,,,,,,,,-63.53535,3.490842,-8.329266,-17.48194,1,,999,999,-144.0384,0
60.487,6079,48,ANG1JUMPERR,0,0,,,64.23138,1.033175,-2.986763,-18.70797,2.927864,,,,,,,,-63.42783,3.03415,-7.350737,-17.76521,1,,999,999,-140.3497,0
60.5,6080,48,ANG1JUMPERR,0,0,,,64.07285,1.033175,-2.986763,-18.70797,2.933559,,,,,,,,-63.06521,2.661563,-6.574917,-17.52835,1,,999,999,-118.9687,0
60.512,6081,48,ANG1JUMPERR,0,0,,,63.91722,1.033175,-2.986763,-18.70797,2.937006,,,,,,,,-62.50893,3.348595,-7.709431,-18.59161,1,,999,999,-134.5563,0
60.525,6082,48,ANG1JUMPERR,0,0,,,63.76575,0.9452841,-2.986763,-18.70797,2.934908,,,,,,,,-62.88246,2.931724,-7.215761,-17.76006,1,,999,999,-108.6124,0
60.537,6083,48,ANG1JUMPERR,0,0,,,63.61054,0.9452841,-2.986763,-18.70797,2.928913,,,,,,,,-62.16096,2.702043,-6.150127,-18.61238,1,,999,999,-133.8383,0
60.55,6084,48,ANG1JUMPERR,0,0,,,63.45823,0.9452841,-2.986763,-18.70797,2.928463,,,,,,,,-62.63312,2.344132,-5.987153,-18.64212,1,,999,999,-109.8083,0
60.562,6085,48,ANG1JUMPERR,0,0,,,63.30178,0.9452841,-2.986763,-18.70797,2.925466,,,,,,,,-62.12335,2.769246,-7.29007,-16.71278,1,,999,999,-135.9915,0
60.574,6086,48,ANG1JUMPERR,0,0,,,63.14491,0.9452841,-2.986763,-18.70797,2.915126,,,,,,,,-62.20017,2.388429,-6.476095,-17.59795,1,,999,999,-136.7087,0
60.587,6087,48,ANG1JUMPERR,0,0,,,62.98762,0.8573935,-2.986763,-18.70797,2.905684,,,,,,,,-61.67373,2.027323,-5.004022,-19.00871,1,,999,999,-117.1095,0
60.599,6088,48,ANG1JUMPERR,0,0,,,62.832,0.8573935,-3.074654,-18.70797,2.905984,,,,,,,,-61.75457,2.702566,-6.579165,-17.57511,1,,999,999,-134.5497,0
60.612,6089,48,ANG1JUMPERR,0,0,,,62.67886,0.8573935,-3.074654,-18.70797,2.908532,,,,,,,,-61.65582,3.176569,-7.484657,-17.70668,1,,999,999,-111.0107,0
60.624,6090,48,ANG1JUMPERR,0,0,,,62.52324,0.8573935,-3.074654,-18.70797,2.90014,,,,,,,,-61.37991,2.634813,-6.634999,-17.96082,1,,999,999,-134.5497,0
60.636,6091,48,ANG1JUMPERR,0,0,,,62.36844,0.8573935,-3.074654,-18.70797,2.895494,,,,,,,,-61.39904,2.083616,-5.501039,-18.21763,1,,999,999,-133.1156,0
60.649,6092,48,ANG1JUMPERR,0,0,,,62.21241,0.8573935,-3.074654,-18.70797,2.895644,,,,,,,,-61.45042,2.115584,-6.494806,-17.81177,1,,999,999,-115.2537,0
60.661,6093,48,ANG1JUMPERR,0,0,,,62.05429,0.8573935,-3.074654,-18.70797,2.890398,,,,,,,,-60.76199,2.354073,-7.206398,-16.51715,1,,999,999,-138.8983,0
60.674,6094,48,ANG1JUMPERR,0,0,,,61.89576,0.8573935,-3.074654,-18.70797,2.87811,,,,,,,,-60.41962,2.246871,-6.112707,-18.3606,1,,999,999,-118.9687,0
60.686,6095,48,ANG1JUMPERR,0,0,,,61.7364,0.8573935,-3.074654,-18.70797,2.867619,,,,,,,,-60.42618,2.578128,-6.673462,-17.33731,1,,999,999,-141.0782,0
60.698,6096,48,ANG1JUMPERR,0,0,,,61.57787,0.8573935,-3.074654,-18.70797,2.860725,,,,,,,,-60.45576,1.732207,-5.662383,-17.89709,1,,999,999,-139.623,0
60.711,6097,48,ANG1JUMPERR,0,0,,,61.41893,0.8573935,-3.074654,-18.70797,2.848437,,,,,,,,-60.29609,2.274899,-6.366381,-17.26793,1,,999,999,-119.5879,0
60.723,6098,48,ANG1JUMPERR,0,0,,,61.26205,0.8573935,-3.162545,-18.70797,2.836897,,,,,,,,-60.31046,1.804883,-5.966958,-18.03725,1,,999,999,-136.722,0
60.736,6099,48,ANG1JUMPERR,0,0,,,61.10643,0.8573935,-3.162545,-18.70797,2.830004,,,,,,,,-60.45997,2.368342,-6.934731,-17.27583,1,,999,999,-114.6459,0
60.748,6100,48,ANG1JUMPERR,0,0,,,60.94831,0.8573935,-3.162545,-18.70797,2.832102,,,,,,,,-60.02297,1.650154,-5.610056,-17.54469,1,,999,999,-138.8848,0
60.761,6101,48,ANG1JUMPERR,0,0,,,60.78771,0.8573935,-3.162545,-18.70797,2.832851,,,,,,,,-60.35167,2.445609,-6.963099,-17.68138,1,,999,999,-122.1037,0
60.773,6102,48,ANG1JUMPERR,0,0,,,60.6242,0.8573935,-3.162545,-18.70797,2.827156,,,,,,,,-59.46374,1.66672,-5.312732,-17.73138,1,,999,999,-148.5295,0
60.785,6103,48,ANG1JUMPERR,0,0,,,60.46235,0.9452841,-3.162545,-18.70797,2.828505,,,,,,,,-59.66518,2.165266,-6.260225,-18.61661,1,,999,999,-145.5301,0
60.798,6104,48,ANG1JUMPERR,0,0,,,60.30091,0.9452841,-3.162545,-18.70797,2.829254,,,,,,,,-58.9333,2.652734,-6.29823,-17.92933,1,,999,999,-123.3657,0
60.81,6105,48,ANG1JUMPERR,0,0,,,60.14155,0.9452841,-3.074654,-18.70797,2.820862,,,,,,,,-59.14677,2.070687,-6.527995,-17.99668,1,,999,999,-141.0916,0
60.823,6106,48,ANG1JUMPERR,0,0,,,59.98261,0.9452841,-3.074654,-18.70797,2.809023,,,,,,,,-58.5249,2.160061,-6.476089,-17.28339,1,,999,999,-119.5879,0
60.835,6107,48,ANG1JUMPERR,0,0,,,59.82574,0.9452841,-3.074654,-18.70797,2.80108,,,,,,,,-59.06206,0.8349993,-4.816863,-17.50734,1,,999,999,-136.7154,0
60.847,6108,48,ANG1JUMPERR,0,0,,,59.66762,0.9452841,-3.074654,-18.70797,2.800031,,,,,,,,-58.68362,2.247334,-6.669679,-17.20392,1,,999,999,-138.8915,0
60.86,6109,48,ANG1JUMPERR,0,0,,,59.50909,1.033175,-3.074654,-18.70797,2.795985,,,,,,,,-59.18899,2.257323,-6.939423,-17.03097,1,,999,999,-118.963,0
60.872,6110,48,ANG1JUMPERR,0,0,,,59.34973,1.033175,-3.074654,-18.70797,2.79029,,,,,,,,-58.2084,1.923389,-6.189773,-17.55978,1,,999,999,-141.0916,0
60.885,6111,48,ANG1JUMPERR,0,0,,,59.18871,1.033175,-3.074654,-18.70797,2.794037,,,,,,,,-59.06854,1.459105,-6.092491,-17.66535,1,,999,999,-122.731,0
60.897,6112,48,ANG1JUMPERR,0,0,,,59.02852,1.033175,-3.074654,-18.70797,2.797933,,,,,,,,-57.84331,1.735705,-5.968336,-17.74358,1,,999,999,-142.5613,0
60.909,6113,48,ANG1JUMPERR,0,0,,,58.86958,1.121065,-3.074654,-18.70797,2.794187,,,,,,,,-58.47332,2.400374,-6.334219,-18.19513,1,,999,999,-140.3497,0
60.922,6114,48,ANG1JUMPERR,0,0,,,58.71312,1.121065,-2.986763,-18.70797,2.786693,,,,,,,,-57.60463,2.075407,-5.634433,-18.33754,1,,999,999,-115.8745,0
60.934,6115,48,ANG1JUMPERR,0,0,,,58.56331,1.121065,-2.986763,-18.70797,2.79059,,,,,,,,-57.87132,2.210593,-5.945294,-18.01389,1,,999,999,-124.6912,0
60.947,6116,48,ANG1JUMPERR,0,0,,,58.41308,1.121065,-2.986763,-18.70797,2.793737,,,,,,,,-57.50069,2.031468,-6.225979,-17.7184,1,,999,999,-106.8363,0
60.959,6117,48,ANG1JUMPERR,0,0,,,58.26202,1.121065,-2.986763,-18.70797,2.788941,,,,,,,,-58.09747,1.633615,-6.339727,-16.71618,1,,999,999,-126.7763,0
60.972,6118,48,ANG1JUMPERR,0,0,,,58.11262,1.208956,-2.898873,-18.70797,2.783546,,,,,,,,-56.98207,1.635836,-5.861351,-17.73734,1,,999,999,-105.6568,0
60.984,6119,48,ANG1JUMPERR,0,0,,,57.96197,1.208956,-2.898873,-18.70797,2.784745,,,,,,,,-57.70432,1.57492,-6.174449,-17.26715,1,,999,999,-126.0794,0
60.996,6120,48,ANG1JUMPERR,0,0,,,57.80842,1.208956,-2.898873,-18.70797,2.79014,,,,,,,,-56.29996,2.726311,-6.453427,-18.48784,1,,999,999,-130.9853,0
61.009,6121,48,ANG1JUMPERR,0,0,,,57.65778,1.208956,-2.898873,-18.70797,2.785944,,,,,,,,-57.29411,2.392299,-5.806327,-18.57755,1,,999,999,-107.4231,0
61.021,6122,48,ANG1JUMPERR,0,0,,,57.50838,1.296847,-2.810982,-18.70797,2.777552,,,,,,,,-55.369,1.515408,-5.249467,-18.5276,1,,999,999,-124.0063,0
61.034,6123,48,ANG1JUMPERR,0,0,,,57.35856,1.296847,-2.810982,-18.70797,2.778002,,,,,,,,-56.72723,1.981938,-6.171046,-18.35921,1,,999,999,-106.2458,0
61.046,6124,48,ANG1JUMPERR,0,0,,,57.21207,1.296847,-2.810982,-18.70797,2.777252,,,,,,,,-55.34502,1.988638,-5.884228,-18.56075,1,,999,999,-119.2279,0
61.058,6125,48,ANG1JUMPERR,0,0,,,57.06723,1.384737,-2.810982,-18.70797,2.770658,,,,,,,,-56.70108,1.633706,-5.935571,-17.59246,1,,999,999,-116.536,0
61.071,6126,48,ANG1JUMPERR,0,0,,,56.92074,1.384737,-2.723092,-18.70797,2.761966,,,,,,,,-55.43723,1.964652,-5.875821,-18.26519,1,,999,999,-101.5907,0
61.083,6127,48,ANG1JUMPERR,0,0,,,56.77217,1.384737,-2.723092,-18.70797,2.763914,,,,,,,,-56.37235,2.078071,-5.980202,-17.88061,1,,999,999,-122.6297,0
61.096,6128,48,ANG1JUMPERR,0,0,,,56.6236,1.384737,-2.723092,-18.70797,2.761517,,,,,,,,-54.97499,2.518502,-6.518688,-18.42071,1,,999,999,-104.4892,0
61.108,6129,48,ANG1JUMPERR,0,0,,,56.47088,1.472628,-2.723092,-18.70797,2.749378,,,,,,,,-56.19418,1.970637,-6.047615,-17.79268,1,,999,999,-129.5704,0
61.121,6130,48,ANG1JUMPERR,0,0,,,56.31899,1.472628,-2.723092,-18.70797,2.740236,,,,,,,,-54.7947,2.339816,-5.667494,-19.42042,1,,999,999,-109.2095,0
61.133,6131,48,ANG1JUMPERR,0,0,,,56.1671,1.472628,-2.723092,-18.70797,2.73544,,,,,,,,-55.61517,2.333258,-5.637437,-19.06793,1,,999,999,-128.1695,0
61.145,6132,48,ANG1JUMPERR,0,0,,,56.01687,1.560519,-2.723092,-18.70797,2.73544,,,,,,,,-54.03354,2.305967,-6.360069,-18.8797,1,,999,999,-125.3843,0
61.158,6133,48,ANG1JUMPERR,0,0,,,55.86788,1.560519,-2.635201,-18.70797,2.724501,,,,,,,,-55.32909,2.274802,-6.084188,-18.14363,1,,999,999,-105.0749,0
61.17,6134,48,ANG1JUMPERR,0,0,,,55.72014,1.560519,-2.635201,-18.70797,2.712512,,,,,,,,-54.23067,1.873942,-5.850301,-18.43371,1,,999,999,-121.2608,0
61.183,6135,48,ANG1JUMPERR,0,0,,,55.57323,1.648409,-2.635201,-18.70797,2.708915,,,,,,,,-54.59399,2.008281,-5.973393,-17.72621,1,,999,999,-102.1628,0
61.195,6136,48,ANG1JUMPERR,0,0,,,55.423,1.648409,-2.635201,-18.70797,2.706517,,,,,,,,-54.51113,2.161985,-6.000803,-18.06505,1,,999,999,-125.3843,0
61.207,6137,48,ANG1JUMPERR,0,0,,,55.27194,1.648409,-2.635201,-18.70797,2.697525,,,,,,,,-54.4371,1.836845,-5.219511,-18.28749,1,,999,999,-126.7763,0
61.22,6138,48,ANG1JUMPERR,0,0,,,55.1213,1.7363,-2.635201,-18.70797,2.686435,,,,,,,,-54.19093,2.628836,-6.875564,-17.80377,1,,999,999,-107.4231,0
61.232,6139,48,ANG1JUMPERR,0,0,,,54.96567,1.7363,-2.635201,-18.70797,2.68179,,,,,,,,-53.9516,2.250432,-5.401998,-18.07357,1,,999,999,-134.5563,0
61.245,6140,48,ANG1JUMPERR,0,0,,,54.81378,1.7363,-2.635201,-18.70797,2.684637,,,,,,,,-53.92134,2.369014,-6.575392,-17.54211,1,,999,999,-109.2095,0
61.257,6141,48,ANG1JUMPERR,0,0,,,54.66106,1.82419,-2.635201,-18.70797,2.677743,,,,,,,,-53.24809,1.488788,-5.160977,-18.28421,1,,999,999,-129.5704,0
61.269,6142,48,ANG1JUMPERR,0,0,,,54.51042,1.82419,-2.635201,-18.70797,2.672199,,,,,,,,-53.86316,2.015442,-5.086011,-18.35775,1,,999,999,-126.0794,0
61.282,6143,48,ANG1JUMPERR,0,0,,,54.35936,1.82419,-2.635201,-18.70797,2.6704,,,,,,,,-53.20592,1.760254,-5.161081,-18.08894,1,,999,999,-108.0169,0
61.294,6144,48,ANG1JUMPERR,0,0,,,54.2112,1.912081,-2.723092,-18.70797,2.668901,,,,,,,,-53.14495,2.289667,-5.354115,-18.43961,1,,999,999,-121.9443,0
61.307,6145,48,ANG1JUMPERR,0,0,,,54.06139,1.912081,-2.723092,-18.70797,2.660809,,,,,,,,-53.26978,1.370451,-4.914623,-17.93471,1,,999,999,-106.2458,0
61.319,6146,48,ANG1JUMPERR,0,0,,,53.91116,1.912081,-2.723092,-18.70797,2.650618,,,,,,,,-52.77151,2.211543,-6.151312,-17.57139,1,,999,999,-125.3843,0
61.332,6147,48,ANG1JUMPERR,0,0,,,53.75761,1.912081,-2.723092,-18.70797,2.648071,,,,,,,,-53.39389,1.763818,-5.340153,-18.24204,1,,999,999,-111.6143,0
61.344,6148,48,ANG1JUMPERR,0,0,,,53.60613,1.999972,-2.723092,-18.70797,2.648371,,,,,,,,-52.2441,1.899124,-5.763682,-17.44144,1,,999,999,-127.4687,0
61.356,6149,48,ANG1JUMPERR,0,0,,,53.45092,1.999972,-2.723092,-18.70797,2.648221,,,,,,,,-52.86844,1.96379,-6.247941,-17.36628,1,,999,999,-133.8317,0
61.369,6150,48,ANG1JUMPERR,0,0,,,53.30111,1.999972,-2.723092,-18.70797,2.640578,,,,,,,,-52.34966,1.99815,-5.40777,-18.08926,1,,999,999,-106.2458,0
61.381,6151,48,ANG1JUMPERR,0,0,,,53.15088,2.087862,-2.723092,-18.70797,2.637281,,,,,,,,-52.15511,1.250801,-4.778724,-17.90403,1,,999,999,-125.3843,0
61.394,6152,48,ANG1JUMPERR,0,0,,,53.00148,2.087862,-2.723092,-18.70797,2.639528,,,,,,,,-52.0365,1.938782,-4.773116,-18.31457,1,,999,999,-105.6568,0
61.406,6153,48,ANG1JUMPERR,0,0,,,52.85623,2.087862,-2.723092,-18.70797,2.636831,,,,,,,,-52.16061,1.407699,-5.21446,-17.64623,1,,999,999,-117.2123,0
61.418,6154,48,ANG1JUMPERR,0,0,,,52.7089,2.087862,-2.723092,-18.70797,2.625292,,,,,,,,-51.92006,1.870126,-5.267259,-17.96988,1,,999,999,-120.5791,0
61.431,6155,48,ANG1JUMPERR,0,0,,,52.56365,2.087862,-2.723092,-18.70797,2.61645,,,,,,,,-51.81646,2.377542,-6.376516,-17.49062,1,,999,999,-99.87318,0
61.443,6156,48,ANG1JUMPERR,0,0,,,52.41716,2.175753,-2.723092,-18.70797,2.619597,,,,,,,,-51.60807,2.18972,-5.605664,-18.0743,1,,999,999,-119.2217,0
61.456,6157,48,ANG1JUMPERR,0,0,,,52.27108,2.175753,-2.723092,-18.70797,2.61585,,,,,,,,-51.23888,2.091457,-5.498674,-18.14403,1,,999,999,-101.0148,0
61.468,6158,48,ANG1JUMPERR,0,0,,,52.12417,2.175753,-2.723092,-18.70797,2.607758,,,,,,,,-51.42202,2.188014,-6.007893,-17.84608,1,,999,999,-119.9057,0
61.48,6159,48,ANG1JUMPERR,0,0,,,51.97975,2.175753,-2.723092,-18.70797,2.607608,,,,,,,,-51.3059,1.98114,-5.099733,-18.34306,1,,999,999,-115.874,0
61.493,6160,48,ANG1JUMPERR,0,0,,,51.8374,2.175753,-2.723092,-18.70797,2.611654,,,,,,,,-50.9096,1.78295,-5.026315,-18.26243,1,,999,999,-95.91582,0
61.505,6161,48,ANG1JUMPERR,0,0,,,51.69589,2.263644,-2.723092,-18.70797,2.612553,,,,,,,,-50.81159,2.164023,-5.111903,-18.7605,1,,999,999,-111.2565,0
61.518,6162,48,ANG1JUMPERR,0,0,,,51.55437,2.263644,-2.723092,-18.70797,2.606559,,,,,,,,-50.76536,2.520002,-6.385175,-17.58037,1,,999,999,-94.79839,0
61.53,6163,48,ANG1JUMPERR,0,0,,,51.41701,2.263644,-2.723092,-18.70797,2.597867,,,,,,,,-50.1849,2.453085,-6.192312,-17.8443,1,,999,999,-104.832,0
61.543,6164,48,ANG1JUMPERR,0,0,,,51.27508,2.263644,-2.723092,-18.70797,2.596518,,,,,,,,-51.04935,2.220336,-6.123233,-17.42042,1,,999,999,-95.3563,0
61.555,6165,48,ANG1JUMPERR,0,0,,,51.1373,2.263644,-2.723092,-18.70797,2.59382,,,,,,,,-49.81385,1.953988,-4.856286,-18.49671,1,,999,999,-105.4617,0
61.567,6166,48,ANG1JUMPERR,0,0,,,50.99578,2.263644,-2.723092,-18.70797,2.585129,,,,,,,,-50.35129,1.808281,-4.609251,-18.99646,1,,999,999,-111.2565,0
61.58,6167,48,ANG1JUMPERR,0,0,,,50.85178,2.263644,-2.723092,-18.70797,2.573289,,,,,,,,-49.20454,2.274321,-4.621542,-19.17959,1,,999,999,-98.16514,0
61.592,6168,48,ANG1JUMPERR,0,0,,,50.71151,2.263644,-2.723092,-18.70797,2.568793,,,,,,,,-50.01932,2.29061,-4.486717,-19.48285,1,,999,999,-109.3097,0
61.605,6169,48,ANG1JUMPERR,0,0,,,50.56833,2.263644,-2.723092,-18.70797,2.570442,,,,,,,,-49.02458,2.135463,-5.065203,-17.96839,1,,999,999,-97.03982,0
61.617,6170,48,ANG1JUMPERR,0,0,,,50.42474,2.263644,-2.723092,-18.70797,2.563098,,,,,,,,-49.50492,1.680884,-4.727893,-17.87166,1,,999,999,-114.5434,0
61.629,6171,48,ANG1JUMPERR,0,0,,,50.28572,2.263644,-2.723092,-18.70797,2.553208,,,,,,,,-48.78145,2.253731,-5.07268,-19.08826,1,,999,999,-107.38,0
61.642,6172,48,ANG1JUMPERR,0,0,,,50.14462,2.263644,-2.723092,-18.70797,2.548562,,,,,,,,-49.4181,1.585193,-3.999725,-18.8053,1,,999,999,-94.24213,0
61.654,6173,48,ANG1JUMPERR,0,0,,,50.00311,2.263644,-2.723092,-18.70797,2.542567,,,,,,,,-48.77229,1.062879,-3.8737,-18.94751,1,,999,999,-111.2565,0
61.667,6174,48,ANG1JUMPERR,0,0,,,49.86449,2.263644,-2.723092,-18.70797,2.535524,,,,,,,,-49.3301,1.711729,-5.087914,-18.09899,1,,999,999,-90.94894,0
61.679,6175,48,ANG1JUMPERR,0,0,,,49.72173,2.263644,-2.723092,-18.70797,2.529529,,,,,,,,-48.79374,2.022616,-4.878823,-18.87104,1,,999,999,-113.2265,0
61.691,6176,48,ANG1JUMPERR,0,0,,,49.57856,2.263644,-2.723092,-18.70797,2.524434,,,,,,,,-49.05786,1.436849,-4.185592,-18.33406,1,,999,999,-113.881,0
61.704,6177,48,ANG1JUMPERR,0,0,,,49.43621,2.263644,-2.723092,-18.70797,2.519339,,,,,,,,-48.06973,2.458265,-5.646129,-18.28829,1,,999,999,-95.91582,0
61.716,6178,48,ANG1JUMPERR,0,0,,,49.29262,2.263644,-2.723092,-18.70797,2.515292,,,,,,,,-48.63895,1.959687,-4.880618,-18.28974,1,,999,999,-114.5494,0
61.729,6179,48,ANG1JUMPERR,0,0,,,49.14986,2.263644,-2.723092,-18.70797,2.510797,,,,,,,,-47.49372,1.911251,-4.005753,-19.53339,1,,999,999,-96.47185,0
61.741,6180,48,ANG1JUMPERR,0,0,,,49.01001,2.263644,-2.723092,-18.70797,2.506301,,,,,,,,-48.36718,3.129421,-5.829472,-18.62538,1,,999,999,-108.6626,0
61.753,6181,48,ANG1JUMPERR,0,0,,,48.86849,2.263644,-2.810982,-18.70797,2.502105,,,,,,,,-47.63496,1.775559,-4.139262,-18.45088,1,,999,999,-111.2625,0
61.766,6182,48,ANG1JUMPERR,0,0,,,48.72781,2.263644,-2.810982,-18.70797,2.494911,,,,,,,,-48.19278,1.989365,-4.920869,-17.54814,1,,999,999,-93.6875,0
61.778,6183,48,ANG1JUMPERR,0,0,,,48.58795,2.263644,-2.810982,-18.70797,2.487268,,,,,,,,-47.75901,2.71331,-5.946922,-18.32088,1,,999,999,-108.6685,0
61.791,6184,48,ANG1JUMPERR,0,0,,,48.44602,2.263644,-2.810982,-18.70797,2.480075,,,,,,,,-47.96363,2.049842,-4.995844,-17.89744,1,,999,999,-95.3563,0
61.803,6185,48,ANG1JUMPERR,0,0,,,48.30119,2.263644,-2.810982,-18.70797,2.475579,,,,,,,,-47.08618,2.071277,-4.682889,-18.79281,1,,999,999,-116.536,0
61.816,6186,48,ANG1JUMPERR,0,0,,,48.1576,2.263644,-2.810982,-18.70797,2.472282,,,,,,,,-47.64234,2.018218,-5.609645,-17.15666,1,,999,999,-97.60427,0
61.828,6187,48,ANG1JUMPERR,0,0,,,48.01525,2.263644,-2.810982,-18.70797,2.471533,,,,,,,,-46.5437,2.087026,-5.210984,-18.38321,1,,999,999,-112.5619,0
61.84,6188,48,ANG1JUMPERR,0,0,,,47.87208,2.263644,-2.810982,-18.70797,2.464789,,,,,,,,-47.40768,2.047623,-4.61558,-17.90483,1,,999,999,-113.887,0
61.853,6189,48,ANG1JUMPERR,0,0,,,47.73015,2.263644,-2.898873,-18.70797,2.459094,,,,,,,,-46.2114,2.489553,-5.257831,-18.5405,1,,999,999,-95.3563,0
61.865,6190,48,ANG1JUMPERR,0,0,,,47.59195,2.263644,-2.898873,-18.70797,2.458195,,,,,,,,-46.89605,2.073243,-4.301063,-18.38089,1,,999,999,-106.0993,0
61.878,6191,48,ANG1JUMPERR,0,0,,,47.45002,2.175753,-2.898873,-18.70797,2.455947,,,,,,,,-46.33084,2.623797,-5.606292,-18.51204,1,,999,999,-95.3563,0
61.89,6192,48,ANG1JUMPERR,0,0,,,47.31224,2.175753,-2.898873,-18.70797,2.446656,,,,,,,,-46.64326,2.452884,-4.782607,-18.96143,1,,999,999,-105.4617,0
61.903,6193,48,ANG1JUMPERR,0,0,,,47.17239,2.175753,-2.898873,-18.70797,2.438563,,,,,,,,-45.99356,2.543908,-5.478567,-17.97059,1,,999,999,-92.58822,0
61.915,6194,48,ANG1JUMPERR,0,0,,,47.03129,2.175753,-2.986763,-18.70797,2.432868,,,,,,,,-46.44192,1.907147,-4.995932,-17.39537,1,,999,999,-110.6096,0
61.927,6195,48,ANG1JUMPERR,0,0,,,46.89185,2.175753,-2.986763,-18.70797,2.433018,,,,,,,,-45.71624,2.581828,-5.431567,-18.64946,1,,999,999,-108.0174,0
61.94,6196,48,ANG1JUMPERR,0,0,,,46.75448,2.175753,-2.986763,-18.70797,2.43122,,,,,,,,-46.04655,1.755875,-4.456876,-18.32644,1,,999,999,-89.32431,0
61.952,6197,48,ANG1JUMPERR,0,0,,,46.6138,2.175753,-2.986763,-18.70797,2.423577,,,,,,,,-45.52077,1.715169,-4.454412,-18.20866,1,,999,999,-109.9527,0
61.965,6198,48,ANG1JUMPERR,0,0,,,46.47851,2.087862,-2.986763,-18.70797,2.424176,,,,,,,,-45.44047,1.855973,-4.359113,-18.38683,1,,999,999,-86.64586,0
61.977,6199,48,ANG1JUMPERR,0,0,,,46.34239,2.087862,-2.986763,-18.70797,2.423277,,,,,,,,-45.25461,1.844379,-4.825435,-18.0763,1,,999,999,-102.9367,0
61.989,6200,48,ANG1JUMPERR,0,0,,,46.2071,2.087862,-3.074654,-18.70797,2.41968,,,,,,,,-45.35378,1.608228,-4.35292,-17.94503,1,,999,999,-101.6828,0
62.002,6201,48,ANG1JUMPERR,0,0,,,46.07306,2.087862,-3.074654,-18.70797,2.415184,,,,,,,,-45.30105,1.823964,-4.434484,-18.66347,1,,999,999,-85.05547,0
62.014,6202,48,ANG1JUMPERR,0,0,,,45.94275,2.087862,-3.074654,-18.70797,2.40934,,,,,,,,-45.3482,1.943501,-4.984601,-17.31689,1,,999,999,-94.3373,0
62.027,6203,48,ANG1JUMPERR,0,0,,,45.81202,2.087862,-3.074654,-18.70797,2.405593,,,,,,,,-45.27819,2.022763,-5.490414,-17.90996,1,,999,999,-80.89586,0
62.039,6204,48,ANG1JUMPERR,0,0,,,45.68129,1.999972,-3.074654,-18.70797,2.402596,,,,,,,,-45.33057,1.65344,-4.486027,-17.78816,1,,999,999,-94.94028,0
62.051,6205,48,ANG1JUMPERR,0,0,,,45.54932,1.999972,-3.074654,-18.70797,2.398849,,,,,,,,-44.67898,2.223191,-4.747045,-17.94383,1,,999,999,-96.75522,0
62.064,6206,48,ANG1JUMPERR,0,0,,,45.41777,1.999972,-3.074654,-18.70797,2.399449,,,,,,,,-44.38236,2.023194,-4.458225,-17.83373,1,,999,999,-81.92835,0
62.076,6207,48,ANG1JUMPERR,0,0,,,45.2858,1.999972,-3.162545,-18.70797,2.39765,,,,,,,,-43.90953,2.045408,-4.10386,-18.72962,1,,999,999,-96.75522,0
62.089,6208,48,ANG1JUMPERR,0,0,,,45.15424,1.999972,-3.162545,-18.70797,2.392255,,,,,,,,-44.33672,2.151494,-5.165289,-17.08189,1,,999,999,-81.92362,0
62.101,6209,48,ANG1JUMPERR,0,0,,,45.02518,1.912081,-3.162545,-18.70797,2.386561,,,,,,,,-43.34781,2.027323,-4.578042,-18.15634,1,,999,999,-92.5453,0
62.114,6210,48,ANG1JUMPERR,0,0,,,44.89611,1.912081,-3.162545,-18.70797,2.382065,,,,,,,,-43.87023,1.420426,-4.240693,-17.59683,1,,999,999,-78.8505,0
62.126,6211,48,ANG1JUMPERR,0,0,,,44.76539,1.912081,-3.162545,-18.70797,2.37682,,,,,,,,-43.2815,1.914305,-4.688168,-17.87107,1,,999,999,-94.94028,0
62.138,6212,48,ANG1JUMPERR,0,0,,,44.63591,1.912081,-3.162545,-18.70797,2.366179,,,,,,,,-44.17831,2.066079,-4.544133,-17.52976,1,,999,999,-93.13705,0
62.151,6213,48,ANG1JUMPERR,0,0,,,44.51016,1.82419,-3.162545,-18.70797,2.352092,,,,,,,,-43.45992,1.519069,-3.641543,-19.04787,1,,999,999,-74.85197,0
62.163,6214,48,ANG1JUMPERR,0,0,,,44.3811,1.82419,-3.162545,-18.70797,2.342351,,,,,,,,-44.39068,1.869353,-3.418532,-19.57113,1,,999,999,-92.53984,0
62.176,6215,48,ANG1JUMPERR,0,0,,,44.25162,1.82419,-3.162545,-18.70797,2.341602,,,,,,,,-43.14352,2.059834,-4.117256,-19.27086,1,,999,999,-79.36406,0
62.188,6216,48,ANG1JUMPERR,0,0,,,44.12172,1.82419,-3.162545,-18.70797,2.340403,,,,,,,,-43.60318,2.172575,-4.750369,-18.56747,1,,999,999,-93.73619,0
62.2,6217,48,ANG1JUMPERR,0,0,,,43.991,1.82419,-3.162545,-18.70797,2.338305,,,,,,,,-42.64756,2.022044,-4.538507,-18.70089,1,,999,999,-94.94028,0
62.213,6218,48,ANG1JUMPERR,0,0,,,43.85944,1.7363,-3.162545,-18.70797,2.336506,,,,,,,,-43.41089,2.263023,-4.599185,-18.25729,1,,999,999,-81.92362,0
62.225,6219,48,ANG1JUMPERR,0,0,,,43.72913,1.7363,-3.162545,-18.70797,2.33216,,,,,,,,-42.1509,2.111861,-4.895403,-18.3544,1,,999,999,-94.3373,0
62.238,6220,48,ANG1JUMPERR,0,0,,,43.59924,1.7363,-3.162545,-18.70797,2.325567,,,,,,,,-43.12371,2.198191,-4.840737,-17.95964,1,,999,999,-79.86991,0
62.25,6221,48,ANG1JUMPERR,0,0,,,43.47349,1.7363,-3.162545,-18.70797,2.314926,,,,,,,,-42.03459,1.64422,-3.872504,-18.65891,1,,999,999,-87.84711,0
62.263,6222,48,ANG1JUMPERR,0,0,,,43.34484,1.7363,-3.162545,-18.70797,2.30024,,,,,,,,-42.48756,2.067747,-4.692121,-18.35254,1,,999,999,-78.34325,0
62.275,6223,48,ANG1JUMPERR,0,0,,,43.21744,1.648409,-3.162545,-18.70797,2.290349,,,,,,,,-41.99873,2.010542,-4.685109,-17.98944,1,,999,999,-90.1809,0
62.287,6224,48,ANG1JUMPERR,0,0,,,43.09169,1.648409,-3.162545,-18.70797,2.282706,,,,,,,,-42.6543,2.141252,-4.874541,-17.78593,1,,999,999,-87.8418,0
62.3,6225,48,ANG1JUMPERR,0,0,,,42.96138,1.648409,-3.162545,-18.70797,2.279259,,,,,,,,-42.85703,1.636577,-3.884485,-18.97087,1,,999,999,-80.38206,0
62.312,6226,48,ANG1JUMPERR,0,0,,,42.83149,1.648409,-3.162545,-18.70797,2.274763,,,,,,,,-42.74105,2.191709,-3.595193,-19.77809,1,,999,999,-93.73619,0
62.325,6227,48,ANG1JUMPERR,0,0,,,42.70284,1.648409,-3.162545,-18.70797,2.272965,,,,,,,,-41.86337,1.417923,-3.556758,-18.95676,1,,999,999,-78.3479,0
62.337,6228,48,ANG1JUMPERR,0,0,,,42.57087,1.648409,-3.162545,-18.70797,2.272066,,,,,,,,-41.92362,2.086321,-4.443146,-18.41964,1,,999,999,-96.75522,0
62.35,6229,48,ANG1JUMPERR,0,0,,,42.44098,1.648409,-3.162545,-18.70797,2.273714,,,,,,,,-41.41679,1.896643,-4.927655,-17.87872,1,,999,999,-79.86991,0
62.362,6230,48,ANG1JUMPERR,0,0,,,42.31149,1.560519,-3.162545,-18.70797,2.272215,,,,,,,,-41.39742,1.658099,-4.17558,-18.17758,1,,999,999,-93.14252,0
62.374,6231,48,ANG1JUMPERR,0,0,,,42.1845,1.560519,-3.162545,-18.70797,2.264722,,,,,,,,-41.16691,2.370408,-5.220047,-17.74518,1,,999,999,-89.59325,0
62.387,6232,48,ANG1JUMPERR,0,0,,,42.05668,1.560519,-3.162545,-18.70797,2.257229,,,,,,,,-41.40513,1.511362,-4.227203,-17.46436,1,,999,999,-77.33828,0
62.399,6233,48,ANG1JUMPERR,0,0,,,41.9297,1.560519,-3.162545,-18.70797,2.246739,,,,,,,,-40.84937,1.70926,-3.9963,-18.35822,1,,999,999,-89.58784,0
62.412,6234,48,ANG1JUMPERR,0,0,,,41.80395,1.560519,-3.162545,-18.70797,2.235799,,,,,,,,-41.03951,1.373202,-3.654408,-17.72373,1,,999,999,-74.85197,0
62.424,6235,48,ANG1JUMPERR,0,0,,,41.67696,1.560519,-3.162545,-18.70797,2.224559,,,,,,,,-41.03072,1.819761,-3.826802,-18.82573,1,,999,999,-89.58784,0
62.436,6236,48,ANG1JUMPERR,0,0,,,41.5508,1.560519,-3.162545,-18.70797,2.216916,,,,,,,,-40.99144,1.767253,-3.773259,-18.70011,1,,999,999,-88.42368,0
62.449,6237,48,ANG1JUMPERR,0,0,,,41.42049,1.560519,-3.162545,-18.70797,2.213469,,,,,,,,-40.82198,2.042782,-3.985191,-19.01482,1,,999,999,-80.38206,0
62.461,6238,48,ANG1JUMPERR,0,0,,,41.29433,1.472628,-3.162545,-18.70797,2.217066,,,,,,,,-40.62356,1.235744,-3.45918,-18.45961,1,,999,999,-88.42901,0
62.474,6239,48,ANG1JUMPERR,0,0,,,41.16734,1.472628,-3.162545,-18.70797,2.221712,,,,,,,,-40.19248,2.194097,-4.364723,-18.25855,1,,999,999,-76.33521,0
62.486,6240,48,ANG1JUMPERR,0,0,,,41.03786,1.472628,-3.162545,-18.70797,2.220513,,,,,,,,-40.08327,1.857,-4.542451,-17.79043,1,,999,999,-93.14252,0
62.499,6241,48,ANG1JUMPERR,0,0,,,40.91377,1.472628,-3.162545,-18.70797,2.213469,,,,,,,,-39.78626,1.801847,-4.183319,-18.55973,1,,999,999,-72.88499,0
62.511,6242,48,ANG1JUMPERR,0,0,,,40.79093,1.472628,-3.162545,-18.70797,2.208674,,,,,,,,-39.80782,1.548158,-3.72403,-18.33791,1,,999,999,-83.83268,0
62.523,6243,48,ANG1JUMPERR,0,0,,,40.66768,1.472628,-3.162545,-18.70797,2.203429,,,,,,,,-39.8956,1.677716,-3.844822,-18.56884,1,,999,999,-84.39594,0
62.536,6244,48,ANG1JUMPERR,0,0,,,40.54525,1.472628,-3.162545,-18.70797,2.199532,,,,,,,,-39.33254,1.625356,-3.979134,-18.16186,1,,999,999,-70.94863,0
62.548,6245,48,ANG1JUMPERR,0,0,,,40.42822,1.472628,-3.162545,-18.70797,2.19114,,,,,,,,-39.90713,2.203292,-4.721908,-18.50996,1,,999,999,-76.09043,0
62.561,6246,48,ANG1JUMPERR,0,0,,,40.3087,1.472628,-3.162545,-18.70797,2.182148,,,,,,,,-39.02808,1.893091,-4.234736,-17.65537,1,,999,999,-67.61949,0
62.573,6247,48,ANG1JUMPERR,0,0,,,40.19043,1.472628,-3.162545,-18.70797,2.178851,,,,,,,,-40.56284,1.933225,-4.103284,-18.74909,1,,999,999,-77.71613,0
62.585,6248,48,ANG1JUMPERR,0,0,,,40.07298,1.472628,-3.250435,-18.70797,2.183946,,,,,,,,-39.41098,1.550128,-3.157132,-18.93636,1,,999,999,-76.63208,0
62.598,6249,48,ANG1JUMPERR,0,0,,,39.95429,1.472628,-3.250435,-18.70797,2.192788,,,,,,,,-39.74679,1.445643,-3.126168,-18.82925,1,,999,999,-66.68607,0
62.61,6250,48,ANG1JUMPERR,0,0,,,39.83394,1.472628,-3.250435,-18.70797,2.191739,,,,,,,,-38.32585,1.863356,-3.819298,-18.97003,1,,999,999,-80.46718,0
62.623,6251,48,ANG1JUMPERR,0,0,,,39.71692,1.472628,-3.250435,-18.70797,2.186944,,,,,,,,-38.49562,2.067671,-5.041402,-17.49277,1,,999,999,-64.83022,0
62.635,6252,48,ANG1JUMPERR,0,0,,,39.59988,1.472628,-3.250435,-18.70797,2.1802,,,,,,,,-37.80485,1.641212,-4.028628,-17.95425,1,,999,999,-76.09043,0
62.648,6253,48,ANG1JUMPERR,0,0,,,39.48078,1.472628,-3.250435,-18.70797,2.175105,,,,,,,,-38.57253,1.234092,-4.04821,-17.5543,1,,999,999,-67.15413,0
62.66,6254,48,ANG1JUMPERR,0,0,,,39.36582,1.472628,-3.250435,-18.70797,2.168361,,,,,,,,-37.73304,1.708222,-3.444989,-19.06508,1,,999,999,-73.41589,0
62.672,6255,48,ANG1JUMPERR,0,0,,,39.24962,1.472628,-3.250435,-18.70797,2.156672,,,,,,,,-38.74207,1.647829,-4.150392,-17.86724,1,,999,999,-75.01291,0
62.685,6256,48,ANG1JUMPERR,0,0,,,39.1326,1.472628,-3.250435,-18.70797,2.141236,,,,,,,,-39.04198,1.392332,-3.539247,-19.36404,1,,999,999,-64.83022,0
62.697,6257,48,ANG1JUMPERR,0,0,,,39.01639,1.472628,-3.250435,-18.70797,2.131345,,,,,,,,-39.31898,1.662332,-3.845313,-18.92532,1,,999,999,-75.01783,0
62.71,6258,48,ANG1JUMPERR,0,0,,,38.89936,1.472628,-3.250435,-18.70797,2.129846,,,,,,,,-38.37598,2.029887,-5.049129,-17.89116,1,,999,999,-64.83022,0
62.722,6259,48,ANG1JUMPERR,0,0,,,38.78275,1.472628,-3.250435,-18.70797,2.133293,,,,,,,,-38.05334,2.287095,-5.836447,-16.74256,1,,999,999,-75.5507,0
62.735,6260,48,ANG1JUMPERR,0,0,,,38.66157,1.472628,-3.250435,-18.70797,2.130595,,,,,,,,-38.05072,1.729226,-5.096711,-16.78351,1,,999,999,-69.51456,0
62.747,6261,48,ANG1JUMPERR,0,0,,,38.54495,1.472628,-3.250435,-18.70797,2.126999,,,,,,,,-38.17167,1.334288,-3.948718,-17.46898,1,,999,999,-75.5507,0
62.759,6262,48,ANG1JUMPERR,0,0,,,38.42543,1.472628,-3.250435,-18.70797,2.120255,,,,,,,,-37.20112,1.384201,-3.70056,-18.68367,1,,999,999,-79.359,0
62.772,6263,48,ANG1JUMPERR,0,0,,,38.30758,1.560519,-3.250435,-18.70797,2.11456,,,,,,,,-37.07555,1.736236,-3.892071,-18.88418,1,,999,999,-65.75487,0
62.784,6264,48,ANG1JUMPERR,0,0,,,38.19096,1.560519,-3.250435,-18.70797,2.110664,,,,,,,,-36.57121,1.566704,-4.561199,-17.94634,1,,999,999,-75.5507,0
62.797,6265,48,ANG1JUMPERR,0,0,,,38.0731,1.560519,-3.250435,-18.70797,2.097626,,,,,,,,-36.81966,1.6251,-4.750364,-17.04439,1,,999,999,-65.75912,0
62.809,6266,48,ANG1JUMPERR,0,0,,,37.95648,1.560519,-3.250435,-18.70797,2.080242,,,,,,,,-36.64749,2.261416,-4.650222,-18.12298,1,,999,999,-75.5507,0
62.821,6267,48,ANG1JUMPERR,0,0,,,37.83987,1.560519,-3.250435,-18.70797,2.068852,,,,,,,,-37.32502,1.277306,-3.314772,-18.603,1,,999,999,-75.54577,0
62.834,6268,48,ANG1JUMPERR,0,0,,,37.72533,1.560519,-3.250435,-18.70797,2.06046,,,,,,,,-37.68352,1.666961,-4.040647,-18.03883,1,,999,999,-62.10383,0
62.846,6269,48,ANG1JUMPERR,0,0,,,37.60913,1.560519,-3.250435,-18.70797,2.06031,,,,,,,,-37.90162,1.31309,-2.287879,-20.1238,1,,999,999,-75.01783,0
62.859,6270,48,ANG1JUMPERR,0,0,,,37.49127,1.560519,-3.250435,-18.70797,2.061059,,,,,,,,-37.21233,1.733562,-3.427391,-20.0113,1,,999,999,-65.75487,0
62.871,6271,48,ANG1JUMPERR,0,0,,,37.3759,1.560519,-3.250435,-18.70797,2.061659,,,,,,,,-36.69973,2.143668,-5.053058,-17.91264,1,,999,999,-73.94305,0
62.884,6272,48,ANG1JUMPERR,0,0,,,37.25804,1.560519,-3.250435,-18.70797,2.060909,,,,,,,,-35.84938,1.765585,-4.820938,-17.90279,1,,999,999,-65.75912,0
62.896,6273,48,ANG1JUMPERR,0,0,,,37.14101,1.648409,-3.250435,-18.70797,2.064206,,,,,,,,-36.3231,1.501466,-4.653602,-17.29246,1,,999,999,-76.08547,0
62.908,6274,48,ANG1JUMPERR,0,0,,,37.02356,1.648409,-3.250435,-18.70797,2.067503,,,,,,,,-35.73705,1.720964,-4.437588,-18.01364,1,,999,999,-76.63208,0
62.921,6275,48,ANG1JUMPERR,0,0,,,36.90529,1.648409,-3.162545,-18.70797,2.064056,,,,,,,,-36.30919,1.442957,-3.625744,-18.75966,1,,999,999,-66.21966,0
62.933,6276,48,ANG1JUMPERR,0,0,,,36.79033,1.648409,-3.162545,-18.70797,2.054016,,,,,,,,-35.59423,1.357301,-3.068646,-19.58951,1,,999,999,-73.41589,0
62.946,6277,48,ANG1JUMPERR,0,0,,,36.67496,1.648409,-3.162545,-18.70797,2.043226,,,,,,,,-35.82669,1.579096,-3.8923,-18.65627,1,,999,999,-63.00473,0
62.958,6278,48,ANG1JUMPERR,0,0,,,36.55835,1.648409,-3.162545,-18.70797,2.02794,,,,,,,,-35.19252,2.034427,-4.418261,-18.76122,1,,999,999,-75.5507,0
62.97,6279,48,ANG1JUMPERR,0,0,,,36.4409,1.648409,-3.162545,-18.70797,2.018198,,,,,,,,-35.76105,1.883823,-4.719269,-17.82242,1,,999,999,-76.63208,0
62.983,6280,48,ANG1JUMPERR,0,0,,,36.32304,1.648409,-3.162545,-18.70797,2.011754,,,,,,,,-36.01737,1.191691,-3.68936,-18.63283,1,,999,999,-65.75487,0
62.995,6281,48,ANG1JUMPERR,0,0,,,36.20892,1.648409,-3.162545,-18.70797,2.008457,,,,,,,,-36.62394,1.746703,-3.463872,-19.19654,1,,999,999,-72.35753,0
63.008,6282,48,ANG1JUMPERR,0,0,,,36.09147,1.648409,-3.162545,-18.70797,2.003662,,,,,,,,-35.54894,1.886305,-4.017496,-18.70501,1,,999,999,-65.29597,0
63.02,6283,48,ANG1JUMPERR,0,0,,,35.97527,1.648409,-3.162545,-18.70797,2.006209,,,,,,,,-35.48313,1.634632,-4.386163,-18.0278,1,,999,999,-75.01291,0
63.033,6284,48,ANG1JUMPERR,0,0,,,35.85991,1.7363,-3.162545,-18.70797,2.008907,,,,,,,,-34.99675,1.746595,-4.671082,-17.47768,1,,999,999,-63.00473,0
63.045,6285,48,ANG1JUMPERR,0,0,,,35.74453,1.7363,-3.162545,-18.70797,2.012354,,,,,,,,-35.15591,1.580289,-4.000973,-18.22562,1,,999,999,-73.94794,0
63.057,6286,48,ANG1JUMPERR,0,0,,,35.62916,1.7363,-3.162545,-18.70797,2.007408,,,,,,,,-34.50203,1.840402,-3.83103,-19.09809,1,,999,999,-73.94794,0
63.07,6287,48,ANG1JUMPERR,0,0,,,35.51379,1.7363,-3.162545,-18.70797,1.99527,,,,,,,,-34.43126,1.287329,-3.807318,-18.36786,1,,999,999,-63.00473,0
63.082,6288,48,ANG1JUMPERR,0,0,,,35.4005,1.7363,-3.162545,-18.70797,1.983281,,,,,,,,-33.5959,1.714118,-4.476467,-18.18735,1,,999,999,-71.31166,0
63.095,6289,48,ANG1JUMPERR,0,0,,,35.28637,1.7363,-3.162545,-18.70797,1.972041,,,,,,,,-34.46629,1.723424,-3.848205,-18.91035,1,,999,999,-61.65376,0
63.107,6290,48,ANG1JUMPERR,0,0,,,35.1764,1.7363,-3.162545,-18.70797,1.964398,,,,,,,,-33.94955,2.02792,-4.76924,-17.5766,1,,999,999,-67.19034,0
63.12,6291,48,ANG1JUMPERR,0,0,,,35.06393,1.7363,-3.162545,-18.70797,1.954657,,,,,,,,-34.91105,1.785702,-3.762352,-19.03101,1,,999,999,-59.87386,0
63.132,6292,48,ANG1JUMPERR,0,0,,,34.95147,1.7363,-3.162545,-18.70797,1.945965,,,,,,,,-35.21636,1.65756,-3.564503,-19.23082,1,,999,999,-70.26863,0
63.144,6293,48,ANG1JUMPERR,0,0,,,34.84191,1.7363,-3.162545,-18.70797,1.939521,,,,,,,,-35.21203,1.092016,-2.752298,-19.43513,1,,999,999,-66.68786,0
63.157,6294,48,ANG1JUMPERR,0,0,,,34.72986,1.7363,-3.162545,-18.70797,1.937572,,,,,,,,-34.38639,1.734674,-3.980091,-19.18633,1,,999,999,-59.43196,0
63.169,6295,48,ANG1JUMPERR,0,0,,,34.61947,1.7363,-3.162545,-18.70797,1.945665,,,,,,,,-34.58181,1.882044,-4.256851,-18.67471,1,,999,999,-67.69938,0
63.182,6296,48,ANG1JUMPERR,0,0,,,34.5124,1.7363,-3.162545,-18.70797,1.955406,,,,,,,,-33.75445,2.019207,-4.456555,-18.47994,1,,999,999,-54.26833,0
63.194,6297,48,ANG1JUMPERR,0,0,,,34.40574,1.7363,-3.162545,-18.70797,1.957804,,,,,,,,-33.34903,1.677214,-4.12341,-18.55897,1,,999,999,-63.1962,0
63.206,6298,48,ANG1JUMPERR,0,0,,,34.29868,1.7363,-3.162545,-18.70797,1.954357,,,,,,,,-33.54112,2.022554,-4.427828,-18.37124,1,,999,999,-63.68537,0
